Thu 04 Sep 2025 03:00:01 PM PDT - Started Downloading images
Thu 04 Sep 2025 03:00:01 PM PDT - Completed downloading images
~~~~~~~~~~~~~~~~~~~~~~~~~~~~~~~~~~~~~~~~~~~~~~~~~
Thu 04 Sep 2025 03:20:59 PM PDT - Started Downloading images
Thu 04 Sep 2025 03:25:16 PM PDT - Completed downloading images
~~~~~~~~~~~~~~~~~~~~~~~~~~~~~~~~~~~~~~~~~~~~~~~~~
Thu 04 Sep 2025 03:30:01 PM PDT - Started Downloading images
Thu 04 Sep 2025 03:30:02 PM PDT - Completed downloading images
~~~~~~~~~~~~~~~~~~~~~~~~~~~~~~~~~~~~~~~~~~~~~~~~~
Thu 04 Sep 2025 04:00:01 PM PDT - Started Downloading images
Thu 04 Sep 2025 04:00:01 PM PDT - Completed downloading images
~~~~~~~~~~~~~~~~~~~~~~~~~~~~~~~~~~~~~~~~~~~~~~~~~
Thu 04 Sep 2025 04:30:01 PM PDT - Started Downloading images
Thu 04 Sep 2025 04:30:02 PM PDT - Completed downloading images
~~~~~~~~~~~~~~~~~~~~~~~~~~~~~~~~~~~~~~~~~~~~~~~~~
Thu 04 Sep 2025 05:00:01 PM PDT - Started Downloading images
Thu 04 Sep 2025 05:00:01 PM PDT - Completed downloading images
~~~~~~~~~~~~~~~~~~~~~~~~~~~~~~~~~~~~~~~~~~~~~~~~~
Thu 04 Sep 2025 05:30:01 PM PDT - Started Downloading images
Thu 04 Sep 2025 05:30:02 PM PDT - Completed downloading images
~~~~~~~~~~~~~~~~~~~~~~~~~~~~~~~~~~~~~~~~~~~~~~~~~
Thu 04 Sep 2025 06:00:01 PM PDT - Started Downloading images
Thu 04 Sep 2025 06:00:01 PM PDT - Completed downloading images
~~~~~~~~~~~~~~~~~~~~~~~~~~~~~~~~~~~~~~~~~~~~~~~~~
Thu 04 Sep 2025 06:30:01 PM PDT - Started Downloading images
Thu 04 Sep 2025 06:30:02 PM PDT - Completed downloading images
~~~~~~~~~~~~~~~~~~~~~~~~~~~~~~~~~~~~~~~~~~~~~~~~~
Thu 04 Sep 2025 07:00:01 PM PDT - Started Downloading images
Thu 04 Sep 2025 07:00:01 PM PDT - Completed downloading images
~~~~~~~~~~~~~~~~~~~~~~~~~~~~~~~~~~~~~~~~~~~~~~~~~
Thu 04 Sep 2025 07:30:01 PM PDT - Started Downloading images
Thu 04 Sep 2025 07:30:02 PM PDT - Completed downloading images
~~~~~~~~~~~~~~~~~~~~~~~~~~~~~~~~~~~~~~~~~~~~~~~~~
Thu 04 Sep 2025 08:00:01 PM PDT - Started Downloading images
Thu 04 Sep 2025 08:00:01 PM PDT - Completed downloading images
~~~~~~~~~~~~~~~~~~~~~~~~~~~~~~~~~~~~~~~~~~~~~~~~~
Thu 04 Sep 2025 08:30:01 PM PDT - Started Downloading images
Thu 04 Sep 2025 08:30:02 PM PDT - Completed downloading images
~~~~~~~~~~~~~~~~~~~~~~~~~~~~~~~~~~~~~~~~~~~~~~~~~
Thu 04 Sep 2025 09:00:01 PM PDT - Started Downloading images
Thu 04 Sep 2025 09:00:01 PM PDT - Completed downloading images
~~~~~~~~~~~~~~~~~~~~~~~~~~~~~~~~~~~~~~~~~~~~~~~~~
Thu 04 Sep 2025 09:30:01 PM PDT - Started Downloading images
Thu 04 Sep 2025 09:30:02 PM PDT - Completed downloading images
~~~~~~~~~~~~~~~~~~~~~~~~~~~~~~~~~~~~~~~~~~~~~~~~~
Thu 04 Sep 2025 10:00:01 PM PDT - Started Downloading images
Thu 04 Sep 2025 10:00:01 PM PDT - Completed downloading images
~~~~~~~~~~~~~~~~~~~~~~~~~~~~~~~~~~~~~~~~~~~~~~~~~
Thu 04 Sep 2025 10:30:01 PM PDT - Started Downloading images
Thu 04 Sep 2025 10:30:02 PM PDT - Completed downloading images
~~~~~~~~~~~~~~~~~~~~~~~~~~~~~~~~~~~~~~~~~~~~~~~~~
Thu 04 Sep 2025 11:00:01 PM PDT - Started Downloading images
Thu 04 Sep 2025 11:00:01 PM PDT - Completed downloading images
~~~~~~~~~~~~~~~~~~~~~~~~~~~~~~~~~~~~~~~~~~~~~~~~~
Thu 04 Sep 2025 11:30:01 PM PDT - Started Downloading images
Thu 04 Sep 2025 11:30:02 PM PDT - Completed downloading images
~~~~~~~~~~~~~~~~~~~~~~~~~~~~~~~~~~~~~~~~~~~~~~~~~
Fri 05 Sep 2025 12:00:01 AM PDT - Started Downloading images
Fri 05 Sep 2025 12:00:01 AM PDT - Completed downloading images
~~~~~~~~~~~~~~~~~~~~~~~~~~~~~~~~~~~~~~~~~~~~~~~~~
Fri 05 Sep 2025 12:30:01 AM PDT - Started Downloading images
Fri 05 Sep 2025 12:30:02 AM PDT - Completed downloading images
~~~~~~~~~~~~~~~~~~~~~~~~~~~~~~~~~~~~~~~~~~~~~~~~~
Fri 05 Sep 2025 01:00:01 AM PDT - Started Downloading images
Fri 05 Sep 2025 01:00:01 AM PDT - Completed downloading images
~~~~~~~~~~~~~~~~~~~~~~~~~~~~~~~~~~~~~~~~~~~~~~~~~
Fri 05 Sep 2025 01:30:02 AM PDT - Started Downloading images
Fri 05 Sep 2025 01:30:02 AM PDT - Completed downloading images
~~~~~~~~~~~~~~~~~~~~~~~~~~~~~~~~~~~~~~~~~~~~~~~~~
Fri 05 Sep 2025 02:00:01 AM PDT - Started Downloading images
Fri 05 Sep 2025 02:00:02 AM PDT - Completed downloading images
~~~~~~~~~~~~~~~~~~~~~~~~~~~~~~~~~~~~~~~~~~~~~~~~~
Fri 05 Sep 2025 02:30:01 AM PDT - Started Downloading images
Fri 05 Sep 2025 02:30:01 AM PDT - Completed downloading images
~~~~~~~~~~~~~~~~~~~~~~~~~~~~~~~~~~~~~~~~~~~~~~~~~
Fri 05 Sep 2025 03:00:01 AM PDT - Started Downloading images
Fri 05 Sep 2025 03:00:02 AM PDT - Completed downloading images
~~~~~~~~~~~~~~~~~~~~~~~~~~~~~~~~~~~~~~~~~~~~~~~~~
Fri 05 Sep 2025 03:30:01 AM PDT - Started Downloading images
Fri 05 Sep 2025 03:30:01 AM PDT - Completed downloading images
~~~~~~~~~~~~~~~~~~~~~~~~~~~~~~~~~~~~~~~~~~~~~~~~~
Fri 05 Sep 2025 04:00:02 AM PDT - Started Downloading images
Fri 05 Sep 2025 04:00:02 AM PDT - Completed downloading images
~~~~~~~~~~~~~~~~~~~~~~~~~~~~~~~~~~~~~~~~~~~~~~~~~
Fri 05 Sep 2025 04:30:01 AM PDT - Started Downloading images
Fri 05 Sep 2025 04:30:01 AM PDT - Completed downloading images
~~~~~~~~~~~~~~~~~~~~~~~~~~~~~~~~~~~~~~~~~~~~~~~~~
Fri 05 Sep 2025 05:00:02 AM PDT - Started Downloading images
Fri 05 Sep 2025 05:00:02 AM PDT - Completed downloading images
~~~~~~~~~~~~~~~~~~~~~~~~~~~~~~~~~~~~~~~~~~~~~~~~~
Fri 05 Sep 2025 05:30:01 AM PDT - Started Downloading images
Fri 05 Sep 2025 05:30:02 AM PDT - Completed downloading images
~~~~~~~~~~~~~~~~~~~~~~~~~~~~~~~~~~~~~~~~~~~~~~~~~
Fri 05 Sep 2025 06:00:01 AM PDT - Started Downloading images
Fri 05 Sep 2025 06:00:01 AM PDT - Completed downloading images
~~~~~~~~~~~~~~~~~~~~~~~~~~~~~~~~~~~~~~~~~~~~~~~~~
Fri 05 Sep 2025 06:30:01 AM PDT - Started Downloading images
Fri 05 Sep 2025 06:30:01 AM PDT - Completed downloading images
~~~~~~~~~~~~~~~~~~~~~~~~~~~~~~~~~~~~~~~~~~~~~~~~~
Fri 05 Sep 2025 07:00:01 AM PDT - Started Downloading images
Fri 05 Sep 2025 07:00:01 AM PDT - Completed downloading images
~~~~~~~~~~~~~~~~~~~~~~~~~~~~~~~~~~~~~~~~~~~~~~~~~
Fri 05 Sep 2025 07:30:01 AM PDT - Started Downloading images
Fri 05 Sep 2025 07:30:01 AM PDT - Completed downloading images
~~~~~~~~~~~~~~~~~~~~~~~~~~~~~~~~~~~~~~~~~~~~~~~~~
Fri 05 Sep 2025 08:00:01 AM PDT - Started Downloading images
Fri 05 Sep 2025 08:00:01 AM PDT - Completed downloading images
~~~~~~~~~~~~~~~~~~~~~~~~~~~~~~~~~~~~~~~~~~~~~~~~~
Fri 05 Sep 2025 08:30:01 AM PDT - Started Downloading images
Fri 05 Sep 2025 08:30:01 AM PDT - Completed downloading images
~~~~~~~~~~~~~~~~~~~~~~~~~~~~~~~~~~~~~~~~~~~~~~~~~
Fri 05 Sep 2025 09:00:01 AM PDT - Started Downloading images
Fri 05 Sep 2025 09:00:01 AM PDT - Completed downloading images
~~~~~~~~~~~~~~~~~~~~~~~~~~~~~~~~~~~~~~~~~~~~~~~~~
Fri 05 Sep 2025 09:30:01 AM PDT - Started Downloading images
Fri 05 Sep 2025 09:30:01 AM PDT - Completed downloading images
~~~~~~~~~~~~~~~~~~~~~~~~~~~~~~~~~~~~~~~~~~~~~~~~~
Fri 05 Sep 2025 10:00:01 AM PDT - Started Downloading images
Fri 05 Sep 2025 10:00:02 AM PDT - Completed downloading images
~~~~~~~~~~~~~~~~~~~~~~~~~~~~~~~~~~~~~~~~~~~~~~~~~
Fri 05 Sep 2025 10:30:01 AM PDT - Started Downloading images
Fri 05 Sep 2025 10:30:01 AM PDT - Completed downloading images
~~~~~~~~~~~~~~~~~~~~~~~~~~~~~~~~~~~~~~~~~~~~~~~~~
Fri 05 Sep 2025 11:00:01 AM PDT - Started Downloading images
Fri 05 Sep 2025 11:00:02 AM PDT - Completed downloading images
~~~~~~~~~~~~~~~~~~~~~~~~~~~~~~~~~~~~~~~~~~~~~~~~~
Fri 05 Sep 2025 11:30:01 AM PDT - Started Downloading images
Fri 05 Sep 2025 11:30:01 AM PDT - Completed downloading images
~~~~~~~~~~~~~~~~~~~~~~~~~~~~~~~~~~~~~~~~~~~~~~~~~
Fri 05 Sep 2025 12:00:01 PM PDT - Started Downloading images
Fri 05 Sep 2025 12:00:02 PM PDT - Completed downloading images
~~~~~~~~~~~~~~~~~~~~~~~~~~~~~~~~~~~~~~~~~~~~~~~~~
Fri 05 Sep 2025 12:30:01 PM PDT - Started Downloading images
Fri 05 Sep 2025 12:30:01 PM PDT - Completed downloading images
~~~~~~~~~~~~~~~~~~~~~~~~~~~~~~~~~~~~~~~~~~~~~~~~~
Fri 05 Sep 2025 01:00:01 PM PDT - Started Downloading images
Fri 05 Sep 2025 01:00:02 PM PDT - Completed downloading images
~~~~~~~~~~~~~~~~~~~~~~~~~~~~~~~~~~~~~~~~~~~~~~~~~
Fri 05 Sep 2025 01:30:01 PM PDT - Started Downloading images
Fri 05 Sep 2025 01:30:01 PM PDT - Completed downloading images
~~~~~~~~~~~~~~~~~~~~~~~~~~~~~~~~~~~~~~~~~~~~~~~~~
Fri 05 Sep 2025 02:00:01 PM PDT - Started Downloading images
Fri 05 Sep 2025 02:00:02 PM PDT - Completed downloading images
~~~~~~~~~~~~~~~~~~~~~~~~~~~~~~~~~~~~~~~~~~~~~~~~~
Fri 05 Sep 2025 02:30:01 PM PDT - Started Downloading images
Fri 05 Sep 2025 02:30:01 PM PDT - Completed downloading images
~~~~~~~~~~~~~~~~~~~~~~~~~~~~~~~~~~~~~~~~~~~~~~~~~
Fri 05 Sep 2025 03:00:01 PM PDT - Started Downloading images
Fri 05 Sep 2025 03:00:02 PM PDT - Completed downloading images
~~~~~~~~~~~~~~~~~~~~~~~~~~~~~~~~~~~~~~~~~~~~~~~~~
Fri 05 Sep 2025 03:30:01 PM PDT - Started Downloading images
Fri 05 Sep 2025 03:30:01 PM PDT - Completed downloading images
~~~~~~~~~~~~~~~~~~~~~~~~~~~~~~~~~~~~~~~~~~~~~~~~~
Fri 05 Sep 2025 04:00:01 PM PDT - Started Downloading images
Fri 05 Sep 2025 04:00:02 PM PDT - Completed downloading images
~~~~~~~~~~~~~~~~~~~~~~~~~~~~~~~~~~~~~~~~~~~~~~~~~
Fri 05 Sep 2025 04:30:01 PM PDT - Started Downloading images
Fri 05 Sep 2025 04:30:01 PM PDT - Completed downloading images
~~~~~~~~~~~~~~~~~~~~~~~~~~~~~~~~~~~~~~~~~~~~~~~~~
Fri 05 Sep 2025 05:00:01 PM PDT - Started Downloading images
Fri 05 Sep 2025 05:00:02 PM PDT - Completed downloading images
~~~~~~~~~~~~~~~~~~~~~~~~~~~~~~~~~~~~~~~~~~~~~~~~~
Fri 05 Sep 2025 05:30:01 PM PDT - Started Downloading images
Fri 05 Sep 2025 05:30:01 PM PDT - Completed downloading images
~~~~~~~~~~~~~~~~~~~~~~~~~~~~~~~~~~~~~~~~~~~~~~~~~
Fri 05 Sep 2025 06:00:01 PM PDT - Started Downloading images
Fri 05 Sep 2025 06:00:01 PM PDT - Completed downloading images
~~~~~~~~~~~~~~~~~~~~~~~~~~~~~~~~~~~~~~~~~~~~~~~~~
Fri 05 Sep 2025 06:30:01 PM PDT - Started Downloading images
Fri 05 Sep 2025 06:30:01 PM PDT - Completed downloading images
~~~~~~~~~~~~~~~~~~~~~~~~~~~~~~~~~~~~~~~~~~~~~~~~~
Fri 05 Sep 2025 07:00:01 PM PDT - Started Downloading images
Fri 05 Sep 2025 07:00:01 PM PDT - Completed downloading images
~~~~~~~~~~~~~~~~~~~~~~~~~~~~~~~~~~~~~~~~~~~~~~~~~
Fri 05 Sep 2025 07:30:01 PM PDT - Started Downloading images
Fri 05 Sep 2025 07:30:02 PM PDT - Completed downloading images
~~~~~~~~~~~~~~~~~~~~~~~~~~~~~~~~~~~~~~~~~~~~~~~~~
Fri 05 Sep 2025 08:00:01 PM PDT - Started Downloading images
Fri 05 Sep 2025 08:00:01 PM PDT - Completed downloading images
~~~~~~~~~~~~~~~~~~~~~~~~~~~~~~~~~~~~~~~~~~~~~~~~~
Fri 05 Sep 2025 08:30:01 PM PDT - Started Downloading images
Fri 05 Sep 2025 08:30:02 PM PDT - Completed downloading images
~~~~~~~~~~~~~~~~~~~~~~~~~~~~~~~~~~~~~~~~~~~~~~~~~
Fri 05 Sep 2025 09:00:01 PM PDT - Started Downloading images
Fri 05 Sep 2025 09:00:01 PM PDT - Completed downloading images
~~~~~~~~~~~~~~~~~~~~~~~~~~~~~~~~~~~~~~~~~~~~~~~~~
Fri 05 Sep 2025 09:30:01 PM PDT - Started Downloading images
Fri 05 Sep 2025 09:30:02 PM PDT - Completed downloading images
~~~~~~~~~~~~~~~~~~~~~~~~~~~~~~~~~~~~~~~~~~~~~~~~~
Fri 05 Sep 2025 10:00:01 PM PDT - Started Downloading images
Fri 05 Sep 2025 10:00:01 PM PDT - Completed downloading images
~~~~~~~~~~~~~~~~~~~~~~~~~~~~~~~~~~~~~~~~~~~~~~~~~
Fri 05 Sep 2025 10:30:01 PM PDT - Started Downloading images
Fri 05 Sep 2025 10:30:02 PM PDT - Completed downloading images
~~~~~~~~~~~~~~~~~~~~~~~~~~~~~~~~~~~~~~~~~~~~~~~~~
Fri 05 Sep 2025 11:00:01 PM PDT - Started Downloading images
Fri 05 Sep 2025 11:00:01 PM PDT - Completed downloading images
~~~~~~~~~~~~~~~~~~~~~~~~~~~~~~~~~~~~~~~~~~~~~~~~~
Fri 05 Sep 2025 11:30:01 PM PDT - Started Downloading images
Fri 05 Sep 2025 11:30:02 PM PDT - Completed downloading images
~~~~~~~~~~~~~~~~~~~~~~~~~~~~~~~~~~~~~~~~~~~~~~~~~
Sat 06 Sep 2025 12:00:01 AM PDT - Started Downloading images
Sat 06 Sep 2025 12:00:01 AM PDT - Completed downloading images
~~~~~~~~~~~~~~~~~~~~~~~~~~~~~~~~~~~~~~~~~~~~~~~~~
Sat 06 Sep 2025 12:30:01 AM PDT - Started Downloading images
Sat 06 Sep 2025 12:30:02 AM PDT - Completed downloading images
~~~~~~~~~~~~~~~~~~~~~~~~~~~~~~~~~~~~~~~~~~~~~~~~~
Sat 06 Sep 2025 01:00:01 AM PDT - Started Downloading images
Sat 06 Sep 2025 01:00:01 AM PDT - Completed downloading images
~~~~~~~~~~~~~~~~~~~~~~~~~~~~~~~~~~~~~~~~~~~~~~~~~
Sat 06 Sep 2025 01:30:01 AM PDT - Started Downloading images
Sat 06 Sep 2025 01:30:01 AM PDT - Completed downloading images
~~~~~~~~~~~~~~~~~~~~~~~~~~~~~~~~~~~~~~~~~~~~~~~~~
Sat 06 Sep 2025 02:00:01 AM PDT - Started Downloading images
Sat 06 Sep 2025 02:00:02 AM PDT - Completed downloading images
~~~~~~~~~~~~~~~~~~~~~~~~~~~~~~~~~~~~~~~~~~~~~~~~~
Sat 06 Sep 2025 02:30:01 AM PDT - Started Downloading images
Sat 06 Sep 2025 02:30:01 AM PDT - Completed downloading images
~~~~~~~~~~~~~~~~~~~~~~~~~~~~~~~~~~~~~~~~~~~~~~~~~
Sat 06 Sep 2025 03:00:01 AM PDT - Started Downloading images
Sat 06 Sep 2025 03:00:02 AM PDT - Completed downloading images
~~~~~~~~~~~~~~~~~~~~~~~~~~~~~~~~~~~~~~~~~~~~~~~~~
Sat 06 Sep 2025 03:30:01 AM PDT - Started Downloading images
Sat 06 Sep 2025 03:30:02 AM PDT - Completed downloading images
~~~~~~~~~~~~~~~~~~~~~~~~~~~~~~~~~~~~~~~~~~~~~~~~~
Sat 06 Sep 2025 04:00:01 AM PDT - Started Downloading images
Sat 06 Sep 2025 04:00:01 AM PDT - Completed downloading images
~~~~~~~~~~~~~~~~~~~~~~~~~~~~~~~~~~~~~~~~~~~~~~~~~
Sat 06 Sep 2025 04:30:01 AM PDT - Started Downloading images
Sat 06 Sep 2025 04:30:02 AM PDT - Completed downloading images
~~~~~~~~~~~~~~~~~~~~~~~~~~~~~~~~~~~~~~~~~~~~~~~~~
Sat 06 Sep 2025 05:00:01 AM PDT - Started Downloading images
Sat 06 Sep 2025 05:00:01 AM PDT - Completed downloading images
~~~~~~~~~~~~~~~~~~~~~~~~~~~~~~~~~~~~~~~~~~~~~~~~~
Sat 06 Sep 2025 05:30:01 AM PDT - Started Downloading images
Sat 06 Sep 2025 05:30:02 AM PDT - Completed downloading images
~~~~~~~~~~~~~~~~~~~~~~~~~~~~~~~~~~~~~~~~~~~~~~~~~
Sat 06 Sep 2025 06:00:01 AM PDT - Started Downloading images
Sat 06 Sep 2025 06:00:01 AM PDT - Completed downloading images
~~~~~~~~~~~~~~~~~~~~~~~~~~~~~~~~~~~~~~~~~~~~~~~~~
Sat 06 Sep 2025 06:30:01 AM PDT - Started Downloading images
Sat 06 Sep 2025 06:30:01 AM PDT - Completed downloading images
~~~~~~~~~~~~~~~~~~~~~~~~~~~~~~~~~~~~~~~~~~~~~~~~~
Sat 06 Sep 2025 07:00:01 AM PDT - Started Downloading images
Sat 06 Sep 2025 07:00:02 AM PDT - Completed downloading images
~~~~~~~~~~~~~~~~~~~~~~~~~~~~~~~~~~~~~~~~~~~~~~~~~
Sat 06 Sep 2025 07:30:01 AM PDT - Started Downloading images
Sat 06 Sep 2025 07:30:01 AM PDT - Completed downloading images
~~~~~~~~~~~~~~~~~~~~~~~~~~~~~~~~~~~~~~~~~~~~~~~~~
Sat 06 Sep 2025 08:00:01 AM PDT - Started Downloading images
Sat 06 Sep 2025 08:00:02 AM PDT - Completed downloading images
~~~~~~~~~~~~~~~~~~~~~~~~~~~~~~~~~~~~~~~~~~~~~~~~~
Sat 06 Sep 2025 08:30:01 AM PDT - Started Downloading images
Sat 06 Sep 2025 08:30:01 AM PDT - Completed downloading images
~~~~~~~~~~~~~~~~~~~~~~~~~~~~~~~~~~~~~~~~~~~~~~~~~
Sat 06 Sep 2025 09:00:01 AM PDT - Started Downloading images
Sat 06 Sep 2025 09:00:02 AM PDT - Completed downloading images
~~~~~~~~~~~~~~~~~~~~~~~~~~~~~~~~~~~~~~~~~~~~~~~~~
Sat 06 Sep 2025 09:30:01 AM PDT - Started Downloading images
Sat 06 Sep 2025 09:30:01 AM PDT - Completed downloading images
~~~~~~~~~~~~~~~~~~~~~~~~~~~~~~~~~~~~~~~~~~~~~~~~~
Sat 06 Sep 2025 10:00:01 AM PDT - Started Downloading images
Sat 06 Sep 2025 10:00:02 AM PDT - Completed downloading images
~~~~~~~~~~~~~~~~~~~~~~~~~~~~~~~~~~~~~~~~~~~~~~~~~
Sat 06 Sep 2025 10:30:01 AM PDT - Started Downloading images
Sat 06 Sep 2025 10:30:01 AM PDT - Completed downloading images
~~~~~~~~~~~~~~~~~~~~~~~~~~~~~~~~~~~~~~~~~~~~~~~~~
Sat 06 Sep 2025 11:00:01 AM PDT - Started Downloading images
Sat 06 Sep 2025 11:00:02 AM PDT - Completed downloading images
~~~~~~~~~~~~~~~~~~~~~~~~~~~~~~~~~~~~~~~~~~~~~~~~~
Sat 06 Sep 2025 11:30:01 AM PDT - Started Downloading images
Sat 06 Sep 2025 11:30:01 AM PDT - Completed downloading images
~~~~~~~~~~~~~~~~~~~~~~~~~~~~~~~~~~~~~~~~~~~~~~~~~
Sat 06 Sep 2025 12:00:01 PM PDT - Started Downloading images
Sat 06 Sep 2025 12:00:02 PM PDT - Completed downloading images
~~~~~~~~~~~~~~~~~~~~~~~~~~~~~~~~~~~~~~~~~~~~~~~~~
Sat 06 Sep 2025 12:30:01 PM PDT - Started Downloading images
Sat 06 Sep 2025 12:30:01 PM PDT - Completed downloading images
~~~~~~~~~~~~~~~~~~~~~~~~~~~~~~~~~~~~~~~~~~~~~~~~~
Sat 06 Sep 2025 01:00:01 PM PDT - Started Downloading images
Sat 06 Sep 2025 01:00:02 PM PDT - Completed downloading images
~~~~~~~~~~~~~~~~~~~~~~~~~~~~~~~~~~~~~~~~~~~~~~~~~
Sat 06 Sep 2025 01:30:01 PM PDT - Started Downloading images
Sat 06 Sep 2025 01:30:01 PM PDT - Completed downloading images
~~~~~~~~~~~~~~~~~~~~~~~~~~~~~~~~~~~~~~~~~~~~~~~~~
Sat 06 Sep 2025 02:00:01 PM PDT - Started Downloading images
Sat 06 Sep 2025 02:00:02 PM PDT - Completed downloading images
~~~~~~~~~~~~~~~~~~~~~~~~~~~~~~~~~~~~~~~~~~~~~~~~~
Sat 06 Sep 2025 02:30:01 PM PDT - Started Downloading images
Sat 06 Sep 2025 02:30:01 PM PDT - Completed downloading images
~~~~~~~~~~~~~~~~~~~~~~~~~~~~~~~~~~~~~~~~~~~~~~~~~
Sat 06 Sep 2025 03:00:01 PM PDT - Started Downloading images
Sat 06 Sep 2025 03:00:02 PM PDT - Completed downloading images
~~~~~~~~~~~~~~~~~~~~~~~~~~~~~~~~~~~~~~~~~~~~~~~~~
Sat 06 Sep 2025 03:30:01 PM PDT - Started Downloading images
Sat 06 Sep 2025 03:30:01 PM PDT - Completed downloading images
~~~~~~~~~~~~~~~~~~~~~~~~~~~~~~~~~~~~~~~~~~~~~~~~~
Sat 06 Sep 2025 04:00:01 PM PDT - Started Downloading images
Sat 06 Sep 2025 04:00:02 PM PDT - Completed downloading images
~~~~~~~~~~~~~~~~~~~~~~~~~~~~~~~~~~~~~~~~~~~~~~~~~
Sat 06 Sep 2025 04:30:01 PM PDT - Started Downloading images
Sat 06 Sep 2025 04:30:01 PM PDT - Completed downloading images
~~~~~~~~~~~~~~~~~~~~~~~~~~~~~~~~~~~~~~~~~~~~~~~~~
Sat 06 Sep 2025 05:00:01 PM PDT - Started Downloading images
Sat 06 Sep 2025 05:00:02 PM PDT - Completed downloading images
~~~~~~~~~~~~~~~~~~~~~~~~~~~~~~~~~~~~~~~~~~~~~~~~~
Sat 06 Sep 2025 05:30:01 PM PDT - Started Downloading images
Sat 06 Sep 2025 05:30:01 PM PDT - Completed downloading images
~~~~~~~~~~~~~~~~~~~~~~~~~~~~~~~~~~~~~~~~~~~~~~~~~
Sat 06 Sep 2025 06:00:02 PM PDT - Started Downloading images
Sat 06 Sep 2025 06:00:02 PM PDT - Completed downloading images
~~~~~~~~~~~~~~~~~~~~~~~~~~~~~~~~~~~~~~~~~~~~~~~~~
Sat 06 Sep 2025 06:30:01 PM PDT - Started Downloading images
Sat 06 Sep 2025 06:30:02 PM PDT - Completed downloading images
~~~~~~~~~~~~~~~~~~~~~~~~~~~~~~~~~~~~~~~~~~~~~~~~~
Sat 06 Sep 2025 07:00:01 PM PDT - Started Downloading images
Sat 06 Sep 2025 07:00:01 PM PDT - Completed downloading images
~~~~~~~~~~~~~~~~~~~~~~~~~~~~~~~~~~~~~~~~~~~~~~~~~
Sat 06 Sep 2025 07:30:01 PM PDT - Started Downloading images
Sat 06 Sep 2025 07:30:02 PM PDT - Completed downloading images
~~~~~~~~~~~~~~~~~~~~~~~~~~~~~~~~~~~~~~~~~~~~~~~~~
Sat 06 Sep 2025 08:00:01 PM PDT - Started Downloading images
Sat 06 Sep 2025 08:00:01 PM PDT - Completed downloading images
~~~~~~~~~~~~~~~~~~~~~~~~~~~~~~~~~~~~~~~~~~~~~~~~~
Sat 06 Sep 2025 08:30:01 PM PDT - Started Downloading images
Sat 06 Sep 2025 08:30:02 PM PDT - Completed downloading images
~~~~~~~~~~~~~~~~~~~~~~~~~~~~~~~~~~~~~~~~~~~~~~~~~
Sat 06 Sep 2025 09:00:01 PM PDT - Started Downloading images
Sat 06 Sep 2025 09:00:01 PM PDT - Completed downloading images
~~~~~~~~~~~~~~~~~~~~~~~~~~~~~~~~~~~~~~~~~~~~~~~~~
Sat 06 Sep 2025 09:30:01 PM PDT - Started Downloading images
Sat 06 Sep 2025 09:30:02 PM PDT - Completed downloading images
~~~~~~~~~~~~~~~~~~~~~~~~~~~~~~~~~~~~~~~~~~~~~~~~~
Sat 06 Sep 2025 10:00:01 PM PDT - Started Downloading images
Sat 06 Sep 2025 10:00:01 PM PDT - Completed downloading images
~~~~~~~~~~~~~~~~~~~~~~~~~~~~~~~~~~~~~~~~~~~~~~~~~
Sat 06 Sep 2025 10:30:01 PM PDT - Started Downloading images
Sat 06 Sep 2025 10:30:02 PM PDT - Completed downloading images
~~~~~~~~~~~~~~~~~~~~~~~~~~~~~~~~~~~~~~~~~~~~~~~~~
Sat 06 Sep 2025 11:00:01 PM PDT - Started Downloading images
Sat 06 Sep 2025 11:00:01 PM PDT - Completed downloading images
~~~~~~~~~~~~~~~~~~~~~~~~~~~~~~~~~~~~~~~~~~~~~~~~~
Sat 06 Sep 2025 11:30:01 PM PDT - Started Downloading images
Sat 06 Sep 2025 11:30:02 PM PDT - Completed downloading images
~~~~~~~~~~~~~~~~~~~~~~~~~~~~~~~~~~~~~~~~~~~~~~~~~
Sun 07 Sep 2025 12:00:01 AM PDT - Started Downloading images
Sun 07 Sep 2025 12:00:01 AM PDT - Completed downloading images
~~~~~~~~~~~~~~~~~~~~~~~~~~~~~~~~~~~~~~~~~~~~~~~~~
Sun 07 Sep 2025 12:30:01 AM PDT - Started Downloading images
Sun 07 Sep 2025 12:30:01 AM PDT - Completed downloading images
~~~~~~~~~~~~~~~~~~~~~~~~~~~~~~~~~~~~~~~~~~~~~~~~~
Sun 07 Sep 2025 01:00:01 AM PDT - Started Downloading images
Sun 07 Sep 2025 01:00:02 AM PDT - Completed downloading images
~~~~~~~~~~~~~~~~~~~~~~~~~~~~~~~~~~~~~~~~~~~~~~~~~
Sun 07 Sep 2025 01:30:01 AM PDT - Started Downloading images
Sun 07 Sep 2025 01:30:01 AM PDT - Completed downloading images
~~~~~~~~~~~~~~~~~~~~~~~~~~~~~~~~~~~~~~~~~~~~~~~~~
Sun 07 Sep 2025 02:00:01 AM PDT - Started Downloading images
Sun 07 Sep 2025 02:00:02 AM PDT - Completed downloading images
~~~~~~~~~~~~~~~~~~~~~~~~~~~~~~~~~~~~~~~~~~~~~~~~~
Sun 07 Sep 2025 02:30:01 AM PDT - Started Downloading images
Sun 07 Sep 2025 02:30:01 AM PDT - Completed downloading images
~~~~~~~~~~~~~~~~~~~~~~~~~~~~~~~~~~~~~~~~~~~~~~~~~
Sun 07 Sep 2025 03:00:01 AM PDT - Started Downloading images
Sun 07 Sep 2025 03:00:02 AM PDT - Completed downloading images
~~~~~~~~~~~~~~~~~~~~~~~~~~~~~~~~~~~~~~~~~~~~~~~~~
Sun 07 Sep 2025 03:30:01 AM PDT - Started Downloading images
Sun 07 Sep 2025 03:30:01 AM PDT - Completed downloading images
~~~~~~~~~~~~~~~~~~~~~~~~~~~~~~~~~~~~~~~~~~~~~~~~~
Sun 07 Sep 2025 04:00:01 AM PDT - Started Downloading images
Sun 07 Sep 2025 04:00:02 AM PDT - Completed downloading images
~~~~~~~~~~~~~~~~~~~~~~~~~~~~~~~~~~~~~~~~~~~~~~~~~
Sun 07 Sep 2025 04:30:01 AM PDT - Started Downloading images
Sun 07 Sep 2025 04:30:01 AM PDT - Completed downloading images
~~~~~~~~~~~~~~~~~~~~~~~~~~~~~~~~~~~~~~~~~~~~~~~~~
Sun 07 Sep 2025 05:00:01 AM PDT - Started Downloading images
Sun 07 Sep 2025 05:00:02 AM PDT - Completed downloading images
~~~~~~~~~~~~~~~~~~~~~~~~~~~~~~~~~~~~~~~~~~~~~~~~~
Sun 07 Sep 2025 05:30:01 AM PDT - Started Downloading images
Sun 07 Sep 2025 05:30:01 AM PDT - Completed downloading images
~~~~~~~~~~~~~~~~~~~~~~~~~~~~~~~~~~~~~~~~~~~~~~~~~
Sun 07 Sep 2025 06:00:01 AM PDT - Started Downloading images
Sun 07 Sep 2025 06:00:02 AM PDT - Completed downloading images
~~~~~~~~~~~~~~~~~~~~~~~~~~~~~~~~~~~~~~~~~~~~~~~~~
Sun 07 Sep 2025 06:30:01 AM PDT - Started Downloading images
Sun 07 Sep 2025 06:30:02 AM PDT - Completed downloading images
~~~~~~~~~~~~~~~~~~~~~~~~~~~~~~~~~~~~~~~~~~~~~~~~~
Sun 07 Sep 2025 07:00:01 AM PDT - Started Downloading images
Sun 07 Sep 2025 07:00:01 AM PDT - Completed downloading images
~~~~~~~~~~~~~~~~~~~~~~~~~~~~~~~~~~~~~~~~~~~~~~~~~
Sun 07 Sep 2025 07:30:01 AM PDT - Started Downloading images
Sun 07 Sep 2025 07:30:02 AM PDT - Completed downloading images
~~~~~~~~~~~~~~~~~~~~~~~~~~~~~~~~~~~~~~~~~~~~~~~~~
Sun 07 Sep 2025 08:00:01 AM PDT - Started Downloading images
Sun 07 Sep 2025 08:00:01 AM PDT - Completed downloading images
~~~~~~~~~~~~~~~~~~~~~~~~~~~~~~~~~~~~~~~~~~~~~~~~~
Sun 07 Sep 2025 08:30:01 AM PDT - Started Downloading images
Sun 07 Sep 2025 08:30:02 AM PDT - Completed downloading images
~~~~~~~~~~~~~~~~~~~~~~~~~~~~~~~~~~~~~~~~~~~~~~~~~
Sun 07 Sep 2025 09:00:01 AM PDT - Started Downloading images
Sun 07 Sep 2025 09:00:01 AM PDT - Completed downloading images
~~~~~~~~~~~~~~~~~~~~~~~~~~~~~~~~~~~~~~~~~~~~~~~~~
Sun 07 Sep 2025 09:30:01 AM PDT - Started Downloading images
Sun 07 Sep 2025 09:30:02 AM PDT - Completed downloading images
~~~~~~~~~~~~~~~~~~~~~~~~~~~~~~~~~~~~~~~~~~~~~~~~~
Sun 07 Sep 2025 10:00:01 AM PDT - Started Downloading images
Sun 07 Sep 2025 10:00:01 AM PDT - Completed downloading images
~~~~~~~~~~~~~~~~~~~~~~~~~~~~~~~~~~~~~~~~~~~~~~~~~
Sun 07 Sep 2025 10:30:01 AM PDT - Started Downloading images
Sun 07 Sep 2025 10:30:02 AM PDT - Completed downloading images
~~~~~~~~~~~~~~~~~~~~~~~~~~~~~~~~~~~~~~~~~~~~~~~~~
Sun 07 Sep 2025 11:00:01 AM PDT - Started Downloading images
Sun 07 Sep 2025 11:00:01 AM PDT - Completed downloading images
~~~~~~~~~~~~~~~~~~~~~~~~~~~~~~~~~~~~~~~~~~~~~~~~~
Sun 07 Sep 2025 11:30:01 AM PDT - Started Downloading images
Sun 07 Sep 2025 11:30:02 AM PDT - Completed downloading images
~~~~~~~~~~~~~~~~~~~~~~~~~~~~~~~~~~~~~~~~~~~~~~~~~
Sun 07 Sep 2025 12:00:01 PM PDT - Started Downloading images
Sun 07 Sep 2025 12:00:01 PM PDT - Completed downloading images
~~~~~~~~~~~~~~~~~~~~~~~~~~~~~~~~~~~~~~~~~~~~~~~~~
Sun 07 Sep 2025 12:30:01 PM PDT - Started Downloading images
Sun 07 Sep 2025 12:30:01 PM PDT - Completed downloading images
~~~~~~~~~~~~~~~~~~~~~~~~~~~~~~~~~~~~~~~~~~~~~~~~~
Sun 07 Sep 2025 01:00:01 PM PDT - Started Downloading images
Sun 07 Sep 2025 01:00:02 PM PDT - Completed downloading images
~~~~~~~~~~~~~~~~~~~~~~~~~~~~~~~~~~~~~~~~~~~~~~~~~
Sun 07 Sep 2025 01:30:01 PM PDT - Started Downloading images
Sun 07 Sep 2025 01:30:01 PM PDT - Completed downloading images
~~~~~~~~~~~~~~~~~~~~~~~~~~~~~~~~~~~~~~~~~~~~~~~~~
Sun 07 Sep 2025 02:00:01 PM PDT - Started Downloading images
Sun 07 Sep 2025 02:00:02 PM PDT - Completed downloading images
~~~~~~~~~~~~~~~~~~~~~~~~~~~~~~~~~~~~~~~~~~~~~~~~~
Sun 07 Sep 2025 02:30:01 PM PDT - Started Downloading images
Sun 07 Sep 2025 02:30:01 PM PDT - Completed downloading images
~~~~~~~~~~~~~~~~~~~~~~~~~~~~~~~~~~~~~~~~~~~~~~~~~
Sun 07 Sep 2025 03:00:01 PM PDT - Started Downloading images
Sun 07 Sep 2025 03:00:02 PM PDT - Completed downloading images
~~~~~~~~~~~~~~~~~~~~~~~~~~~~~~~~~~~~~~~~~~~~~~~~~
Sun 07 Sep 2025 03:30:01 PM PDT - Started Downloading images
Sun 07 Sep 2025 03:30:01 PM PDT - Completed downloading images
~~~~~~~~~~~~~~~~~~~~~~~~~~~~~~~~~~~~~~~~~~~~~~~~~
Sun 07 Sep 2025 04:00:01 PM PDT - Started Downloading images
Sun 07 Sep 2025 04:00:02 PM PDT - Completed downloading images
~~~~~~~~~~~~~~~~~~~~~~~~~~~~~~~~~~~~~~~~~~~~~~~~~
Sun 07 Sep 2025 04:30:01 PM PDT - Started Downloading images
Sun 07 Sep 2025 04:30:01 PM PDT - Completed downloading images
~~~~~~~~~~~~~~~~~~~~~~~~~~~~~~~~~~~~~~~~~~~~~~~~~
Sun 07 Sep 2025 05:00:01 PM PDT - Started Downloading images
Sun 07 Sep 2025 05:00:02 PM PDT - Completed downloading images
~~~~~~~~~~~~~~~~~~~~~~~~~~~~~~~~~~~~~~~~~~~~~~~~~
Sun 07 Sep 2025 05:30:01 PM PDT - Started Downloading images
Sun 07 Sep 2025 05:30:01 PM PDT - Completed downloading images
~~~~~~~~~~~~~~~~~~~~~~~~~~~~~~~~~~~~~~~~~~~~~~~~~
Sun 07 Sep 2025 06:00:01 PM PDT - Started Downloading images
Sun 07 Sep 2025 06:00:02 PM PDT - Completed downloading images
~~~~~~~~~~~~~~~~~~~~~~~~~~~~~~~~~~~~~~~~~~~~~~~~~
Sun 07 Sep 2025 06:30:01 PM PDT - Started Downloading images
Sun 07 Sep 2025 06:30:01 PM PDT - Completed downloading images
~~~~~~~~~~~~~~~~~~~~~~~~~~~~~~~~~~~~~~~~~~~~~~~~~
Sun 07 Sep 2025 07:00:01 PM PDT - Started Downloading images
Sun 07 Sep 2025 07:00:02 PM PDT - Completed downloading images
~~~~~~~~~~~~~~~~~~~~~~~~~~~~~~~~~~~~~~~~~~~~~~~~~
Sun 07 Sep 2025 07:30:01 PM PDT - Started Downloading images
Sun 07 Sep 2025 07:30:01 PM PDT - Completed downloading images
~~~~~~~~~~~~~~~~~~~~~~~~~~~~~~~~~~~~~~~~~~~~~~~~~
Sun 07 Sep 2025 08:00:01 PM PDT - Started Downloading images
Sun 07 Sep 2025 08:00:02 PM PDT - Completed downloading images
~~~~~~~~~~~~~~~~~~~~~~~~~~~~~~~~~~~~~~~~~~~~~~~~~
Sun 07 Sep 2025 08:30:01 PM PDT - Started Downloading images
Sun 07 Sep 2025 08:30:02 PM PDT - Completed downloading images
~~~~~~~~~~~~~~~~~~~~~~~~~~~~~~~~~~~~~~~~~~~~~~~~~
Sun 07 Sep 2025 09:00:01 PM PDT - Started Downloading images
Sun 07 Sep 2025 09:00:01 PM PDT - Completed downloading images
~~~~~~~~~~~~~~~~~~~~~~~~~~~~~~~~~~~~~~~~~~~~~~~~~
Sun 07 Sep 2025 09:30:01 PM PDT - Started Downloading images
Sun 07 Sep 2025 09:30:02 PM PDT - Completed downloading images
~~~~~~~~~~~~~~~~~~~~~~~~~~~~~~~~~~~~~~~~~~~~~~~~~
Sun 07 Sep 2025 10:00:01 PM PDT - Started Downloading images
Sun 07 Sep 2025 10:00:01 PM PDT - Completed downloading images
~~~~~~~~~~~~~~~~~~~~~~~~~~~~~~~~~~~~~~~~~~~~~~~~~
Sun 07 Sep 2025 10:30:01 PM PDT - Started Downloading images
Sun 07 Sep 2025 10:30:02 PM PDT - Completed downloading images
~~~~~~~~~~~~~~~~~~~~~~~~~~~~~~~~~~~~~~~~~~~~~~~~~
Sun 07 Sep 2025 11:00:01 PM PDT - Started Downloading images
Sun 07 Sep 2025 11:00:01 PM PDT - Completed downloading images
~~~~~~~~~~~~~~~~~~~~~~~~~~~~~~~~~~~~~~~~~~~~~~~~~
Sun 07 Sep 2025 11:30:01 PM PDT - Started Downloading images
Sun 07 Sep 2025 11:30:02 PM PDT - Completed downloading images
~~~~~~~~~~~~~~~~~~~~~~~~~~~~~~~~~~~~~~~~~~~~~~~~~
Mon 08 Sep 2025 12:00:01 AM PDT - Started Downloading images
Mon 08 Sep 2025 12:00:01 AM PDT - Completed downloading images
~~~~~~~~~~~~~~~~~~~~~~~~~~~~~~~~~~~~~~~~~~~~~~~~~
Mon 08 Sep 2025 12:30:01 AM PDT - Started Downloading images
Mon 08 Sep 2025 12:30:02 AM PDT - Completed downloading images
~~~~~~~~~~~~~~~~~~~~~~~~~~~~~~~~~~~~~~~~~~~~~~~~~
Mon 08 Sep 2025 01:00:01 AM PDT - Started Downloading images
Mon 08 Sep 2025 01:00:01 AM PDT - Completed downloading images
~~~~~~~~~~~~~~~~~~~~~~~~~~~~~~~~~~~~~~~~~~~~~~~~~
Mon 08 Sep 2025 01:30:01 AM PDT - Started Downloading images
Mon 08 Sep 2025 01:30:02 AM PDT - Completed downloading images
~~~~~~~~~~~~~~~~~~~~~~~~~~~~~~~~~~~~~~~~~~~~~~~~~
Mon 08 Sep 2025 02:00:01 AM PDT - Started Downloading images
Mon 08 Sep 2025 02:00:01 AM PDT - Completed downloading images
~~~~~~~~~~~~~~~~~~~~~~~~~~~~~~~~~~~~~~~~~~~~~~~~~
Mon 08 Sep 2025 02:30:01 AM PDT - Started Downloading images
Mon 08 Sep 2025 02:30:02 AM PDT - Completed downloading images
~~~~~~~~~~~~~~~~~~~~~~~~~~~~~~~~~~~~~~~~~~~~~~~~~
Mon 08 Sep 2025 03:00:01 AM PDT - Started Downloading images
Mon 08 Sep 2025 03:00:01 AM PDT - Completed downloading images
~~~~~~~~~~~~~~~~~~~~~~~~~~~~~~~~~~~~~~~~~~~~~~~~~
Mon 08 Sep 2025 03:30:01 AM PDT - Started Downloading images
Mon 08 Sep 2025 03:30:02 AM PDT - Completed downloading images
~~~~~~~~~~~~~~~~~~~~~~~~~~~~~~~~~~~~~~~~~~~~~~~~~
Mon 08 Sep 2025 04:00:01 AM PDT - Started Downloading images
Mon 08 Sep 2025 04:00:01 AM PDT - Completed downloading images
~~~~~~~~~~~~~~~~~~~~~~~~~~~~~~~~~~~~~~~~~~~~~~~~~
Mon 08 Sep 2025 04:30:01 AM PDT - Started Downloading images
Mon 08 Sep 2025 04:30:02 AM PDT - Completed downloading images
~~~~~~~~~~~~~~~~~~~~~~~~~~~~~~~~~~~~~~~~~~~~~~~~~
Mon 08 Sep 2025 05:00:01 AM PDT - Started Downloading images
Mon 08 Sep 2025 05:00:01 AM PDT - Completed downloading images
~~~~~~~~~~~~~~~~~~~~~~~~~~~~~~~~~~~~~~~~~~~~~~~~~
Mon 08 Sep 2025 05:30:01 AM PDT - Started Downloading images
Mon 08 Sep 2025 05:30:02 AM PDT - Completed downloading images
~~~~~~~~~~~~~~~~~~~~~~~~~~~~~~~~~~~~~~~~~~~~~~~~~
Mon 08 Sep 2025 06:00:01 AM PDT - Started Downloading images
Mon 08 Sep 2025 06:00:01 AM PDT - Completed downloading images
~~~~~~~~~~~~~~~~~~~~~~~~~~~~~~~~~~~~~~~~~~~~~~~~~
Mon 08 Sep 2025 06:30:01 AM PDT - Started Downloading images
Mon 08 Sep 2025 06:30:01 AM PDT - Completed downloading images
~~~~~~~~~~~~~~~~~~~~~~~~~~~~~~~~~~~~~~~~~~~~~~~~~
Mon 08 Sep 2025 07:00:01 AM PDT - Started Downloading images
Mon 08 Sep 2025 07:00:02 AM PDT - Completed downloading images
~~~~~~~~~~~~~~~~~~~~~~~~~~~~~~~~~~~~~~~~~~~~~~~~~
Mon 08 Sep 2025 07:30:01 AM PDT - Started Downloading images
Mon 08 Sep 2025 07:30:01 AM PDT - Completed downloading images
~~~~~~~~~~~~~~~~~~~~~~~~~~~~~~~~~~~~~~~~~~~~~~~~~
Mon 08 Sep 2025 08:00:01 AM PDT - Started Downloading images
Mon 08 Sep 2025 08:00:02 AM PDT - Completed downloading images
~~~~~~~~~~~~~~~~~~~~~~~~~~~~~~~~~~~~~~~~~~~~~~~~~
Mon 08 Sep 2025 08:30:01 AM PDT - Started Downloading images
Mon 08 Sep 2025 08:30:01 AM PDT - Completed downloading images
~~~~~~~~~~~~~~~~~~~~~~~~~~~~~~~~~~~~~~~~~~~~~~~~~
Mon 08 Sep 2025 09:00:01 AM PDT - Started Downloading images
Mon 08 Sep 2025 09:00:02 AM PDT - Completed downloading images
~~~~~~~~~~~~~~~~~~~~~~~~~~~~~~~~~~~~~~~~~~~~~~~~~
Mon 08 Sep 2025 09:30:01 AM PDT - Started Downloading images
Mon 08 Sep 2025 09:30:01 AM PDT - Completed downloading images
~~~~~~~~~~~~~~~~~~~~~~~~~~~~~~~~~~~~~~~~~~~~~~~~~
Mon 08 Sep 2025 10:00:01 AM PDT - Started Downloading images
Mon 08 Sep 2025 10:00:02 AM PDT - Completed downloading images
~~~~~~~~~~~~~~~~~~~~~~~~~~~~~~~~~~~~~~~~~~~~~~~~~
Mon 08 Sep 2025 10:30:01 AM PDT - Started Downloading images
Mon 08 Sep 2025 10:30:01 AM PDT - Completed downloading images
~~~~~~~~~~~~~~~~~~~~~~~~~~~~~~~~~~~~~~~~~~~~~~~~~
Mon 08 Sep 2025 11:00:01 AM PDT - Started Downloading images
Mon 08 Sep 2025 11:00:02 AM PDT - Completed downloading images
~~~~~~~~~~~~~~~~~~~~~~~~~~~~~~~~~~~~~~~~~~~~~~~~~
Mon 08 Sep 2025 11:30:01 AM PDT - Started Downloading images
Mon 08 Sep 2025 11:30:01 AM PDT - Completed downloading images
~~~~~~~~~~~~~~~~~~~~~~~~~~~~~~~~~~~~~~~~~~~~~~~~~
Mon 08 Sep 2025 12:00:01 PM PDT - Started Downloading images
Mon 08 Sep 2025 12:00:02 PM PDT - Completed downloading images
~~~~~~~~~~~~~~~~~~~~~~~~~~~~~~~~~~~~~~~~~~~~~~~~~
Mon 08 Sep 2025 12:30:01 PM PDT - Started Downloading images
Mon 08 Sep 2025 12:30:02 PM PDT - Completed downloading images
~~~~~~~~~~~~~~~~~~~~~~~~~~~~~~~~~~~~~~~~~~~~~~~~~
Mon 08 Sep 2025 01:00:01 PM PDT - Started Downloading images
Mon 08 Sep 2025 01:00:01 PM PDT - Completed downloading images
~~~~~~~~~~~~~~~~~~~~~~~~~~~~~~~~~~~~~~~~~~~~~~~~~
Mon 08 Sep 2025 01:30:01 PM PDT - Started Downloading images
Mon 08 Sep 2025 01:30:02 PM PDT - Completed downloading images
~~~~~~~~~~~~~~~~~~~~~~~~~~~~~~~~~~~~~~~~~~~~~~~~~
Mon 08 Sep 2025 02:00:01 PM PDT - Started Downloading images
Mon 08 Sep 2025 02:00:01 PM PDT - Completed downloading images
~~~~~~~~~~~~~~~~~~~~~~~~~~~~~~~~~~~~~~~~~~~~~~~~~
Mon 08 Sep 2025 02:30:01 PM PDT - Started Downloading images
Mon 08 Sep 2025 02:30:02 PM PDT - Completed downloading images
~~~~~~~~~~~~~~~~~~~~~~~~~~~~~~~~~~~~~~~~~~~~~~~~~
Mon 08 Sep 2025 03:00:01 PM PDT - Started Downloading images
Mon 08 Sep 2025 03:00:01 PM PDT - Completed downloading images
~~~~~~~~~~~~~~~~~~~~~~~~~~~~~~~~~~~~~~~~~~~~~~~~~
Mon 08 Sep 2025 03:30:01 PM PDT - Started Downloading images
Mon 08 Sep 2025 03:30:02 PM PDT - Completed downloading images
~~~~~~~~~~~~~~~~~~~~~~~~~~~~~~~~~~~~~~~~~~~~~~~~~
Mon 08 Sep 2025 04:00:01 PM PDT - Started Downloading images
Mon 08 Sep 2025 04:00:01 PM PDT - Completed downloading images
~~~~~~~~~~~~~~~~~~~~~~~~~~~~~~~~~~~~~~~~~~~~~~~~~
Mon 08 Sep 2025 04:30:01 PM PDT - Started Downloading images
Mon 08 Sep 2025 04:30:02 PM PDT - Completed downloading images
~~~~~~~~~~~~~~~~~~~~~~~~~~~~~~~~~~~~~~~~~~~~~~~~~
Mon 08 Sep 2025 05:00:01 PM PDT - Started Downloading images
Mon 08 Sep 2025 05:00:01 PM PDT - Completed downloading images
~~~~~~~~~~~~~~~~~~~~~~~~~~~~~~~~~~~~~~~~~~~~~~~~~
Mon 08 Sep 2025 05:30:01 PM PDT - Started Downloading images
Mon 08 Sep 2025 05:30:02 PM PDT - Completed downloading images
~~~~~~~~~~~~~~~~~~~~~~~~~~~~~~~~~~~~~~~~~~~~~~~~~
Mon 08 Sep 2025 06:00:01 PM PDT - Started Downloading images
Mon 08 Sep 2025 06:00:01 PM PDT - Completed downloading images
~~~~~~~~~~~~~~~~~~~~~~~~~~~~~~~~~~~~~~~~~~~~~~~~~
Mon 08 Sep 2025 06:30:01 PM PDT - Started Downloading images
Mon 08 Sep 2025 06:30:02 PM PDT - Completed downloading images
~~~~~~~~~~~~~~~~~~~~~~~~~~~~~~~~~~~~~~~~~~~~~~~~~
Mon 08 Sep 2025 07:00:01 PM PDT - Started Downloading images
Mon 08 Sep 2025 07:00:01 PM PDT - Completed downloading images
~~~~~~~~~~~~~~~~~~~~~~~~~~~~~~~~~~~~~~~~~~~~~~~~~
Mon 08 Sep 2025 07:30:01 PM PDT - Started Downloading images
Mon 08 Sep 2025 07:30:02 PM PDT - Completed downloading images
~~~~~~~~~~~~~~~~~~~~~~~~~~~~~~~~~~~~~~~~~~~~~~~~~
Mon 08 Sep 2025 08:00:01 PM PDT - Started Downloading images
Mon 08 Sep 2025 08:00:02 PM PDT - Completed downloading images
~~~~~~~~~~~~~~~~~~~~~~~~~~~~~~~~~~~~~~~~~~~~~~~~~
Mon 08 Sep 2025 08:30:01 PM PDT - Started Downloading images
Mon 08 Sep 2025 08:30:01 PM PDT - Completed downloading images
~~~~~~~~~~~~~~~~~~~~~~~~~~~~~~~~~~~~~~~~~~~~~~~~~
Mon 08 Sep 2025 09:00:01 PM PDT - Started Downloading images
Mon 08 Sep 2025 09:00:02 PM PDT - Completed downloading images
~~~~~~~~~~~~~~~~~~~~~~~~~~~~~~~~~~~~~~~~~~~~~~~~~
Mon 08 Sep 2025 09:30:01 PM PDT - Started Downloading images
Mon 08 Sep 2025 09:30:01 PM PDT - Completed downloading images
~~~~~~~~~~~~~~~~~~~~~~~~~~~~~~~~~~~~~~~~~~~~~~~~~
Mon 08 Sep 2025 10:00:01 PM PDT - Started Downloading images
Mon 08 Sep 2025 10:00:02 PM PDT - Completed downloading images
~~~~~~~~~~~~~~~~~~~~~~~~~~~~~~~~~~~~~~~~~~~~~~~~~
Mon 08 Sep 2025 10:30:01 PM PDT - Started Downloading images
Mon 08 Sep 2025 10:30:01 PM PDT - Completed downloading images
~~~~~~~~~~~~~~~~~~~~~~~~~~~~~~~~~~~~~~~~~~~~~~~~~
Mon 08 Sep 2025 11:00:01 PM PDT - Started Downloading images
Mon 08 Sep 2025 11:00:02 PM PDT - Completed downloading images
~~~~~~~~~~~~~~~~~~~~~~~~~~~~~~~~~~~~~~~~~~~~~~~~~
Mon 08 Sep 2025 11:30:01 PM PDT - Started Downloading images
Mon 08 Sep 2025 11:30:01 PM PDT - Completed downloading images
~~~~~~~~~~~~~~~~~~~~~~~~~~~~~~~~~~~~~~~~~~~~~~~~~
Tue 09 Sep 2025 12:00:01 AM PDT - Started Downloading images
Tue 09 Sep 2025 12:00:02 AM PDT - Completed downloading images
~~~~~~~~~~~~~~~~~~~~~~~~~~~~~~~~~~~~~~~~~~~~~~~~~
Tue 09 Sep 2025 12:30:01 AM PDT - Started Downloading images
Tue 09 Sep 2025 12:30:01 AM PDT - Completed downloading images
~~~~~~~~~~~~~~~~~~~~~~~~~~~~~~~~~~~~~~~~~~~~~~~~~
Tue 09 Sep 2025 01:00:01 AM PDT - Started Downloading images
Tue 09 Sep 2025 01:00:02 AM PDT - Completed downloading images
~~~~~~~~~~~~~~~~~~~~~~~~~~~~~~~~~~~~~~~~~~~~~~~~~
Tue 09 Sep 2025 01:30:01 AM PDT - Started Downloading images
Tue 09 Sep 2025 01:30:01 AM PDT - Completed downloading images
~~~~~~~~~~~~~~~~~~~~~~~~~~~~~~~~~~~~~~~~~~~~~~~~~
Tue 09 Sep 2025 02:00:01 AM PDT - Started Downloading images
Tue 09 Sep 2025 02:00:01 AM PDT - Completed downloading images
~~~~~~~~~~~~~~~~~~~~~~~~~~~~~~~~~~~~~~~~~~~~~~~~~
Tue 09 Sep 2025 02:30:01 AM PDT - Started Downloading images
Tue 09 Sep 2025 02:30:02 AM PDT - Completed downloading images
~~~~~~~~~~~~~~~~~~~~~~~~~~~~~~~~~~~~~~~~~~~~~~~~~
Tue 09 Sep 2025 03:00:01 AM PDT - Started Downloading images
Tue 09 Sep 2025 03:00:01 AM PDT - Completed downloading images
~~~~~~~~~~~~~~~~~~~~~~~~~~~~~~~~~~~~~~~~~~~~~~~~~
Tue 09 Sep 2025 03:30:01 AM PDT - Started Downloading images
Tue 09 Sep 2025 03:30:02 AM PDT - Completed downloading images
~~~~~~~~~~~~~~~~~~~~~~~~~~~~~~~~~~~~~~~~~~~~~~~~~
Tue 09 Sep 2025 04:00:01 AM PDT - Started Downloading images
Tue 09 Sep 2025 04:00:02 AM PDT - Completed downloading images
~~~~~~~~~~~~~~~~~~~~~~~~~~~~~~~~~~~~~~~~~~~~~~~~~
Tue 09 Sep 2025 04:30:01 AM PDT - Started Downloading images
Tue 09 Sep 2025 04:30:01 AM PDT - Completed downloading images
~~~~~~~~~~~~~~~~~~~~~~~~~~~~~~~~~~~~~~~~~~~~~~~~~
Tue 09 Sep 2025 05:00:01 AM PDT - Started Downloading images
Tue 09 Sep 2025 05:00:02 AM PDT - Completed downloading images
~~~~~~~~~~~~~~~~~~~~~~~~~~~~~~~~~~~~~~~~~~~~~~~~~
Tue 09 Sep 2025 05:30:01 AM PDT - Started Downloading images
Tue 09 Sep 2025 05:30:01 AM PDT - Completed downloading images
~~~~~~~~~~~~~~~~~~~~~~~~~~~~~~~~~~~~~~~~~~~~~~~~~
Tue 09 Sep 2025 06:00:01 AM PDT - Started Downloading images
Tue 09 Sep 2025 06:00:02 AM PDT - Completed downloading images
~~~~~~~~~~~~~~~~~~~~~~~~~~~~~~~~~~~~~~~~~~~~~~~~~
Tue 09 Sep 2025 06:30:01 AM PDT - Started Downloading images
Tue 09 Sep 2025 06:30:02 AM PDT - Completed downloading images
~~~~~~~~~~~~~~~~~~~~~~~~~~~~~~~~~~~~~~~~~~~~~~~~~
Tue 09 Sep 2025 07:00:01 AM PDT - Started Downloading images
Tue 09 Sep 2025 07:00:01 AM PDT - Completed downloading images
~~~~~~~~~~~~~~~~~~~~~~~~~~~~~~~~~~~~~~~~~~~~~~~~~
Tue 09 Sep 2025 07:30:01 AM PDT - Started Downloading images
Tue 09 Sep 2025 07:30:02 AM PDT - Completed downloading images
~~~~~~~~~~~~~~~~~~~~~~~~~~~~~~~~~~~~~~~~~~~~~~~~~
Tue 09 Sep 2025 08:00:01 AM PDT - Started Downloading images
Tue 09 Sep 2025 08:00:01 AM PDT - Completed downloading images
~~~~~~~~~~~~~~~~~~~~~~~~~~~~~~~~~~~~~~~~~~~~~~~~~
Tue 09 Sep 2025 08:30:01 AM PDT - Started Downloading images
Tue 09 Sep 2025 08:30:02 AM PDT - Completed downloading images
~~~~~~~~~~~~~~~~~~~~~~~~~~~~~~~~~~~~~~~~~~~~~~~~~
Tue 09 Sep 2025 09:00:01 AM PDT - Started Downloading images
Tue 09 Sep 2025 09:00:01 AM PDT - Completed downloading images
~~~~~~~~~~~~~~~~~~~~~~~~~~~~~~~~~~~~~~~~~~~~~~~~~
Tue 09 Sep 2025 09:30:01 AM PDT - Started Downloading images
Tue 09 Sep 2025 09:30:02 AM PDT - Completed downloading images
~~~~~~~~~~~~~~~~~~~~~~~~~~~~~~~~~~~~~~~~~~~~~~~~~
Tue 09 Sep 2025 10:00:01 AM PDT - Started Downloading images
Tue 09 Sep 2025 10:00:01 AM PDT - Completed downloading images
~~~~~~~~~~~~~~~~~~~~~~~~~~~~~~~~~~~~~~~~~~~~~~~~~
Tue 09 Sep 2025 10:30:01 AM PDT - Started Downloading images
Tue 09 Sep 2025 10:30:02 AM PDT - Completed downloading images
~~~~~~~~~~~~~~~~~~~~~~~~~~~~~~~~~~~~~~~~~~~~~~~~~
Tue 09 Sep 2025 11:00:01 AM PDT - Started Downloading images
Tue 09 Sep 2025 11:00:01 AM PDT - Completed downloading images
~~~~~~~~~~~~~~~~~~~~~~~~~~~~~~~~~~~~~~~~~~~~~~~~~
Tue 09 Sep 2025 11:30:01 AM PDT - Started Downloading images
Tue 09 Sep 2025 11:30:02 AM PDT - Completed downloading images
~~~~~~~~~~~~~~~~~~~~~~~~~~~~~~~~~~~~~~~~~~~~~~~~~
Tue 09 Sep 2025 12:00:01 PM PDT - Started Downloading images
Tue 09 Sep 2025 12:00:01 PM PDT - Completed downloading images
~~~~~~~~~~~~~~~~~~~~~~~~~~~~~~~~~~~~~~~~~~~~~~~~~
Tue 09 Sep 2025 12:30:01 PM PDT - Started Downloading images
Tue 09 Sep 2025 12:30:02 PM PDT - Completed downloading images
~~~~~~~~~~~~~~~~~~~~~~~~~~~~~~~~~~~~~~~~~~~~~~~~~
Tue 09 Sep 2025 01:00:01 PM PDT - Started Downloading images
Tue 09 Sep 2025 01:00:01 PM PDT - Completed downloading images
~~~~~~~~~~~~~~~~~~~~~~~~~~~~~~~~~~~~~~~~~~~~~~~~~
Tue 09 Sep 2025 01:30:01 PM PDT - Started Downloading images
Tue 09 Sep 2025 01:30:01 PM PDT - Completed downloading images
~~~~~~~~~~~~~~~~~~~~~~~~~~~~~~~~~~~~~~~~~~~~~~~~~
Tue 09 Sep 2025 02:00:01 PM PDT - Started Downloading images
Tue 09 Sep 2025 02:00:02 PM PDT - Completed downloading images
~~~~~~~~~~~~~~~~~~~~~~~~~~~~~~~~~~~~~~~~~~~~~~~~~
Tue 09 Sep 2025 02:30:01 PM PDT - Started Downloading images
Tue 09 Sep 2025 02:30:01 PM PDT - Completed downloading images
~~~~~~~~~~~~~~~~~~~~~~~~~~~~~~~~~~~~~~~~~~~~~~~~~
Tue 09 Sep 2025 03:00:01 PM PDT - Started Downloading images
Tue 09 Sep 2025 03:00:02 PM PDT - Completed downloading images
~~~~~~~~~~~~~~~~~~~~~~~~~~~~~~~~~~~~~~~~~~~~~~~~~
Tue 09 Sep 2025 03:30:01 PM PDT - Started Downloading images
Tue 09 Sep 2025 03:30:01 PM PDT - Completed downloading images
~~~~~~~~~~~~~~~~~~~~~~~~~~~~~~~~~~~~~~~~~~~~~~~~~
Tue 09 Sep 2025 04:00:01 PM PDT - Started Downloading images
Tue 09 Sep 2025 04:00:02 PM PDT - Completed downloading images
~~~~~~~~~~~~~~~~~~~~~~~~~~~~~~~~~~~~~~~~~~~~~~~~~
Tue 09 Sep 2025 04:30:01 PM PDT - Started Downloading images
Tue 09 Sep 2025 04:30:01 PM PDT - Completed downloading images
~~~~~~~~~~~~~~~~~~~~~~~~~~~~~~~~~~~~~~~~~~~~~~~~~
Tue 09 Sep 2025 05:00:01 PM PDT - Started Downloading images
Tue 09 Sep 2025 05:00:02 PM PDT - Completed downloading images
~~~~~~~~~~~~~~~~~~~~~~~~~~~~~~~~~~~~~~~~~~~~~~~~~
Tue 09 Sep 2025 05:30:01 PM PDT - Started Downloading images
Tue 09 Sep 2025 05:30:01 PM PDT - Completed downloading images
~~~~~~~~~~~~~~~~~~~~~~~~~~~~~~~~~~~~~~~~~~~~~~~~~
Tue 09 Sep 2025 06:00:01 PM PDT - Started Downloading images
Tue 09 Sep 2025 06:00:02 PM PDT - Completed downloading images
~~~~~~~~~~~~~~~~~~~~~~~~~~~~~~~~~~~~~~~~~~~~~~~~~
Tue 09 Sep 2025 06:30:01 PM PDT - Started Downloading images
Tue 09 Sep 2025 06:30:01 PM PDT - Completed downloading images
~~~~~~~~~~~~~~~~~~~~~~~~~~~~~~~~~~~~~~~~~~~~~~~~~
Tue 09 Sep 2025 07:00:01 PM PDT - Started Downloading images
Tue 09 Sep 2025 07:00:02 PM PDT - Completed downloading images
~~~~~~~~~~~~~~~~~~~~~~~~~~~~~~~~~~~~~~~~~~~~~~~~~
Tue 09 Sep 2025 07:30:01 PM PDT - Started Downloading images
Tue 09 Sep 2025 07:30:01 PM PDT - Completed downloading images
~~~~~~~~~~~~~~~~~~~~~~~~~~~~~~~~~~~~~~~~~~~~~~~~~
Tue 09 Sep 2025 08:00:01 PM PDT - Started Downloading images
Tue 09 Sep 2025 08:00:02 PM PDT - Completed downloading images
~~~~~~~~~~~~~~~~~~~~~~~~~~~~~~~~~~~~~~~~~~~~~~~~~
Tue 09 Sep 2025 08:30:01 PM PDT - Started Downloading images
Tue 09 Sep 2025 08:30:01 PM PDT - Completed downloading images
~~~~~~~~~~~~~~~~~~~~~~~~~~~~~~~~~~~~~~~~~~~~~~~~~
Tue 09 Sep 2025 09:00:01 PM PDT - Started Downloading images
Tue 09 Sep 2025 09:00:02 PM PDT - Completed downloading images
~~~~~~~~~~~~~~~~~~~~~~~~~~~~~~~~~~~~~~~~~~~~~~~~~
Tue 09 Sep 2025 09:30:01 PM PDT - Started Downloading images
Tue 09 Sep 2025 09:30:01 PM PDT - Completed downloading images
~~~~~~~~~~~~~~~~~~~~~~~~~~~~~~~~~~~~~~~~~~~~~~~~~
Tue 09 Sep 2025 10:00:01 PM PDT - Started Downloading images
Tue 09 Sep 2025 10:00:02 PM PDT - Completed downloading images
~~~~~~~~~~~~~~~~~~~~~~~~~~~~~~~~~~~~~~~~~~~~~~~~~
Tue 09 Sep 2025 10:30:01 PM PDT - Started Downloading images
Tue 09 Sep 2025 10:30:01 PM PDT - Completed downloading images
~~~~~~~~~~~~~~~~~~~~~~~~~~~~~~~~~~~~~~~~~~~~~~~~~
Tue 09 Sep 2025 11:00:01 PM PDT - Started Downloading images
Tue 09 Sep 2025 11:00:02 PM PDT - Completed downloading images
~~~~~~~~~~~~~~~~~~~~~~~~~~~~~~~~~~~~~~~~~~~~~~~~~
Tue 09 Sep 2025 11:30:01 PM PDT - Started Downloading images
Tue 09 Sep 2025 11:30:01 PM PDT - Completed downloading images
~~~~~~~~~~~~~~~~~~~~~~~~~~~~~~~~~~~~~~~~~~~~~~~~~
Wed 10 Sep 2025 12:00:01 AM PDT - Started Downloading images
Wed 10 Sep 2025 12:00:02 AM PDT - Completed downloading images
~~~~~~~~~~~~~~~~~~~~~~~~~~~~~~~~~~~~~~~~~~~~~~~~~
Wed 10 Sep 2025 12:30:01 AM PDT - Started Downloading images
Wed 10 Sep 2025 12:30:01 AM PDT - Completed downloading images
~~~~~~~~~~~~~~~~~~~~~~~~~~~~~~~~~~~~~~~~~~~~~~~~~
Wed 10 Sep 2025 01:00:01 AM PDT - Started Downloading images
Wed 10 Sep 2025 01:00:02 AM PDT - Completed downloading images
~~~~~~~~~~~~~~~~~~~~~~~~~~~~~~~~~~~~~~~~~~~~~~~~~
Wed 10 Sep 2025 01:30:01 AM PDT - Started Downloading images
Wed 10 Sep 2025 01:30:01 AM PDT - Completed downloading images
~~~~~~~~~~~~~~~~~~~~~~~~~~~~~~~~~~~~~~~~~~~~~~~~~
Wed 10 Sep 2025 02:00:01 AM PDT - Started Downloading images
Wed 10 Sep 2025 02:00:01 AM PDT - Completed downloading images
~~~~~~~~~~~~~~~~~~~~~~~~~~~~~~~~~~~~~~~~~~~~~~~~~
Wed 10 Sep 2025 02:30:01 AM PDT - Started Downloading images
Wed 10 Sep 2025 02:30:02 AM PDT - Completed downloading images
~~~~~~~~~~~~~~~~~~~~~~~~~~~~~~~~~~~~~~~~~~~~~~~~~
Wed 10 Sep 2025 03:00:01 AM PDT - Started Downloading images
Wed 10 Sep 2025 03:00:01 AM PDT - Completed downloading images
~~~~~~~~~~~~~~~~~~~~~~~~~~~~~~~~~~~~~~~~~~~~~~~~~
Wed 10 Sep 2025 03:30:01 AM PDT - Started Downloading images
Wed 10 Sep 2025 03:30:02 AM PDT - Completed downloading images
~~~~~~~~~~~~~~~~~~~~~~~~~~~~~~~~~~~~~~~~~~~~~~~~~
Wed 10 Sep 2025 04:00:01 AM PDT - Started Downloading images
Wed 10 Sep 2025 04:00:01 AM PDT - Completed downloading images
~~~~~~~~~~~~~~~~~~~~~~~~~~~~~~~~~~~~~~~~~~~~~~~~~
Wed 10 Sep 2025 04:30:01 AM PDT - Started Downloading images
Wed 10 Sep 2025 04:30:02 AM PDT - Completed downloading images
~~~~~~~~~~~~~~~~~~~~~~~~~~~~~~~~~~~~~~~~~~~~~~~~~
Wed 10 Sep 2025 05:00:01 AM PDT - Started Downloading images
Wed 10 Sep 2025 05:00:01 AM PDT - Completed downloading images
~~~~~~~~~~~~~~~~~~~~~~~~~~~~~~~~~~~~~~~~~~~~~~~~~
Wed 10 Sep 2025 05:30:01 AM PDT - Started Downloading images
Wed 10 Sep 2025 05:30:02 AM PDT - Completed downloading images
~~~~~~~~~~~~~~~~~~~~~~~~~~~~~~~~~~~~~~~~~~~~~~~~~
Wed 10 Sep 2025 06:00:01 AM PDT - Started Downloading images
Wed 10 Sep 2025 06:00:01 AM PDT - Completed downloading images
~~~~~~~~~~~~~~~~~~~~~~~~~~~~~~~~~~~~~~~~~~~~~~~~~
Wed 10 Sep 2025 06:30:01 AM PDT - Started Downloading images
Wed 10 Sep 2025 06:30:01 AM PDT - Completed downloading images
~~~~~~~~~~~~~~~~~~~~~~~~~~~~~~~~~~~~~~~~~~~~~~~~~
Wed 10 Sep 2025 07:00:01 AM PDT - Started Downloading images
Wed 10 Sep 2025 07:00:02 AM PDT - Completed downloading images
~~~~~~~~~~~~~~~~~~~~~~~~~~~~~~~~~~~~~~~~~~~~~~~~~
Wed 10 Sep 2025 07:30:01 AM PDT - Started Downloading images
Wed 10 Sep 2025 07:30:01 AM PDT - Completed downloading images
~~~~~~~~~~~~~~~~~~~~~~~~~~~~~~~~~~~~~~~~~~~~~~~~~
Wed 10 Sep 2025 08:00:01 AM PDT - Started Downloading images
Wed 10 Sep 2025 08:00:02 AM PDT - Completed downloading images
~~~~~~~~~~~~~~~~~~~~~~~~~~~~~~~~~~~~~~~~~~~~~~~~~
Wed 10 Sep 2025 08:30:01 AM PDT - Started Downloading images
Wed 10 Sep 2025 08:30:01 AM PDT - Completed downloading images
~~~~~~~~~~~~~~~~~~~~~~~~~~~~~~~~~~~~~~~~~~~~~~~~~
Wed 10 Sep 2025 09:00:01 AM PDT - Started Downloading images
Wed 10 Sep 2025 09:00:02 AM PDT - Completed downloading images
~~~~~~~~~~~~~~~~~~~~~~~~~~~~~~~~~~~~~~~~~~~~~~~~~
Wed 10 Sep 2025 09:30:01 AM PDT - Started Downloading images
Wed 10 Sep 2025 09:30:01 AM PDT - Completed downloading images
~~~~~~~~~~~~~~~~~~~~~~~~~~~~~~~~~~~~~~~~~~~~~~~~~
Wed 10 Sep 2025 10:00:01 AM PDT - Started Downloading images
Wed 10 Sep 2025 10:00:01 AM PDT - Completed downloading images
~~~~~~~~~~~~~~~~~~~~~~~~~~~~~~~~~~~~~~~~~~~~~~~~~
Wed 10 Sep 2025 10:30:01 AM PDT - Started Downloading images
Wed 10 Sep 2025 10:30:01 AM PDT - Completed downloading images
~~~~~~~~~~~~~~~~~~~~~~~~~~~~~~~~~~~~~~~~~~~~~~~~~
Wed 10 Sep 2025 11:00:01 AM PDT - Started Downloading images
Wed 10 Sep 2025 11:00:01 AM PDT - Completed downloading images
~~~~~~~~~~~~~~~~~~~~~~~~~~~~~~~~~~~~~~~~~~~~~~~~~
Wed 10 Sep 2025 11:30:01 AM PDT - Started Downloading images
Wed 10 Sep 2025 11:30:02 AM PDT - Completed downloading images
~~~~~~~~~~~~~~~~~~~~~~~~~~~~~~~~~~~~~~~~~~~~~~~~~
Wed 10 Sep 2025 12:00:01 PM PDT - Started Downloading images
Wed 10 Sep 2025 12:00:01 PM PDT - Completed downloading images
~~~~~~~~~~~~~~~~~~~~~~~~~~~~~~~~~~~~~~~~~~~~~~~~~
Wed 10 Sep 2025 12:30:01 PM PDT - Started Downloading images
Wed 10 Sep 2025 12:30:02 PM PDT - Completed downloading images
~~~~~~~~~~~~~~~~~~~~~~~~~~~~~~~~~~~~~~~~~~~~~~~~~
Wed 10 Sep 2025 01:00:01 PM PDT - Started Downloading images
Wed 10 Sep 2025 01:00:01 PM PDT - Completed downloading images
~~~~~~~~~~~~~~~~~~~~~~~~~~~~~~~~~~~~~~~~~~~~~~~~~
Wed 10 Sep 2025 01:30:01 PM PDT - Started Downloading images
Wed 10 Sep 2025 01:30:02 PM PDT - Completed downloading images
~~~~~~~~~~~~~~~~~~~~~~~~~~~~~~~~~~~~~~~~~~~~~~~~~
Wed 10 Sep 2025 02:00:01 PM PDT - Started Downloading images
Wed 10 Sep 2025 02:00:01 PM PDT - Completed downloading images
~~~~~~~~~~~~~~~~~~~~~~~~~~~~~~~~~~~~~~~~~~~~~~~~~
Wed 10 Sep 2025 02:30:01 PM PDT - Started Downloading images
Wed 10 Sep 2025 02:30:02 PM PDT - Completed downloading images
~~~~~~~~~~~~~~~~~~~~~~~~~~~~~~~~~~~~~~~~~~~~~~~~~
Wed 10 Sep 2025 03:00:01 PM PDT - Started Downloading images
Wed 10 Sep 2025 03:00:01 PM PDT - Completed downloading images
~~~~~~~~~~~~~~~~~~~~~~~~~~~~~~~~~~~~~~~~~~~~~~~~~
Wed 10 Sep 2025 03:30:01 PM PDT - Started Downloading images
Wed 10 Sep 2025 03:30:02 PM PDT - Completed downloading images
~~~~~~~~~~~~~~~~~~~~~~~~~~~~~~~~~~~~~~~~~~~~~~~~~
Wed 10 Sep 2025 04:00:01 PM PDT - Started Downloading images
Wed 10 Sep 2025 04:00:01 PM PDT - Completed downloading images
~~~~~~~~~~~~~~~~~~~~~~~~~~~~~~~~~~~~~~~~~~~~~~~~~
Wed 10 Sep 2025 04:30:01 PM PDT - Started Downloading images
Wed 10 Sep 2025 04:30:02 PM PDT - Completed downloading images
~~~~~~~~~~~~~~~~~~~~~~~~~~~~~~~~~~~~~~~~~~~~~~~~~
Wed 10 Sep 2025 05:00:01 PM PDT - Started Downloading images
Wed 10 Sep 2025 05:00:01 PM PDT - Completed downloading images
~~~~~~~~~~~~~~~~~~~~~~~~~~~~~~~~~~~~~~~~~~~~~~~~~
Wed 10 Sep 2025 05:30:01 PM PDT - Started Downloading images
Wed 10 Sep 2025 05:30:02 PM PDT - Completed downloading images
~~~~~~~~~~~~~~~~~~~~~~~~~~~~~~~~~~~~~~~~~~~~~~~~~
Wed 10 Sep 2025 06:00:01 PM PDT - Started Downloading images
Wed 10 Sep 2025 06:00:01 PM PDT - Completed downloading images
~~~~~~~~~~~~~~~~~~~~~~~~~~~~~~~~~~~~~~~~~~~~~~~~~
Wed 10 Sep 2025 06:30:01 PM PDT - Started Downloading images
Wed 10 Sep 2025 06:30:02 PM PDT - Completed downloading images
~~~~~~~~~~~~~~~~~~~~~~~~~~~~~~~~~~~~~~~~~~~~~~~~~
Wed 10 Sep 2025 07:00:01 PM PDT - Started Downloading images
Wed 10 Sep 2025 07:00:01 PM PDT - Completed downloading images
~~~~~~~~~~~~~~~~~~~~~~~~~~~~~~~~~~~~~~~~~~~~~~~~~
Wed 10 Sep 2025 07:30:01 PM PDT - Started Downloading images
Wed 10 Sep 2025 07:30:02 PM PDT - Completed downloading images
~~~~~~~~~~~~~~~~~~~~~~~~~~~~~~~~~~~~~~~~~~~~~~~~~
Wed 10 Sep 2025 08:00:01 PM PDT - Started Downloading images
Wed 10 Sep 2025 08:00:01 PM PDT - Completed downloading images
~~~~~~~~~~~~~~~~~~~~~~~~~~~~~~~~~~~~~~~~~~~~~~~~~
Wed 10 Sep 2025 08:30:01 PM PDT - Started Downloading images
Wed 10 Sep 2025 08:30:01 PM PDT - Completed downloading images
~~~~~~~~~~~~~~~~~~~~~~~~~~~~~~~~~~~~~~~~~~~~~~~~~
Wed 10 Sep 2025 09:00:01 PM PDT - Started Downloading images
Wed 10 Sep 2025 09:00:02 PM PDT - Completed downloading images
~~~~~~~~~~~~~~~~~~~~~~~~~~~~~~~~~~~~~~~~~~~~~~~~~
Wed 10 Sep 2025 09:30:01 PM PDT - Started Downloading images
Wed 10 Sep 2025 09:30:01 PM PDT - Completed downloading images
~~~~~~~~~~~~~~~~~~~~~~~~~~~~~~~~~~~~~~~~~~~~~~~~~
Wed 10 Sep 2025 10:00:01 PM PDT - Started Downloading images
Wed 10 Sep 2025 10:00:02 PM PDT - Completed downloading images
~~~~~~~~~~~~~~~~~~~~~~~~~~~~~~~~~~~~~~~~~~~~~~~~~
Wed 10 Sep 2025 10:30:01 PM PDT - Started Downloading images
Wed 10 Sep 2025 10:30:01 PM PDT - Completed downloading images
~~~~~~~~~~~~~~~~~~~~~~~~~~~~~~~~~~~~~~~~~~~~~~~~~
Wed 10 Sep 2025 11:00:01 PM PDT - Started Downloading images
Wed 10 Sep 2025 11:00:02 PM PDT - Completed downloading images
~~~~~~~~~~~~~~~~~~~~~~~~~~~~~~~~~~~~~~~~~~~~~~~~~
Wed 10 Sep 2025 11:30:01 PM PDT - Started Downloading images
Wed 10 Sep 2025 11:30:01 PM PDT - Completed downloading images
~~~~~~~~~~~~~~~~~~~~~~~~~~~~~~~~~~~~~~~~~~~~~~~~~
Thu 11 Sep 2025 12:00:01 AM PDT - Started Downloading images
Thu 11 Sep 2025 12:00:01 AM PDT - Completed downloading images
~~~~~~~~~~~~~~~~~~~~~~~~~~~~~~~~~~~~~~~~~~~~~~~~~
Thu 11 Sep 2025 12:30:01 AM PDT - Started Downloading images
Thu 11 Sep 2025 12:30:02 AM PDT - Completed downloading images
~~~~~~~~~~~~~~~~~~~~~~~~~~~~~~~~~~~~~~~~~~~~~~~~~
Thu 11 Sep 2025 01:00:01 AM PDT - Started Downloading images
Thu 11 Sep 2025 01:00:01 AM PDT - Completed downloading images
~~~~~~~~~~~~~~~~~~~~~~~~~~~~~~~~~~~~~~~~~~~~~~~~~
Thu 11 Sep 2025 01:30:01 AM PDT - Started Downloading images
Thu 11 Sep 2025 01:30:02 AM PDT - Completed downloading images
~~~~~~~~~~~~~~~~~~~~~~~~~~~~~~~~~~~~~~~~~~~~~~~~~
Thu 11 Sep 2025 02:00:01 AM PDT - Started Downloading images
Thu 11 Sep 2025 02:00:01 AM PDT - Completed downloading images
~~~~~~~~~~~~~~~~~~~~~~~~~~~~~~~~~~~~~~~~~~~~~~~~~
Thu 11 Sep 2025 02:30:01 AM PDT - Started Downloading images
Thu 11 Sep 2025 02:30:02 AM PDT - Completed downloading images
~~~~~~~~~~~~~~~~~~~~~~~~~~~~~~~~~~~~~~~~~~~~~~~~~
Thu 11 Sep 2025 03:00:01 AM PDT - Started Downloading images
Thu 11 Sep 2025 03:00:01 AM PDT - Completed downloading images
~~~~~~~~~~~~~~~~~~~~~~~~~~~~~~~~~~~~~~~~~~~~~~~~~
Thu 11 Sep 2025 03:30:01 AM PDT - Started Downloading images
Thu 11 Sep 2025 03:30:01 AM PDT - Completed downloading images
~~~~~~~~~~~~~~~~~~~~~~~~~~~~~~~~~~~~~~~~~~~~~~~~~
Thu 11 Sep 2025 04:00:01 AM PDT - Started Downloading images
Thu 11 Sep 2025 04:00:02 AM PDT - Completed downloading images
~~~~~~~~~~~~~~~~~~~~~~~~~~~~~~~~~~~~~~~~~~~~~~~~~
Thu 11 Sep 2025 04:30:01 AM PDT - Started Downloading images
Thu 11 Sep 2025 04:30:01 AM PDT - Completed downloading images
~~~~~~~~~~~~~~~~~~~~~~~~~~~~~~~~~~~~~~~~~~~~~~~~~
Thu 11 Sep 2025 05:00:01 AM PDT - Started Downloading images
Thu 11 Sep 2025 05:00:02 AM PDT - Completed downloading images
~~~~~~~~~~~~~~~~~~~~~~~~~~~~~~~~~~~~~~~~~~~~~~~~~
Thu 11 Sep 2025 05:30:01 AM PDT - Started Downloading images
Thu 11 Sep 2025 05:30:01 AM PDT - Completed downloading images
~~~~~~~~~~~~~~~~~~~~~~~~~~~~~~~~~~~~~~~~~~~~~~~~~
Thu 11 Sep 2025 06:00:01 AM PDT - Started Downloading images
Thu 11 Sep 2025 06:00:02 AM PDT - Completed downloading images
~~~~~~~~~~~~~~~~~~~~~~~~~~~~~~~~~~~~~~~~~~~~~~~~~
Thu 11 Sep 2025 06:30:01 AM PDT - Started Downloading images
Thu 11 Sep 2025 06:30:02 AM PDT - Completed downloading images
~~~~~~~~~~~~~~~~~~~~~~~~~~~~~~~~~~~~~~~~~~~~~~~~~
Thu 11 Sep 2025 07:00:01 AM PDT - Started Downloading images
Thu 11 Sep 2025 07:00:01 AM PDT - Completed downloading images
~~~~~~~~~~~~~~~~~~~~~~~~~~~~~~~~~~~~~~~~~~~~~~~~~
Thu 11 Sep 2025 07:30:01 AM PDT - Started Downloading images
Thu 11 Sep 2025 07:30:02 AM PDT - Completed downloading images
~~~~~~~~~~~~~~~~~~~~~~~~~~~~~~~~~~~~~~~~~~~~~~~~~
Thu 11 Sep 2025 08:00:01 AM PDT - Started Downloading images
Thu 11 Sep 2025 08:00:01 AM PDT - Completed downloading images
~~~~~~~~~~~~~~~~~~~~~~~~~~~~~~~~~~~~~~~~~~~~~~~~~
Thu 11 Sep 2025 08:30:01 AM PDT - Started Downloading images
Thu 11 Sep 2025 08:30:02 AM PDT - Completed downloading images
~~~~~~~~~~~~~~~~~~~~~~~~~~~~~~~~~~~~~~~~~~~~~~~~~
Thu 11 Sep 2025 09:00:01 AM PDT - Started Downloading images
Thu 11 Sep 2025 09:00:01 AM PDT - Completed downloading images
~~~~~~~~~~~~~~~~~~~~~~~~~~~~~~~~~~~~~~~~~~~~~~~~~
Thu 11 Sep 2025 09:30:01 AM PDT - Started Downloading images
Thu 11 Sep 2025 09:30:02 AM PDT - Completed downloading images
~~~~~~~~~~~~~~~~~~~~~~~~~~~~~~~~~~~~~~~~~~~~~~~~~
Thu 11 Sep 2025 10:00:01 AM PDT - Started Downloading images
Thu 11 Sep 2025 10:00:01 AM PDT - Completed downloading images
~~~~~~~~~~~~~~~~~~~~~~~~~~~~~~~~~~~~~~~~~~~~~~~~~
Thu 11 Sep 2025 10:30:01 AM PDT - Started Downloading images
Thu 11 Sep 2025 10:30:01 AM PDT - Completed downloading images
~~~~~~~~~~~~~~~~~~~~~~~~~~~~~~~~~~~~~~~~~~~~~~~~~
Thu 11 Sep 2025 11:00:01 AM PDT - Started Downloading images
Thu 11 Sep 2025 11:00:01 AM PDT - Completed downloading images
~~~~~~~~~~~~~~~~~~~~~~~~~~~~~~~~~~~~~~~~~~~~~~~~~
Thu 11 Sep 2025 11:30:01 AM PDT - Started Downloading images
Thu 11 Sep 2025 11:30:01 AM PDT - Completed downloading images
~~~~~~~~~~~~~~~~~~~~~~~~~~~~~~~~~~~~~~~~~~~~~~~~~
Thu 11 Sep 2025 12:00:01 PM PDT - Started Downloading images
Thu 11 Sep 2025 12:00:02 PM PDT - Completed downloading images
~~~~~~~~~~~~~~~~~~~~~~~~~~~~~~~~~~~~~~~~~~~~~~~~~
Thu 11 Sep 2025 12:30:01 PM PDT - Started Downloading images
Thu 11 Sep 2025 12:30:01 PM PDT - Completed downloading images
~~~~~~~~~~~~~~~~~~~~~~~~~~~~~~~~~~~~~~~~~~~~~~~~~
Thu 11 Sep 2025 01:00:01 PM PDT - Started Downloading images
Thu 11 Sep 2025 01:00:02 PM PDT - Completed downloading images
~~~~~~~~~~~~~~~~~~~~~~~~~~~~~~~~~~~~~~~~~~~~~~~~~
Thu 11 Sep 2025 01:30:01 PM PDT - Started Downloading images
Thu 11 Sep 2025 01:30:01 PM PDT - Completed downloading images
~~~~~~~~~~~~~~~~~~~~~~~~~~~~~~~~~~~~~~~~~~~~~~~~~
Thu 11 Sep 2025 02:00:01 PM PDT - Started Downloading images
Thu 11 Sep 2025 02:00:02 PM PDT - Completed downloading images
~~~~~~~~~~~~~~~~~~~~~~~~~~~~~~~~~~~~~~~~~~~~~~~~~
Thu 11 Sep 2025 02:30:01 PM PDT - Started Downloading images
Thu 11 Sep 2025 02:30:01 PM PDT - Completed downloading images
~~~~~~~~~~~~~~~~~~~~~~~~~~~~~~~~~~~~~~~~~~~~~~~~~
Thu 11 Sep 2025 03:00:01 PM PDT - Started Downloading images
Thu 11 Sep 2025 03:00:02 PM PDT - Completed downloading images
~~~~~~~~~~~~~~~~~~~~~~~~~~~~~~~~~~~~~~~~~~~~~~~~~
Thu 11 Sep 2025 03:30:01 PM PDT - Started Downloading images
Thu 11 Sep 2025 03:30:01 PM PDT - Completed downloading images
~~~~~~~~~~~~~~~~~~~~~~~~~~~~~~~~~~~~~~~~~~~~~~~~~
Thu 11 Sep 2025 04:00:01 PM PDT - Started Downloading images
Thu 11 Sep 2025 04:00:02 PM PDT - Completed downloading images
~~~~~~~~~~~~~~~~~~~~~~~~~~~~~~~~~~~~~~~~~~~~~~~~~
Thu 11 Sep 2025 04:30:01 PM PDT - Started Downloading images
Thu 11 Sep 2025 04:30:01 PM PDT - Completed downloading images
~~~~~~~~~~~~~~~~~~~~~~~~~~~~~~~~~~~~~~~~~~~~~~~~~
Thu 11 Sep 2025 05:00:01 PM PDT - Started Downloading images
Thu 11 Sep 2025 05:00:02 PM PDT - Completed downloading images
~~~~~~~~~~~~~~~~~~~~~~~~~~~~~~~~~~~~~~~~~~~~~~~~~
Thu 11 Sep 2025 05:30:01 PM PDT - Started Downloading images
Thu 11 Sep 2025 05:30:01 PM PDT - Completed downloading images
~~~~~~~~~~~~~~~~~~~~~~~~~~~~~~~~~~~~~~~~~~~~~~~~~
Thu 11 Sep 2025 06:00:01 PM PDT - Started Downloading images
Thu 11 Sep 2025 06:00:02 PM PDT - Completed downloading images
~~~~~~~~~~~~~~~~~~~~~~~~~~~~~~~~~~~~~~~~~~~~~~~~~
Thu 11 Sep 2025 06:30:01 PM PDT - Started Downloading images
Thu 11 Sep 2025 06:30:01 PM PDT - Completed downloading images
~~~~~~~~~~~~~~~~~~~~~~~~~~~~~~~~~~~~~~~~~~~~~~~~~
Thu 11 Sep 2025 07:00:01 PM PDT - Started Downloading images
Thu 11 Sep 2025 07:00:02 PM PDT - Completed downloading images
~~~~~~~~~~~~~~~~~~~~~~~~~~~~~~~~~~~~~~~~~~~~~~~~~
Thu 11 Sep 2025 07:30:01 PM PDT - Started Downloading images
Thu 11 Sep 2025 07:30:01 PM PDT - Completed downloading images
~~~~~~~~~~~~~~~~~~~~~~~~~~~~~~~~~~~~~~~~~~~~~~~~~
Thu 11 Sep 2025 08:00:01 PM PDT - Started Downloading images
Thu 11 Sep 2025 08:00:02 PM PDT - Completed downloading images
~~~~~~~~~~~~~~~~~~~~~~~~~~~~~~~~~~~~~~~~~~~~~~~~~
Thu 11 Sep 2025 08:30:01 PM PDT - Started Downloading images
Thu 11 Sep 2025 08:30:01 PM PDT - Completed downloading images
~~~~~~~~~~~~~~~~~~~~~~~~~~~~~~~~~~~~~~~~~~~~~~~~~
Thu 11 Sep 2025 09:00:01 PM PDT - Started Downloading images
Thu 11 Sep 2025 09:00:02 PM PDT - Completed downloading images
~~~~~~~~~~~~~~~~~~~~~~~~~~~~~~~~~~~~~~~~~~~~~~~~~
Thu 11 Sep 2025 09:30:01 PM PDT - Started Downloading images
Thu 11 Sep 2025 09:30:01 PM PDT - Completed downloading images
~~~~~~~~~~~~~~~~~~~~~~~~~~~~~~~~~~~~~~~~~~~~~~~~~
Thu 11 Sep 2025 10:00:01 PM PDT - Started Downloading images
Thu 11 Sep 2025 10:00:02 PM PDT - Completed downloading images
~~~~~~~~~~~~~~~~~~~~~~~~~~~~~~~~~~~~~~~~~~~~~~~~~
Thu 11 Sep 2025 10:30:01 PM PDT - Started Downloading images
Thu 11 Sep 2025 10:30:01 PM PDT - Completed downloading images
~~~~~~~~~~~~~~~~~~~~~~~~~~~~~~~~~~~~~~~~~~~~~~~~~
Thu 11 Sep 2025 11:00:01 PM PDT - Started Downloading images
Thu 11 Sep 2025 11:00:02 PM PDT - Completed downloading images
~~~~~~~~~~~~~~~~~~~~~~~~~~~~~~~~~~~~~~~~~~~~~~~~~
Thu 11 Sep 2025 11:30:01 PM PDT - Started Downloading images
Thu 11 Sep 2025 11:30:02 PM PDT - Completed downloading images
~~~~~~~~~~~~~~~~~~~~~~~~~~~~~~~~~~~~~~~~~~~~~~~~~
Fri 12 Sep 2025 12:00:01 AM PDT - Started Downloading images
Fri 12 Sep 2025 12:00:01 AM PDT - Completed downloading images
~~~~~~~~~~~~~~~~~~~~~~~~~~~~~~~~~~~~~~~~~~~~~~~~~
Fri 12 Sep 2025 12:30:01 AM PDT - Started Downloading images
Fri 12 Sep 2025 12:30:02 AM PDT - Completed downloading images
~~~~~~~~~~~~~~~~~~~~~~~~~~~~~~~~~~~~~~~~~~~~~~~~~
Fri 12 Sep 2025 01:00:01 AM PDT - Started Downloading images
Fri 12 Sep 2025 01:00:01 AM PDT - Completed downloading images
~~~~~~~~~~~~~~~~~~~~~~~~~~~~~~~~~~~~~~~~~~~~~~~~~
Fri 12 Sep 2025 01:30:01 AM PDT - Started Downloading images
Fri 12 Sep 2025 01:30:02 AM PDT - Completed downloading images
~~~~~~~~~~~~~~~~~~~~~~~~~~~~~~~~~~~~~~~~~~~~~~~~~
Fri 12 Sep 2025 02:00:01 AM PDT - Started Downloading images
Fri 12 Sep 2025 02:00:01 AM PDT - Completed downloading images
~~~~~~~~~~~~~~~~~~~~~~~~~~~~~~~~~~~~~~~~~~~~~~~~~
Fri 12 Sep 2025 02:30:01 AM PDT - Started Downloading images
Fri 12 Sep 2025 02:30:02 AM PDT - Completed downloading images
~~~~~~~~~~~~~~~~~~~~~~~~~~~~~~~~~~~~~~~~~~~~~~~~~
Fri 12 Sep 2025 03:00:01 AM PDT - Started Downloading images
Fri 12 Sep 2025 03:00:01 AM PDT - Completed downloading images
~~~~~~~~~~~~~~~~~~~~~~~~~~~~~~~~~~~~~~~~~~~~~~~~~
Fri 12 Sep 2025 03:30:01 AM PDT - Started Downloading images
Fri 12 Sep 2025 03:30:01 AM PDT - Completed downloading images
~~~~~~~~~~~~~~~~~~~~~~~~~~~~~~~~~~~~~~~~~~~~~~~~~
Fri 12 Sep 2025 04:00:01 AM PDT - Started Downloading images
Fri 12 Sep 2025 04:00:02 AM PDT - Completed downloading images
~~~~~~~~~~~~~~~~~~~~~~~~~~~~~~~~~~~~~~~~~~~~~~~~~
Fri 12 Sep 2025 04:30:01 AM PDT - Started Downloading images
Fri 12 Sep 2025 04:30:01 AM PDT - Completed downloading images
~~~~~~~~~~~~~~~~~~~~~~~~~~~~~~~~~~~~~~~~~~~~~~~~~
Fri 12 Sep 2025 05:00:01 AM PDT - Started Downloading images
Fri 12 Sep 2025 05:00:02 AM PDT - Completed downloading images
~~~~~~~~~~~~~~~~~~~~~~~~~~~~~~~~~~~~~~~~~~~~~~~~~
Fri 12 Sep 2025 05:30:01 AM PDT - Started Downloading images
Fri 12 Sep 2025 05:30:01 AM PDT - Completed downloading images
~~~~~~~~~~~~~~~~~~~~~~~~~~~~~~~~~~~~~~~~~~~~~~~~~
Fri 12 Sep 2025 06:00:01 AM PDT - Started Downloading images
Fri 12 Sep 2025 06:00:02 AM PDT - Completed downloading images
~~~~~~~~~~~~~~~~~~~~~~~~~~~~~~~~~~~~~~~~~~~~~~~~~
Fri 12 Sep 2025 06:30:01 AM PDT - Started Downloading images
Fri 12 Sep 2025 06:30:02 AM PDT - Completed downloading images
~~~~~~~~~~~~~~~~~~~~~~~~~~~~~~~~~~~~~~~~~~~~~~~~~
Fri 12 Sep 2025 07:00:01 AM PDT - Started Downloading images
Fri 12 Sep 2025 07:00:01 AM PDT - Completed downloading images
~~~~~~~~~~~~~~~~~~~~~~~~~~~~~~~~~~~~~~~~~~~~~~~~~
Fri 12 Sep 2025 07:30:01 AM PDT - Started Downloading images
Fri 12 Sep 2025 07:30:02 AM PDT - Completed downloading images
~~~~~~~~~~~~~~~~~~~~~~~~~~~~~~~~~~~~~~~~~~~~~~~~~
Fri 12 Sep 2025 08:00:01 AM PDT - Started Downloading images
Fri 12 Sep 2025 08:00:01 AM PDT - Completed downloading images
~~~~~~~~~~~~~~~~~~~~~~~~~~~~~~~~~~~~~~~~~~~~~~~~~
Fri 12 Sep 2025 08:30:01 AM PDT - Started Downloading images
Fri 12 Sep 2025 08:30:02 AM PDT - Completed downloading images
~~~~~~~~~~~~~~~~~~~~~~~~~~~~~~~~~~~~~~~~~~~~~~~~~
Fri 12 Sep 2025 09:00:01 AM PDT - Started Downloading images
Fri 12 Sep 2025 09:00:01 AM PDT - Completed downloading images
~~~~~~~~~~~~~~~~~~~~~~~~~~~~~~~~~~~~~~~~~~~~~~~~~
Fri 12 Sep 2025 09:30:01 AM PDT - Started Downloading images
Fri 12 Sep 2025 09:30:02 AM PDT - Completed downloading images
~~~~~~~~~~~~~~~~~~~~~~~~~~~~~~~~~~~~~~~~~~~~~~~~~
Fri 12 Sep 2025 10:00:01 AM PDT - Started Downloading images
Fri 12 Sep 2025 10:00:01 AM PDT - Completed downloading images
~~~~~~~~~~~~~~~~~~~~~~~~~~~~~~~~~~~~~~~~~~~~~~~~~
Fri 12 Sep 2025 10:30:01 AM PDT - Started Downloading images
Fri 12 Sep 2025 10:30:02 AM PDT - Completed downloading images
~~~~~~~~~~~~~~~~~~~~~~~~~~~~~~~~~~~~~~~~~~~~~~~~~
Fri 12 Sep 2025 11:00:01 AM PDT - Started Downloading images
Fri 12 Sep 2025 11:00:01 AM PDT - Completed downloading images
~~~~~~~~~~~~~~~~~~~~~~~~~~~~~~~~~~~~~~~~~~~~~~~~~
Fri 12 Sep 2025 11:30:02 AM PDT - Started Downloading images
Fri 12 Sep 2025 11:30:02 AM PDT - Completed downloading images
~~~~~~~~~~~~~~~~~~~~~~~~~~~~~~~~~~~~~~~~~~~~~~~~~
Fri 12 Sep 2025 12:00:01 PM PDT - Started Downloading images
Fri 12 Sep 2025 12:00:02 PM PDT - Completed downloading images
~~~~~~~~~~~~~~~~~~~~~~~~~~~~~~~~~~~~~~~~~~~~~~~~~
Fri 12 Sep 2025 12:30:01 PM PDT - Started Downloading images
Fri 12 Sep 2025 12:30:01 PM PDT - Completed downloading images
~~~~~~~~~~~~~~~~~~~~~~~~~~~~~~~~~~~~~~~~~~~~~~~~~
Fri 12 Sep 2025 01:00:01 PM PDT - Started Downloading images
Fri 12 Sep 2025 01:00:02 PM PDT - Completed downloading images
~~~~~~~~~~~~~~~~~~~~~~~~~~~~~~~~~~~~~~~~~~~~~~~~~
Fri 12 Sep 2025 01:30:01 PM PDT - Started Downloading images
Fri 12 Sep 2025 01:30:01 PM PDT - Completed downloading images
~~~~~~~~~~~~~~~~~~~~~~~~~~~~~~~~~~~~~~~~~~~~~~~~~
Fri 12 Sep 2025 02:00:01 PM PDT - Started Downloading images
Fri 12 Sep 2025 02:00:02 PM PDT - Completed downloading images
~~~~~~~~~~~~~~~~~~~~~~~~~~~~~~~~~~~~~~~~~~~~~~~~~
Fri 12 Sep 2025 02:30:01 PM PDT - Started Downloading images
Fri 12 Sep 2025 02:30:01 PM PDT - Completed downloading images
~~~~~~~~~~~~~~~~~~~~~~~~~~~~~~~~~~~~~~~~~~~~~~~~~
Fri 12 Sep 2025 03:00:01 PM PDT - Started Downloading images
Fri 12 Sep 2025 03:00:02 PM PDT - Completed downloading images
~~~~~~~~~~~~~~~~~~~~~~~~~~~~~~~~~~~~~~~~~~~~~~~~~
Fri 12 Sep 2025 03:30:01 PM PDT - Started Downloading images
Fri 12 Sep 2025 03:30:01 PM PDT - Completed downloading images
~~~~~~~~~~~~~~~~~~~~~~~~~~~~~~~~~~~~~~~~~~~~~~~~~
Fri 12 Sep 2025 04:00:01 PM PDT - Started Downloading images
Fri 12 Sep 2025 04:00:02 PM PDT - Completed downloading images
~~~~~~~~~~~~~~~~~~~~~~~~~~~~~~~~~~~~~~~~~~~~~~~~~
Fri 12 Sep 2025 04:30:01 PM PDT - Started Downloading images
Fri 12 Sep 2025 04:30:02 PM PDT - Completed downloading images
~~~~~~~~~~~~~~~~~~~~~~~~~~~~~~~~~~~~~~~~~~~~~~~~~
Fri 12 Sep 2025 05:00:01 PM PDT - Started Downloading images
Fri 12 Sep 2025 05:00:01 PM PDT - Completed downloading images
~~~~~~~~~~~~~~~~~~~~~~~~~~~~~~~~~~~~~~~~~~~~~~~~~
Fri 12 Sep 2025 05:30:01 PM PDT - Started Downloading images
Fri 12 Sep 2025 05:30:02 PM PDT - Completed downloading images
~~~~~~~~~~~~~~~~~~~~~~~~~~~~~~~~~~~~~~~~~~~~~~~~~
Fri 12 Sep 2025 06:00:01 PM PDT - Started Downloading images
Fri 12 Sep 2025 06:00:01 PM PDT - Completed downloading images
~~~~~~~~~~~~~~~~~~~~~~~~~~~~~~~~~~~~~~~~~~~~~~~~~
Fri 12 Sep 2025 06:30:01 PM PDT - Started Downloading images
Fri 12 Sep 2025 06:30:02 PM PDT - Completed downloading images
~~~~~~~~~~~~~~~~~~~~~~~~~~~~~~~~~~~~~~~~~~~~~~~~~
Fri 12 Sep 2025 07:00:01 PM PDT - Started Downloading images
Fri 12 Sep 2025 07:00:01 PM PDT - Completed downloading images
~~~~~~~~~~~~~~~~~~~~~~~~~~~~~~~~~~~~~~~~~~~~~~~~~
Fri 12 Sep 2025 07:30:01 PM PDT - Started Downloading images
Fri 12 Sep 2025 07:30:02 PM PDT - Completed downloading images
~~~~~~~~~~~~~~~~~~~~~~~~~~~~~~~~~~~~~~~~~~~~~~~~~
Fri 12 Sep 2025 08:00:01 PM PDT - Started Downloading images
Fri 12 Sep 2025 08:00:01 PM PDT - Completed downloading images
~~~~~~~~~~~~~~~~~~~~~~~~~~~~~~~~~~~~~~~~~~~~~~~~~
Fri 12 Sep 2025 08:30:01 PM PDT - Started Downloading images
Fri 12 Sep 2025 08:30:02 PM PDT - Completed downloading images
~~~~~~~~~~~~~~~~~~~~~~~~~~~~~~~~~~~~~~~~~~~~~~~~~
Fri 12 Sep 2025 09:00:01 PM PDT - Started Downloading images
Fri 12 Sep 2025 09:00:01 PM PDT - Completed downloading images
~~~~~~~~~~~~~~~~~~~~~~~~~~~~~~~~~~~~~~~~~~~~~~~~~
Fri 12 Sep 2025 09:30:01 PM PDT - Started Downloading images
Fri 12 Sep 2025 09:30:02 PM PDT - Completed downloading images
~~~~~~~~~~~~~~~~~~~~~~~~~~~~~~~~~~~~~~~~~~~~~~~~~
Fri 12 Sep 2025 10:00:01 PM PDT - Started Downloading images
Fri 12 Sep 2025 10:00:01 PM PDT - Completed downloading images
~~~~~~~~~~~~~~~~~~~~~~~~~~~~~~~~~~~~~~~~~~~~~~~~~
Fri 12 Sep 2025 10:30:01 PM PDT - Started Downloading images
Fri 12 Sep 2025 10:30:02 PM PDT - Completed downloading images
~~~~~~~~~~~~~~~~~~~~~~~~~~~~~~~~~~~~~~~~~~~~~~~~~
Fri 12 Sep 2025 11:00:01 PM PDT - Started Downloading images
Fri 12 Sep 2025 11:00:01 PM PDT - Completed downloading images
~~~~~~~~~~~~~~~~~~~~~~~~~~~~~~~~~~~~~~~~~~~~~~~~~
Fri 12 Sep 2025 11:30:02 PM PDT - Started Downloading images
Fri 12 Sep 2025 11:30:02 PM PDT - Completed downloading images
~~~~~~~~~~~~~~~~~~~~~~~~~~~~~~~~~~~~~~~~~~~~~~~~~
Sat 13 Sep 2025 12:00:01 AM PDT - Started Downloading images
Sat 13 Sep 2025 12:00:01 AM PDT - Completed downloading images
~~~~~~~~~~~~~~~~~~~~~~~~~~~~~~~~~~~~~~~~~~~~~~~~~
Sat 13 Sep 2025 12:30:01 AM PDT - Started Downloading images
Sat 13 Sep 2025 12:30:01 AM PDT - Completed downloading images
~~~~~~~~~~~~~~~~~~~~~~~~~~~~~~~~~~~~~~~~~~~~~~~~~
Sat 13 Sep 2025 01:00:01 AM PDT - Started Downloading images
Sat 13 Sep 2025 01:00:02 AM PDT - Completed downloading images
~~~~~~~~~~~~~~~~~~~~~~~~~~~~~~~~~~~~~~~~~~~~~~~~~
Sat 13 Sep 2025 01:30:01 AM PDT - Started Downloading images
Sat 13 Sep 2025 01:30:01 AM PDT - Completed downloading images
~~~~~~~~~~~~~~~~~~~~~~~~~~~~~~~~~~~~~~~~~~~~~~~~~
Sat 13 Sep 2025 02:00:01 AM PDT - Started Downloading images
Sat 13 Sep 2025 02:00:02 AM PDT - Completed downloading images
~~~~~~~~~~~~~~~~~~~~~~~~~~~~~~~~~~~~~~~~~~~~~~~~~
Sat 13 Sep 2025 02:30:01 AM PDT - Started Downloading images
Sat 13 Sep 2025 02:30:01 AM PDT - Completed downloading images
~~~~~~~~~~~~~~~~~~~~~~~~~~~~~~~~~~~~~~~~~~~~~~~~~
Sat 13 Sep 2025 03:00:01 AM PDT - Started Downloading images
Sat 13 Sep 2025 03:00:02 AM PDT - Completed downloading images
~~~~~~~~~~~~~~~~~~~~~~~~~~~~~~~~~~~~~~~~~~~~~~~~~
Sat 13 Sep 2025 03:30:02 AM PDT - Started Downloading images
Sat 13 Sep 2025 03:30:02 AM PDT - Completed downloading images
~~~~~~~~~~~~~~~~~~~~~~~~~~~~~~~~~~~~~~~~~~~~~~~~~
Sat 13 Sep 2025 04:00:01 AM PDT - Started Downloading images
Sat 13 Sep 2025 04:00:02 AM PDT - Completed downloading images
~~~~~~~~~~~~~~~~~~~~~~~~~~~~~~~~~~~~~~~~~~~~~~~~~
Sat 13 Sep 2025 04:30:01 AM PDT - Started Downloading images
Sat 13 Sep 2025 04:30:01 AM PDT - Completed downloading images
~~~~~~~~~~~~~~~~~~~~~~~~~~~~~~~~~~~~~~~~~~~~~~~~~
Sat 13 Sep 2025 05:00:01 AM PDT - Started Downloading images
Sat 13 Sep 2025 05:00:02 AM PDT - Completed downloading images
~~~~~~~~~~~~~~~~~~~~~~~~~~~~~~~~~~~~~~~~~~~~~~~~~
Sat 13 Sep 2025 05:30:01 AM PDT - Started Downloading images
Sat 13 Sep 2025 05:30:01 AM PDT - Completed downloading images
~~~~~~~~~~~~~~~~~~~~~~~~~~~~~~~~~~~~~~~~~~~~~~~~~
Sat 13 Sep 2025 06:00:01 AM PDT - Started Downloading images
Sat 13 Sep 2025 06:00:02 AM PDT - Completed downloading images
~~~~~~~~~~~~~~~~~~~~~~~~~~~~~~~~~~~~~~~~~~~~~~~~~
Sat 13 Sep 2025 06:30:01 AM PDT - Started Downloading images
Sat 13 Sep 2025 06:30:02 AM PDT - Completed downloading images
~~~~~~~~~~~~~~~~~~~~~~~~~~~~~~~~~~~~~~~~~~~~~~~~~
Sat 13 Sep 2025 07:00:01 AM PDT - Started Downloading images
Sat 13 Sep 2025 07:00:01 AM PDT - Completed downloading images
~~~~~~~~~~~~~~~~~~~~~~~~~~~~~~~~~~~~~~~~~~~~~~~~~
Sat 13 Sep 2025 07:30:01 AM PDT - Started Downloading images
Sat 13 Sep 2025 07:30:02 AM PDT - Completed downloading images
~~~~~~~~~~~~~~~~~~~~~~~~~~~~~~~~~~~~~~~~~~~~~~~~~
Sat 13 Sep 2025 08:00:01 AM PDT - Started Downloading images
Sat 13 Sep 2025 08:00:01 AM PDT - Completed downloading images
~~~~~~~~~~~~~~~~~~~~~~~~~~~~~~~~~~~~~~~~~~~~~~~~~
Sat 13 Sep 2025 08:30:01 AM PDT - Started Downloading images
Sat 13 Sep 2025 08:30:02 AM PDT - Completed downloading images
~~~~~~~~~~~~~~~~~~~~~~~~~~~~~~~~~~~~~~~~~~~~~~~~~
Sat 13 Sep 2025 09:00:01 AM PDT - Started Downloading images
Sat 13 Sep 2025 09:00:01 AM PDT - Completed downloading images
~~~~~~~~~~~~~~~~~~~~~~~~~~~~~~~~~~~~~~~~~~~~~~~~~
Sat 13 Sep 2025 09:30:01 AM PDT - Started Downloading images
Sat 13 Sep 2025 09:30:02 AM PDT - Completed downloading images
~~~~~~~~~~~~~~~~~~~~~~~~~~~~~~~~~~~~~~~~~~~~~~~~~
Sat 13 Sep 2025 10:00:01 AM PDT - Started Downloading images
Sat 13 Sep 2025 10:00:01 AM PDT - Completed downloading images
~~~~~~~~~~~~~~~~~~~~~~~~~~~~~~~~~~~~~~~~~~~~~~~~~
Sat 13 Sep 2025 10:30:01 AM PDT - Started Downloading images
Sat 13 Sep 2025 10:30:02 AM PDT - Completed downloading images
~~~~~~~~~~~~~~~~~~~~~~~~~~~~~~~~~~~~~~~~~~~~~~~~~
Sat 13 Sep 2025 11:00:01 AM PDT - Started Downloading images
Sat 13 Sep 2025 11:00:01 AM PDT - Completed downloading images
~~~~~~~~~~~~~~~~~~~~~~~~~~~~~~~~~~~~~~~~~~~~~~~~~
Sat 13 Sep 2025 11:30:01 AM PDT - Started Downloading images
Sat 13 Sep 2025 11:30:02 AM PDT - Completed downloading images
~~~~~~~~~~~~~~~~~~~~~~~~~~~~~~~~~~~~~~~~~~~~~~~~~
Sat 13 Sep 2025 12:00:01 PM PDT - Started Downloading images
Sat 13 Sep 2025 12:00:01 PM PDT - Completed downloading images
~~~~~~~~~~~~~~~~~~~~~~~~~~~~~~~~~~~~~~~~~~~~~~~~~
Sat 13 Sep 2025 12:30:01 PM PDT - Started Downloading images
Sat 13 Sep 2025 12:30:02 PM PDT - Completed downloading images
~~~~~~~~~~~~~~~~~~~~~~~~~~~~~~~~~~~~~~~~~~~~~~~~~
Sat 13 Sep 2025 01:00:01 PM PDT - Started Downloading images
Sat 13 Sep 2025 01:00:02 PM PDT - Completed downloading images
~~~~~~~~~~~~~~~~~~~~~~~~~~~~~~~~~~~~~~~~~~~~~~~~~
Sat 13 Sep 2025 01:30:01 PM PDT - Started Downloading images
Sat 13 Sep 2025 01:30:01 PM PDT - Completed downloading images
~~~~~~~~~~~~~~~~~~~~~~~~~~~~~~~~~~~~~~~~~~~~~~~~~
Sat 13 Sep 2025 02:00:01 PM PDT - Started Downloading images
Sat 13 Sep 2025 02:00:02 PM PDT - Completed downloading images
~~~~~~~~~~~~~~~~~~~~~~~~~~~~~~~~~~~~~~~~~~~~~~~~~
Sat 13 Sep 2025 02:30:01 PM PDT - Started Downloading images
Sat 13 Sep 2025 02:30:01 PM PDT - Completed downloading images
~~~~~~~~~~~~~~~~~~~~~~~~~~~~~~~~~~~~~~~~~~~~~~~~~
Sat 13 Sep 2025 03:00:01 PM PDT - Started Downloading images
Sat 13 Sep 2025 03:00:02 PM PDT - Completed downloading images
~~~~~~~~~~~~~~~~~~~~~~~~~~~~~~~~~~~~~~~~~~~~~~~~~
Sat 13 Sep 2025 03:30:01 PM PDT - Started Downloading images
Sat 13 Sep 2025 03:30:01 PM PDT - Completed downloading images
~~~~~~~~~~~~~~~~~~~~~~~~~~~~~~~~~~~~~~~~~~~~~~~~~
Sat 13 Sep 2025 04:00:01 PM PDT - Started Downloading images
Sat 13 Sep 2025 04:00:02 PM PDT - Completed downloading images
~~~~~~~~~~~~~~~~~~~~~~~~~~~~~~~~~~~~~~~~~~~~~~~~~
Sat 13 Sep 2025 04:30:01 PM PDT - Started Downloading images
Sat 13 Sep 2025 04:30:01 PM PDT - Completed downloading images
~~~~~~~~~~~~~~~~~~~~~~~~~~~~~~~~~~~~~~~~~~~~~~~~~
Sat 13 Sep 2025 05:00:01 PM PDT - Started Downloading images
Sat 13 Sep 2025 05:00:02 PM PDT - Completed downloading images
~~~~~~~~~~~~~~~~~~~~~~~~~~~~~~~~~~~~~~~~~~~~~~~~~
Sat 13 Sep 2025 05:30:01 PM PDT - Started Downloading images
Sat 13 Sep 2025 05:30:01 PM PDT - Completed downloading images
~~~~~~~~~~~~~~~~~~~~~~~~~~~~~~~~~~~~~~~~~~~~~~~~~
Sat 13 Sep 2025 06:00:01 PM PDT - Started Downloading images
Sat 13 Sep 2025 06:00:02 PM PDT - Completed downloading images
~~~~~~~~~~~~~~~~~~~~~~~~~~~~~~~~~~~~~~~~~~~~~~~~~
Sat 13 Sep 2025 06:30:01 PM PDT - Started Downloading images
Sat 13 Sep 2025 06:30:01 PM PDT - Completed downloading images
~~~~~~~~~~~~~~~~~~~~~~~~~~~~~~~~~~~~~~~~~~~~~~~~~
Sat 13 Sep 2025 07:00:01 PM PDT - Started Downloading images
Sat 13 Sep 2025 07:00:02 PM PDT - Completed downloading images
~~~~~~~~~~~~~~~~~~~~~~~~~~~~~~~~~~~~~~~~~~~~~~~~~
Sat 13 Sep 2025 07:30:01 PM PDT - Started Downloading images
Sat 13 Sep 2025 07:30:01 PM PDT - Completed downloading images
~~~~~~~~~~~~~~~~~~~~~~~~~~~~~~~~~~~~~~~~~~~~~~~~~
Sat 13 Sep 2025 08:00:01 PM PDT - Started Downloading images
Sat 13 Sep 2025 08:00:02 PM PDT - Completed downloading images
~~~~~~~~~~~~~~~~~~~~~~~~~~~~~~~~~~~~~~~~~~~~~~~~~
Sat 13 Sep 2025 08:30:01 PM PDT - Started Downloading images
Sat 13 Sep 2025 08:30:01 PM PDT - Completed downloading images
~~~~~~~~~~~~~~~~~~~~~~~~~~~~~~~~~~~~~~~~~~~~~~~~~
Sat 13 Sep 2025 09:00:01 PM PDT - Started Downloading images
Sat 13 Sep 2025 09:00:02 PM PDT - Completed downloading images
~~~~~~~~~~~~~~~~~~~~~~~~~~~~~~~~~~~~~~~~~~~~~~~~~
Sat 13 Sep 2025 09:30:01 PM PDT - Started Downloading images
Sat 13 Sep 2025 09:30:01 PM PDT - Completed downloading images
~~~~~~~~~~~~~~~~~~~~~~~~~~~~~~~~~~~~~~~~~~~~~~~~~
Sat 13 Sep 2025 10:00:01 PM PDT - Started Downloading images
Sat 13 Sep 2025 10:00:02 PM PDT - Completed downloading images
~~~~~~~~~~~~~~~~~~~~~~~~~~~~~~~~~~~~~~~~~~~~~~~~~
Sat 13 Sep 2025 10:30:01 PM PDT - Started Downloading images
Sat 13 Sep 2025 10:30:01 PM PDT - Completed downloading images
~~~~~~~~~~~~~~~~~~~~~~~~~~~~~~~~~~~~~~~~~~~~~~~~~
Sat 13 Sep 2025 11:00:01 PM PDT - Started Downloading images
Sat 13 Sep 2025 11:00:02 PM PDT - Completed downloading images
~~~~~~~~~~~~~~~~~~~~~~~~~~~~~~~~~~~~~~~~~~~~~~~~~
Sat 13 Sep 2025 11:30:01 PM PDT - Started Downloading images
Sat 13 Sep 2025 11:30:01 PM PDT - Completed downloading images
~~~~~~~~~~~~~~~~~~~~~~~~~~~~~~~~~~~~~~~~~~~~~~~~~
Sun 14 Sep 2025 12:00:01 AM PDT - Started Downloading images
Sun 14 Sep 2025 12:00:02 AM PDT - Completed downloading images
~~~~~~~~~~~~~~~~~~~~~~~~~~~~~~~~~~~~~~~~~~~~~~~~~
Sun 14 Sep 2025 12:30:01 AM PDT - Started Downloading images
Sun 14 Sep 2025 12:30:01 AM PDT - Completed downloading images
~~~~~~~~~~~~~~~~~~~~~~~~~~~~~~~~~~~~~~~~~~~~~~~~~
Sun 14 Sep 2025 01:00:01 AM PDT - Started Downloading images
Sun 14 Sep 2025 01:00:02 AM PDT - Completed downloading images
~~~~~~~~~~~~~~~~~~~~~~~~~~~~~~~~~~~~~~~~~~~~~~~~~
Sun 14 Sep 2025 01:30:01 AM PDT - Started Downloading images
Sun 14 Sep 2025 01:30:01 AM PDT - Completed downloading images
~~~~~~~~~~~~~~~~~~~~~~~~~~~~~~~~~~~~~~~~~~~~~~~~~
Sun 14 Sep 2025 02:00:01 AM PDT - Started Downloading images
Sun 14 Sep 2025 02:00:02 AM PDT - Completed downloading images
~~~~~~~~~~~~~~~~~~~~~~~~~~~~~~~~~~~~~~~~~~~~~~~~~
Sun 14 Sep 2025 02:30:01 AM PDT - Started Downloading images
Sun 14 Sep 2025 02:30:01 AM PDT - Completed downloading images
~~~~~~~~~~~~~~~~~~~~~~~~~~~~~~~~~~~~~~~~~~~~~~~~~
Sun 14 Sep 2025 03:00:01 AM PDT - Started Downloading images
Sun 14 Sep 2025 03:00:02 AM PDT - Completed downloading images
~~~~~~~~~~~~~~~~~~~~~~~~~~~~~~~~~~~~~~~~~~~~~~~~~
Sun 14 Sep 2025 03:30:01 AM PDT - Started Downloading images
Sun 14 Sep 2025 03:30:02 AM PDT - Completed downloading images
~~~~~~~~~~~~~~~~~~~~~~~~~~~~~~~~~~~~~~~~~~~~~~~~~
Sun 14 Sep 2025 04:00:01 AM PDT - Started Downloading images
Sun 14 Sep 2025 04:00:01 AM PDT - Completed downloading images
~~~~~~~~~~~~~~~~~~~~~~~~~~~~~~~~~~~~~~~~~~~~~~~~~
Sun 14 Sep 2025 04:30:01 AM PDT - Started Downloading images
Sun 14 Sep 2025 04:30:02 AM PDT - Completed downloading images
~~~~~~~~~~~~~~~~~~~~~~~~~~~~~~~~~~~~~~~~~~~~~~~~~
Sun 14 Sep 2025 05:00:01 AM PDT - Started Downloading images
Sun 14 Sep 2025 05:00:01 AM PDT - Completed downloading images
~~~~~~~~~~~~~~~~~~~~~~~~~~~~~~~~~~~~~~~~~~~~~~~~~
Sun 14 Sep 2025 05:30:01 AM PDT - Started Downloading images
Sun 14 Sep 2025 05:30:02 AM PDT - Completed downloading images
~~~~~~~~~~~~~~~~~~~~~~~~~~~~~~~~~~~~~~~~~~~~~~~~~
Sun 14 Sep 2025 06:00:01 AM PDT - Started Downloading images
Sun 14 Sep 2025 06:00:01 AM PDT - Completed downloading images
~~~~~~~~~~~~~~~~~~~~~~~~~~~~~~~~~~~~~~~~~~~~~~~~~
Sun 14 Sep 2025 06:30:01 AM PDT - Started Downloading images
Sun 14 Sep 2025 06:30:01 AM PDT - Completed downloading images
~~~~~~~~~~~~~~~~~~~~~~~~~~~~~~~~~~~~~~~~~~~~~~~~~
Sun 14 Sep 2025 07:00:01 AM PDT - Started Downloading images
Sun 14 Sep 2025 07:00:02 AM PDT - Completed downloading images
~~~~~~~~~~~~~~~~~~~~~~~~~~~~~~~~~~~~~~~~~~~~~~~~~
Sun 14 Sep 2025 07:30:01 AM PDT - Started Downloading images
Sun 14 Sep 2025 07:30:01 AM PDT - Completed downloading images
~~~~~~~~~~~~~~~~~~~~~~~~~~~~~~~~~~~~~~~~~~~~~~~~~
Sun 14 Sep 2025 08:00:01 AM PDT - Started Downloading images
Sun 14 Sep 2025 08:00:02 AM PDT - Completed downloading images
~~~~~~~~~~~~~~~~~~~~~~~~~~~~~~~~~~~~~~~~~~~~~~~~~
Sun 14 Sep 2025 08:30:01 AM PDT - Started Downloading images
Sun 14 Sep 2025 08:30:01 AM PDT - Completed downloading images
~~~~~~~~~~~~~~~~~~~~~~~~~~~~~~~~~~~~~~~~~~~~~~~~~
Sun 14 Sep 2025 09:00:01 AM PDT - Started Downloading images
Sun 14 Sep 2025 09:00:02 AM PDT - Completed downloading images
~~~~~~~~~~~~~~~~~~~~~~~~~~~~~~~~~~~~~~~~~~~~~~~~~
Sun 14 Sep 2025 09:30:01 AM PDT - Started Downloading images
Sun 14 Sep 2025 09:30:01 AM PDT - Completed downloading images
~~~~~~~~~~~~~~~~~~~~~~~~~~~~~~~~~~~~~~~~~~~~~~~~~
Sun 14 Sep 2025 10:00:01 AM PDT - Started Downloading images
Sun 14 Sep 2025 10:00:02 AM PDT - Completed downloading images
~~~~~~~~~~~~~~~~~~~~~~~~~~~~~~~~~~~~~~~~~~~~~~~~~
Sun 14 Sep 2025 10:30:01 AM PDT - Started Downloading images
Sun 14 Sep 2025 10:30:01 AM PDT - Completed downloading images
~~~~~~~~~~~~~~~~~~~~~~~~~~~~~~~~~~~~~~~~~~~~~~~~~
Sun 14 Sep 2025 11:00:01 AM PDT - Started Downloading images
Sun 14 Sep 2025 11:00:02 AM PDT - Completed downloading images
~~~~~~~~~~~~~~~~~~~~~~~~~~~~~~~~~~~~~~~~~~~~~~~~~
Sun 14 Sep 2025 11:30:01 AM PDT - Started Downloading images
Sun 14 Sep 2025 11:30:01 AM PDT - Completed downloading images
~~~~~~~~~~~~~~~~~~~~~~~~~~~~~~~~~~~~~~~~~~~~~~~~~
Sun 14 Sep 2025 12:00:01 PM PDT - Started Downloading images
Sun 14 Sep 2025 12:00:02 PM PDT - Completed downloading images
~~~~~~~~~~~~~~~~~~~~~~~~~~~~~~~~~~~~~~~~~~~~~~~~~
Sun 14 Sep 2025 12:30:01 PM PDT - Started Downloading images
Sun 14 Sep 2025 12:30:01 PM PDT - Completed downloading images
~~~~~~~~~~~~~~~~~~~~~~~~~~~~~~~~~~~~~~~~~~~~~~~~~
Sun 14 Sep 2025 01:00:01 PM PDT - Started Downloading images
Sun 14 Sep 2025 01:00:02 PM PDT - Completed downloading images
~~~~~~~~~~~~~~~~~~~~~~~~~~~~~~~~~~~~~~~~~~~~~~~~~
Sun 14 Sep 2025 01:30:01 PM PDT - Started Downloading images
Sun 14 Sep 2025 01:30:01 PM PDT - Completed downloading images
~~~~~~~~~~~~~~~~~~~~~~~~~~~~~~~~~~~~~~~~~~~~~~~~~
Sun 14 Sep 2025 02:00:02 PM PDT - Started Downloading images
Sun 14 Sep 2025 02:00:02 PM PDT - Completed downloading images
~~~~~~~~~~~~~~~~~~~~~~~~~~~~~~~~~~~~~~~~~~~~~~~~~
Sun 14 Sep 2025 02:30:01 PM PDT - Started Downloading images
Sun 14 Sep 2025 02:30:01 PM PDT - Completed downloading images
~~~~~~~~~~~~~~~~~~~~~~~~~~~~~~~~~~~~~~~~~~~~~~~~~
Sun 14 Sep 2025 03:00:01 PM PDT - Started Downloading images
Sun 14 Sep 2025 03:00:01 PM PDT - Completed downloading images
~~~~~~~~~~~~~~~~~~~~~~~~~~~~~~~~~~~~~~~~~~~~~~~~~
Sun 14 Sep 2025 03:30:01 PM PDT - Started Downloading images
Sun 14 Sep 2025 03:30:02 PM PDT - Completed downloading images
~~~~~~~~~~~~~~~~~~~~~~~~~~~~~~~~~~~~~~~~~~~~~~~~~
Sun 14 Sep 2025 04:00:01 PM PDT - Started Downloading images
Sun 14 Sep 2025 04:00:01 PM PDT - Completed downloading images
~~~~~~~~~~~~~~~~~~~~~~~~~~~~~~~~~~~~~~~~~~~~~~~~~
Sun 14 Sep 2025 04:30:01 PM PDT - Started Downloading images
Sun 14 Sep 2025 04:30:02 PM PDT - Completed downloading images
~~~~~~~~~~~~~~~~~~~~~~~~~~~~~~~~~~~~~~~~~~~~~~~~~
Sun 14 Sep 2025 05:00:01 PM PDT - Started Downloading images
Sun 14 Sep 2025 05:00:01 PM PDT - Completed downloading images
~~~~~~~~~~~~~~~~~~~~~~~~~~~~~~~~~~~~~~~~~~~~~~~~~
Sun 14 Sep 2025 05:30:01 PM PDT - Started Downloading images
Sun 14 Sep 2025 05:30:02 PM PDT - Completed downloading images
~~~~~~~~~~~~~~~~~~~~~~~~~~~~~~~~~~~~~~~~~~~~~~~~~
Sun 14 Sep 2025 06:00:01 PM PDT - Started Downloading images
Sun 14 Sep 2025 06:00:01 PM PDT - Completed downloading images
~~~~~~~~~~~~~~~~~~~~~~~~~~~~~~~~~~~~~~~~~~~~~~~~~
Sun 14 Sep 2025 06:30:01 PM PDT - Started Downloading images
Sun 14 Sep 2025 06:30:02 PM PDT - Completed downloading images
~~~~~~~~~~~~~~~~~~~~~~~~~~~~~~~~~~~~~~~~~~~~~~~~~
Sun 14 Sep 2025 07:00:01 PM PDT - Started Downloading images
Sun 14 Sep 2025 07:00:01 PM PDT - Completed downloading images
~~~~~~~~~~~~~~~~~~~~~~~~~~~~~~~~~~~~~~~~~~~~~~~~~
Sun 14 Sep 2025 07:30:01 PM PDT - Started Downloading images
Sun 14 Sep 2025 07:30:02 PM PDT - Completed downloading images
~~~~~~~~~~~~~~~~~~~~~~~~~~~~~~~~~~~~~~~~~~~~~~~~~
Sun 14 Sep 2025 08:00:01 PM PDT - Started Downloading images
Sun 14 Sep 2025 08:00:01 PM PDT - Completed downloading images
~~~~~~~~~~~~~~~~~~~~~~~~~~~~~~~~~~~~~~~~~~~~~~~~~
Sun 14 Sep 2025 08:30:01 PM PDT - Started Downloading images
Sun 14 Sep 2025 08:30:01 PM PDT - Completed downloading images
~~~~~~~~~~~~~~~~~~~~~~~~~~~~~~~~~~~~~~~~~~~~~~~~~
Sun 14 Sep 2025 09:00:01 PM PDT - Started Downloading images
Sun 14 Sep 2025 09:00:02 PM PDT - Completed downloading images
~~~~~~~~~~~~~~~~~~~~~~~~~~~~~~~~~~~~~~~~~~~~~~~~~
Sun 14 Sep 2025 09:30:01 PM PDT - Started Downloading images
Sun 14 Sep 2025 09:30:01 PM PDT - Completed downloading images
~~~~~~~~~~~~~~~~~~~~~~~~~~~~~~~~~~~~~~~~~~~~~~~~~
Sun 14 Sep 2025 10:00:01 PM PDT - Started Downloading images
Sun 14 Sep 2025 10:00:02 PM PDT - Completed downloading images
~~~~~~~~~~~~~~~~~~~~~~~~~~~~~~~~~~~~~~~~~~~~~~~~~
Sun 14 Sep 2025 10:30:01 PM PDT - Started Downloading images
Sun 14 Sep 2025 10:30:01 PM PDT - Completed downloading images
~~~~~~~~~~~~~~~~~~~~~~~~~~~~~~~~~~~~~~~~~~~~~~~~~
Sun 14 Sep 2025 11:00:01 PM PDT - Started Downloading images
Sun 14 Sep 2025 11:00:02 PM PDT - Completed downloading images
~~~~~~~~~~~~~~~~~~~~~~~~~~~~~~~~~~~~~~~~~~~~~~~~~
Sun 14 Sep 2025 11:30:01 PM PDT - Started Downloading images
Sun 14 Sep 2025 11:30:01 PM PDT - Completed downloading images
~~~~~~~~~~~~~~~~~~~~~~~~~~~~~~~~~~~~~~~~~~~~~~~~~
Mon 15 Sep 2025 12:00:01 AM PDT - Started Downloading images
Mon 15 Sep 2025 12:00:02 AM PDT - Completed downloading images
~~~~~~~~~~~~~~~~~~~~~~~~~~~~~~~~~~~~~~~~~~~~~~~~~
Mon 15 Sep 2025 12:30:01 AM PDT - Started Downloading images
Mon 15 Sep 2025 12:30:01 AM PDT - Completed downloading images
~~~~~~~~~~~~~~~~~~~~~~~~~~~~~~~~~~~~~~~~~~~~~~~~~
Mon 15 Sep 2025 01:00:01 AM PDT - Started Downloading images
Mon 15 Sep 2025 01:00:02 AM PDT - Completed downloading images
~~~~~~~~~~~~~~~~~~~~~~~~~~~~~~~~~~~~~~~~~~~~~~~~~
Mon 15 Sep 2025 01:30:01 AM PDT - Started Downloading images
Mon 15 Sep 2025 01:30:01 AM PDT - Completed downloading images
~~~~~~~~~~~~~~~~~~~~~~~~~~~~~~~~~~~~~~~~~~~~~~~~~
Mon 15 Sep 2025 02:00:01 AM PDT - Started Downloading images
Mon 15 Sep 2025 02:00:02 AM PDT - Completed downloading images
~~~~~~~~~~~~~~~~~~~~~~~~~~~~~~~~~~~~~~~~~~~~~~~~~
Mon 15 Sep 2025 02:30:01 AM PDT - Started Downloading images
Mon 15 Sep 2025 02:30:01 AM PDT - Completed downloading images
~~~~~~~~~~~~~~~~~~~~~~~~~~~~~~~~~~~~~~~~~~~~~~~~~
Mon 15 Sep 2025 03:00:01 AM PDT - Started Downloading images
Mon 15 Sep 2025 03:00:02 AM PDT - Completed downloading images
~~~~~~~~~~~~~~~~~~~~~~~~~~~~~~~~~~~~~~~~~~~~~~~~~
Mon 15 Sep 2025 03:30:01 AM PDT - Started Downloading images
Mon 15 Sep 2025 03:30:02 AM PDT - Completed downloading images
~~~~~~~~~~~~~~~~~~~~~~~~~~~~~~~~~~~~~~~~~~~~~~~~~
Mon 15 Sep 2025 04:00:01 AM PDT - Started Downloading images
Mon 15 Sep 2025 04:00:02 AM PDT - Completed downloading images
~~~~~~~~~~~~~~~~~~~~~~~~~~~~~~~~~~~~~~~~~~~~~~~~~
Mon 15 Sep 2025 04:30:01 AM PDT - Started Downloading images
Mon 15 Sep 2025 04:30:01 AM PDT - Completed downloading images
~~~~~~~~~~~~~~~~~~~~~~~~~~~~~~~~~~~~~~~~~~~~~~~~~
Mon 15 Sep 2025 05:00:01 AM PDT - Started Downloading images
Mon 15 Sep 2025 05:00:02 AM PDT - Completed downloading images
~~~~~~~~~~~~~~~~~~~~~~~~~~~~~~~~~~~~~~~~~~~~~~~~~
Mon 15 Sep 2025 05:30:01 AM PDT - Started Downloading images
Mon 15 Sep 2025 05:30:01 AM PDT - Completed downloading images
~~~~~~~~~~~~~~~~~~~~~~~~~~~~~~~~~~~~~~~~~~~~~~~~~
Mon 15 Sep 2025 06:00:01 AM PDT - Started Downloading images
Mon 15 Sep 2025 06:00:02 AM PDT - Completed downloading images
~~~~~~~~~~~~~~~~~~~~~~~~~~~~~~~~~~~~~~~~~~~~~~~~~
Mon 15 Sep 2025 06:30:01 AM PDT - Started Downloading images
Mon 15 Sep 2025 06:30:02 AM PDT - Completed downloading images
~~~~~~~~~~~~~~~~~~~~~~~~~~~~~~~~~~~~~~~~~~~~~~~~~
Mon 15 Sep 2025 07:00:01 AM PDT - Started Downloading images
Mon 15 Sep 2025 07:00:01 AM PDT - Completed downloading images
~~~~~~~~~~~~~~~~~~~~~~~~~~~~~~~~~~~~~~~~~~~~~~~~~
Mon 15 Sep 2025 07:30:01 AM PDT - Started Downloading images
Mon 15 Sep 2025 07:30:02 AM PDT - Completed downloading images
~~~~~~~~~~~~~~~~~~~~~~~~~~~~~~~~~~~~~~~~~~~~~~~~~
Mon 15 Sep 2025 08:00:01 AM PDT - Started Downloading images
Mon 15 Sep 2025 08:00:01 AM PDT - Completed downloading images
~~~~~~~~~~~~~~~~~~~~~~~~~~~~~~~~~~~~~~~~~~~~~~~~~
Mon 15 Sep 2025 08:30:01 AM PDT - Started Downloading images
Mon 15 Sep 2025 08:30:02 AM PDT - Completed downloading images
~~~~~~~~~~~~~~~~~~~~~~~~~~~~~~~~~~~~~~~~~~~~~~~~~
Mon 15 Sep 2025 09:00:01 AM PDT - Started Downloading images
Mon 15 Sep 2025 09:00:01 AM PDT - Completed downloading images
~~~~~~~~~~~~~~~~~~~~~~~~~~~~~~~~~~~~~~~~~~~~~~~~~
Mon 15 Sep 2025 09:30:01 AM PDT - Started Downloading images
Mon 15 Sep 2025 09:30:02 AM PDT - Completed downloading images
~~~~~~~~~~~~~~~~~~~~~~~~~~~~~~~~~~~~~~~~~~~~~~~~~
Mon 15 Sep 2025 10:00:01 AM PDT - Started Downloading images
Mon 15 Sep 2025 10:00:02 AM PDT - Completed downloading images
~~~~~~~~~~~~~~~~~~~~~~~~~~~~~~~~~~~~~~~~~~~~~~~~~
Mon 15 Sep 2025 10:30:01 AM PDT - Started Downloading images
Mon 15 Sep 2025 10:30:01 AM PDT - Completed downloading images
~~~~~~~~~~~~~~~~~~~~~~~~~~~~~~~~~~~~~~~~~~~~~~~~~
Mon 15 Sep 2025 11:00:01 AM PDT - Started Downloading images
Mon 15 Sep 2025 11:00:02 AM PDT - Completed downloading images
~~~~~~~~~~~~~~~~~~~~~~~~~~~~~~~~~~~~~~~~~~~~~~~~~
Mon 15 Sep 2025 11:30:01 AM PDT - Started Downloading images
Mon 15 Sep 2025 11:30:01 AM PDT - Completed downloading images
~~~~~~~~~~~~~~~~~~~~~~~~~~~~~~~~~~~~~~~~~~~~~~~~~
Mon 15 Sep 2025 12:00:01 PM PDT - Started Downloading images
Mon 15 Sep 2025 12:00:02 PM PDT - Completed downloading images
~~~~~~~~~~~~~~~~~~~~~~~~~~~~~~~~~~~~~~~~~~~~~~~~~
Mon 15 Sep 2025 12:30:01 PM PDT - Started Downloading images
Mon 15 Sep 2025 12:30:01 PM PDT - Completed downloading images
~~~~~~~~~~~~~~~~~~~~~~~~~~~~~~~~~~~~~~~~~~~~~~~~~
Mon 15 Sep 2025 01:00:01 PM PDT - Started Downloading images
Mon 15 Sep 2025 01:00:02 PM PDT - Completed downloading images
~~~~~~~~~~~~~~~~~~~~~~~~~~~~~~~~~~~~~~~~~~~~~~~~~
Mon 15 Sep 2025 01:30:01 PM PDT - Started Downloading images
Mon 15 Sep 2025 01:30:01 PM PDT - Completed downloading images
~~~~~~~~~~~~~~~~~~~~~~~~~~~~~~~~~~~~~~~~~~~~~~~~~
Mon 15 Sep 2025 02:00:01 PM PDT - Started Downloading images
Mon 15 Sep 2025 02:00:02 PM PDT - Completed downloading images
~~~~~~~~~~~~~~~~~~~~~~~~~~~~~~~~~~~~~~~~~~~~~~~~~
Mon 15 Sep 2025 02:30:01 PM PDT - Started Downloading images
Mon 15 Sep 2025 02:30:01 PM PDT - Completed downloading images
~~~~~~~~~~~~~~~~~~~~~~~~~~~~~~~~~~~~~~~~~~~~~~~~~
Mon 15 Sep 2025 03:00:01 PM PDT - Started Downloading images
Mon 15 Sep 2025 03:00:02 PM PDT - Completed downloading images
~~~~~~~~~~~~~~~~~~~~~~~~~~~~~~~~~~~~~~~~~~~~~~~~~
Mon 15 Sep 2025 03:30:01 PM PDT - Started Downloading images
Mon 15 Sep 2025 03:30:01 PM PDT - Completed downloading images
~~~~~~~~~~~~~~~~~~~~~~~~~~~~~~~~~~~~~~~~~~~~~~~~~
Mon 15 Sep 2025 04:00:01 PM PDT - Started Downloading images
Mon 15 Sep 2025 04:00:02 PM PDT - Completed downloading images
~~~~~~~~~~~~~~~~~~~~~~~~~~~~~~~~~~~~~~~~~~~~~~~~~
Mon 15 Sep 2025 04:30:01 PM PDT - Started Downloading images
Mon 15 Sep 2025 04:30:01 PM PDT - Completed downloading images
~~~~~~~~~~~~~~~~~~~~~~~~~~~~~~~~~~~~~~~~~~~~~~~~~
Mon 15 Sep 2025 05:00:01 PM PDT - Started Downloading images
Mon 15 Sep 2025 05:00:02 PM PDT - Completed downloading images
~~~~~~~~~~~~~~~~~~~~~~~~~~~~~~~~~~~~~~~~~~~~~~~~~
Mon 15 Sep 2025 05:30:01 PM PDT - Started Downloading images
Mon 15 Sep 2025 05:30:01 PM PDT - Completed downloading images
~~~~~~~~~~~~~~~~~~~~~~~~~~~~~~~~~~~~~~~~~~~~~~~~~
Mon 15 Sep 2025 06:00:01 PM PDT - Started Downloading images
Mon 15 Sep 2025 06:00:01 PM PDT - Completed downloading images
~~~~~~~~~~~~~~~~~~~~~~~~~~~~~~~~~~~~~~~~~~~~~~~~~
Mon 15 Sep 2025 06:30:01 PM PDT - Started Downloading images
Mon 15 Sep 2025 06:30:01 PM PDT - Completed downloading images
~~~~~~~~~~~~~~~~~~~~~~~~~~~~~~~~~~~~~~~~~~~~~~~~~
Mon 15 Sep 2025 07:00:01 PM PDT - Started Downloading images
Mon 15 Sep 2025 07:00:01 PM PDT - Completed downloading images
~~~~~~~~~~~~~~~~~~~~~~~~~~~~~~~~~~~~~~~~~~~~~~~~~
Mon 15 Sep 2025 07:30:01 PM PDT - Started Downloading images
Mon 15 Sep 2025 07:30:02 PM PDT - Completed downloading images
~~~~~~~~~~~~~~~~~~~~~~~~~~~~~~~~~~~~~~~~~~~~~~~~~
Mon 15 Sep 2025 08:00:01 PM PDT - Started Downloading images
Mon 15 Sep 2025 08:00:01 PM PDT - Completed downloading images
~~~~~~~~~~~~~~~~~~~~~~~~~~~~~~~~~~~~~~~~~~~~~~~~~
Mon 15 Sep 2025 08:30:01 PM PDT - Started Downloading images
Mon 15 Sep 2025 08:30:02 PM PDT - Completed downloading images
~~~~~~~~~~~~~~~~~~~~~~~~~~~~~~~~~~~~~~~~~~~~~~~~~
Mon 15 Sep 2025 09:00:01 PM PDT - Started Downloading images
Mon 15 Sep 2025 09:00:01 PM PDT - Completed downloading images
~~~~~~~~~~~~~~~~~~~~~~~~~~~~~~~~~~~~~~~~~~~~~~~~~
Mon 15 Sep 2025 09:30:01 PM PDT - Started Downloading images
Mon 15 Sep 2025 09:30:02 PM PDT - Completed downloading images
~~~~~~~~~~~~~~~~~~~~~~~~~~~~~~~~~~~~~~~~~~~~~~~~~
Mon 15 Sep 2025 10:00:01 PM PDT - Started Downloading images
Mon 15 Sep 2025 10:00:01 PM PDT - Completed downloading images
~~~~~~~~~~~~~~~~~~~~~~~~~~~~~~~~~~~~~~~~~~~~~~~~~
Mon 15 Sep 2025 10:30:01 PM PDT - Started Downloading images
Mon 15 Sep 2025 10:30:02 PM PDT - Completed downloading images
~~~~~~~~~~~~~~~~~~~~~~~~~~~~~~~~~~~~~~~~~~~~~~~~~
Mon 15 Sep 2025 11:00:01 PM PDT - Started Downloading images
Mon 15 Sep 2025 11:00:01 PM PDT - Completed downloading images
~~~~~~~~~~~~~~~~~~~~~~~~~~~~~~~~~~~~~~~~~~~~~~~~~
Mon 15 Sep 2025 11:30:01 PM PDT - Started Downloading images
Mon 15 Sep 2025 11:30:02 PM PDT - Completed downloading images
~~~~~~~~~~~~~~~~~~~~~~~~~~~~~~~~~~~~~~~~~~~~~~~~~
Tue 16 Sep 2025 12:00:01 AM PDT - Started Downloading images
Tue 16 Sep 2025 12:00:01 AM PDT - Completed downloading images
~~~~~~~~~~~~~~~~~~~~~~~~~~~~~~~~~~~~~~~~~~~~~~~~~
Tue 16 Sep 2025 12:30:01 AM PDT - Started Downloading images
Tue 16 Sep 2025 12:30:01 AM PDT - Completed downloading images
~~~~~~~~~~~~~~~~~~~~~~~~~~~~~~~~~~~~~~~~~~~~~~~~~
Tue 16 Sep 2025 01:00:01 AM PDT - Started Downloading images
Tue 16 Sep 2025 01:00:01 AM PDT - Completed downloading images
~~~~~~~~~~~~~~~~~~~~~~~~~~~~~~~~~~~~~~~~~~~~~~~~~
Tue 16 Sep 2025 01:30:01 AM PDT - Started Downloading images
Tue 16 Sep 2025 01:30:01 AM PDT - Completed downloading images
~~~~~~~~~~~~~~~~~~~~~~~~~~~~~~~~~~~~~~~~~~~~~~~~~
Tue 16 Sep 2025 02:00:01 AM PDT - Started Downloading images
Tue 16 Sep 2025 02:00:02 AM PDT - Completed downloading images
~~~~~~~~~~~~~~~~~~~~~~~~~~~~~~~~~~~~~~~~~~~~~~~~~
Tue 16 Sep 2025 02:30:01 AM PDT - Started Downloading images
Tue 16 Sep 2025 02:30:01 AM PDT - Completed downloading images
~~~~~~~~~~~~~~~~~~~~~~~~~~~~~~~~~~~~~~~~~~~~~~~~~
Tue 16 Sep 2025 03:00:01 AM PDT - Started Downloading images
Tue 16 Sep 2025 03:00:02 AM PDT - Completed downloading images
~~~~~~~~~~~~~~~~~~~~~~~~~~~~~~~~~~~~~~~~~~~~~~~~~
Tue 16 Sep 2025 03:30:01 AM PDT - Started Downloading images
Tue 16 Sep 2025 03:30:01 AM PDT - Completed downloading images
~~~~~~~~~~~~~~~~~~~~~~~~~~~~~~~~~~~~~~~~~~~~~~~~~
Tue 16 Sep 2025 04:00:01 AM PDT - Started Downloading images
Tue 16 Sep 2025 04:00:02 AM PDT - Completed downloading images
~~~~~~~~~~~~~~~~~~~~~~~~~~~~~~~~~~~~~~~~~~~~~~~~~
Tue 16 Sep 2025 04:30:01 AM PDT - Started Downloading images
Tue 16 Sep 2025 04:30:01 AM PDT - Completed downloading images
~~~~~~~~~~~~~~~~~~~~~~~~~~~~~~~~~~~~~~~~~~~~~~~~~
Tue 16 Sep 2025 05:00:02 AM PDT - Started Downloading images
Tue 16 Sep 2025 05:00:02 AM PDT - Completed downloading images
~~~~~~~~~~~~~~~~~~~~~~~~~~~~~~~~~~~~~~~~~~~~~~~~~
Tue 16 Sep 2025 05:30:01 AM PDT - Started Downloading images
Tue 16 Sep 2025 05:30:01 AM PDT - Completed downloading images
~~~~~~~~~~~~~~~~~~~~~~~~~~~~~~~~~~~~~~~~~~~~~~~~~
Tue 16 Sep 2025 06:00:02 AM PDT - Started Downloading images
Tue 16 Sep 2025 06:00:02 AM PDT - Completed downloading images
~~~~~~~~~~~~~~~~~~~~~~~~~~~~~~~~~~~~~~~~~~~~~~~~~
Tue 16 Sep 2025 06:30:01 AM PDT - Started Downloading images
Tue 16 Sep 2025 06:30:02 AM PDT - Completed downloading images
~~~~~~~~~~~~~~~~~~~~~~~~~~~~~~~~~~~~~~~~~~~~~~~~~
Tue 16 Sep 2025 07:00:01 AM PDT - Started Downloading images
Tue 16 Sep 2025 07:00:01 AM PDT - Completed downloading images
~~~~~~~~~~~~~~~~~~~~~~~~~~~~~~~~~~~~~~~~~~~~~~~~~
Tue 16 Sep 2025 07:30:01 AM PDT - Started Downloading images
Tue 16 Sep 2025 07:30:02 AM PDT - Completed downloading images
~~~~~~~~~~~~~~~~~~~~~~~~~~~~~~~~~~~~~~~~~~~~~~~~~
Tue 16 Sep 2025 08:00:01 AM PDT - Started Downloading images
Tue 16 Sep 2025 08:00:01 AM PDT - Completed downloading images
~~~~~~~~~~~~~~~~~~~~~~~~~~~~~~~~~~~~~~~~~~~~~~~~~
Tue 16 Sep 2025 08:30:01 AM PDT - Started Downloading images
Tue 16 Sep 2025 08:30:02 AM PDT - Completed downloading images
~~~~~~~~~~~~~~~~~~~~~~~~~~~~~~~~~~~~~~~~~~~~~~~~~
Tue 16 Sep 2025 09:00:01 AM PDT - Started Downloading images
Tue 16 Sep 2025 09:00:01 AM PDT - Completed downloading images
~~~~~~~~~~~~~~~~~~~~~~~~~~~~~~~~~~~~~~~~~~~~~~~~~
Tue 16 Sep 2025 09:30:01 AM PDT - Started Downloading images
Tue 16 Sep 2025 09:30:02 AM PDT - Completed downloading images
~~~~~~~~~~~~~~~~~~~~~~~~~~~~~~~~~~~~~~~~~~~~~~~~~
Tue 16 Sep 2025 10:00:01 AM PDT - Started Downloading images
Tue 16 Sep 2025 10:00:01 AM PDT - Completed downloading images
~~~~~~~~~~~~~~~~~~~~~~~~~~~~~~~~~~~~~~~~~~~~~~~~~
Tue 16 Sep 2025 10:30:01 AM PDT - Started Downloading images
Tue 16 Sep 2025 10:30:01 AM PDT - Completed downloading images
~~~~~~~~~~~~~~~~~~~~~~~~~~~~~~~~~~~~~~~~~~~~~~~~~
Tue 16 Sep 2025 11:00:01 AM PDT - Started Downloading images
Tue 16 Sep 2025 11:00:02 AM PDT - Completed downloading images
~~~~~~~~~~~~~~~~~~~~~~~~~~~~~~~~~~~~~~~~~~~~~~~~~
Tue 16 Sep 2025 11:30:01 AM PDT - Started Downloading images
Tue 16 Sep 2025 11:30:01 AM PDT - Completed downloading images
~~~~~~~~~~~~~~~~~~~~~~~~~~~~~~~~~~~~~~~~~~~~~~~~~
Tue 16 Sep 2025 12:00:01 PM PDT - Started Downloading images
Tue 16 Sep 2025 12:00:02 PM PDT - Completed downloading images
~~~~~~~~~~~~~~~~~~~~~~~~~~~~~~~~~~~~~~~~~~~~~~~~~
Tue 16 Sep 2025 12:30:01 PM PDT - Started Downloading images
Tue 16 Sep 2025 12:30:01 PM PDT - Completed downloading images
~~~~~~~~~~~~~~~~~~~~~~~~~~~~~~~~~~~~~~~~~~~~~~~~~
Tue 16 Sep 2025 01:00:01 PM PDT - Started Downloading images
Tue 16 Sep 2025 01:00:02 PM PDT - Completed downloading images
~~~~~~~~~~~~~~~~~~~~~~~~~~~~~~~~~~~~~~~~~~~~~~~~~
Tue 16 Sep 2025 01:30:01 PM PDT - Started Downloading images
Tue 16 Sep 2025 01:30:01 PM PDT - Completed downloading images
~~~~~~~~~~~~~~~~~~~~~~~~~~~~~~~~~~~~~~~~~~~~~~~~~
Tue 16 Sep 2025 02:00:01 PM PDT - Started Downloading images
Tue 16 Sep 2025 02:00:02 PM PDT - Completed downloading images
~~~~~~~~~~~~~~~~~~~~~~~~~~~~~~~~~~~~~~~~~~~~~~~~~
Tue 16 Sep 2025 02:30:01 PM PDT - Started Downloading images
Tue 16 Sep 2025 02:30:01 PM PDT - Completed downloading images
~~~~~~~~~~~~~~~~~~~~~~~~~~~~~~~~~~~~~~~~~~~~~~~~~
Tue 16 Sep 2025 03:00:01 PM PDT - Started Downloading images
Tue 16 Sep 2025 03:00:02 PM PDT - Completed downloading images
~~~~~~~~~~~~~~~~~~~~~~~~~~~~~~~~~~~~~~~~~~~~~~~~~
Tue 16 Sep 2025 03:30:01 PM PDT - Started Downloading images
Tue 16 Sep 2025 03:30:01 PM PDT - Completed downloading images
~~~~~~~~~~~~~~~~~~~~~~~~~~~~~~~~~~~~~~~~~~~~~~~~~
Tue 16 Sep 2025 04:00:01 PM PDT - Started Downloading images
Tue 16 Sep 2025 04:00:02 PM PDT - Completed downloading images
~~~~~~~~~~~~~~~~~~~~~~~~~~~~~~~~~~~~~~~~~~~~~~~~~
Tue 16 Sep 2025 04:30:01 PM PDT - Started Downloading images
Tue 16 Sep 2025 04:30:01 PM PDT - Completed downloading images
~~~~~~~~~~~~~~~~~~~~~~~~~~~~~~~~~~~~~~~~~~~~~~~~~
Tue 16 Sep 2025 05:00:01 PM PDT - Started Downloading images
Tue 16 Sep 2025 05:00:01 PM PDT - Completed downloading images
~~~~~~~~~~~~~~~~~~~~~~~~~~~~~~~~~~~~~~~~~~~~~~~~~
Tue 16 Sep 2025 05:30:01 PM PDT - Started Downloading images
Tue 16 Sep 2025 05:30:02 PM PDT - Completed downloading images
~~~~~~~~~~~~~~~~~~~~~~~~~~~~~~~~~~~~~~~~~~~~~~~~~
Tue 16 Sep 2025 06:00:01 PM PDT - Started Downloading images
Tue 16 Sep 2025 06:00:01 PM PDT - Completed downloading images
~~~~~~~~~~~~~~~~~~~~~~~~~~~~~~~~~~~~~~~~~~~~~~~~~
Tue 16 Sep 2025 06:30:01 PM PDT - Started Downloading images
Tue 16 Sep 2025 06:30:02 PM PDT - Completed downloading images
~~~~~~~~~~~~~~~~~~~~~~~~~~~~~~~~~~~~~~~~~~~~~~~~~
Tue 16 Sep 2025 07:00:01 PM PDT - Started Downloading images
Tue 16 Sep 2025 07:00:01 PM PDT - Completed downloading images
~~~~~~~~~~~~~~~~~~~~~~~~~~~~~~~~~~~~~~~~~~~~~~~~~
Tue 16 Sep 2025 07:30:01 PM PDT - Started Downloading images
Tue 16 Sep 2025 07:30:02 PM PDT - Completed downloading images
~~~~~~~~~~~~~~~~~~~~~~~~~~~~~~~~~~~~~~~~~~~~~~~~~
Tue 16 Sep 2025 08:00:01 PM PDT - Started Downloading images
Tue 16 Sep 2025 08:00:01 PM PDT - Completed downloading images
~~~~~~~~~~~~~~~~~~~~~~~~~~~~~~~~~~~~~~~~~~~~~~~~~
Tue 16 Sep 2025 08:30:01 PM PDT - Started Downloading images
Tue 16 Sep 2025 08:30:02 PM PDT - Completed downloading images
~~~~~~~~~~~~~~~~~~~~~~~~~~~~~~~~~~~~~~~~~~~~~~~~~
Tue 16 Sep 2025 09:00:01 PM PDT - Started Downloading images
Tue 16 Sep 2025 09:00:01 PM PDT - Completed downloading images
~~~~~~~~~~~~~~~~~~~~~~~~~~~~~~~~~~~~~~~~~~~~~~~~~
Tue 16 Sep 2025 09:30:01 PM PDT - Started Downloading images
Tue 16 Sep 2025 09:30:02 PM PDT - Completed downloading images
~~~~~~~~~~~~~~~~~~~~~~~~~~~~~~~~~~~~~~~~~~~~~~~~~
Tue 16 Sep 2025 10:00:01 PM PDT - Started Downloading images
Tue 16 Sep 2025 10:00:01 PM PDT - Completed downloading images
~~~~~~~~~~~~~~~~~~~~~~~~~~~~~~~~~~~~~~~~~~~~~~~~~
Tue 16 Sep 2025 10:30:01 PM PDT - Started Downloading images
Tue 16 Sep 2025 10:30:02 PM PDT - Completed downloading images
~~~~~~~~~~~~~~~~~~~~~~~~~~~~~~~~~~~~~~~~~~~~~~~~~
Tue 16 Sep 2025 11:00:01 PM PDT - Started Downloading images
Tue 16 Sep 2025 11:00:01 PM PDT - Completed downloading images
~~~~~~~~~~~~~~~~~~~~~~~~~~~~~~~~~~~~~~~~~~~~~~~~~
Tue 16 Sep 2025 11:30:01 PM PDT - Started Downloading images
Tue 16 Sep 2025 11:30:02 PM PDT - Completed downloading images
~~~~~~~~~~~~~~~~~~~~~~~~~~~~~~~~~~~~~~~~~~~~~~~~~
Wed 17 Sep 2025 12:00:01 AM PDT - Started Downloading images
Wed 17 Sep 2025 12:00:01 AM PDT - Completed downloading images
~~~~~~~~~~~~~~~~~~~~~~~~~~~~~~~~~~~~~~~~~~~~~~~~~
Wed 17 Sep 2025 12:30:01 AM PDT - Started Downloading images
Wed 17 Sep 2025 12:30:02 AM PDT - Completed downloading images
~~~~~~~~~~~~~~~~~~~~~~~~~~~~~~~~~~~~~~~~~~~~~~~~~
Wed 17 Sep 2025 01:00:01 AM PDT - Started Downloading images
Wed 17 Sep 2025 01:00:01 AM PDT - Completed downloading images
~~~~~~~~~~~~~~~~~~~~~~~~~~~~~~~~~~~~~~~~~~~~~~~~~
Wed 17 Sep 2025 01:30:02 AM PDT - Started Downloading images
Wed 17 Sep 2025 01:30:02 AM PDT - Completed downloading images
~~~~~~~~~~~~~~~~~~~~~~~~~~~~~~~~~~~~~~~~~~~~~~~~~
Wed 17 Sep 2025 02:00:01 AM PDT - Started Downloading images
Wed 17 Sep 2025 02:00:01 AM PDT - Completed downloading images
~~~~~~~~~~~~~~~~~~~~~~~~~~~~~~~~~~~~~~~~~~~~~~~~~
Wed 17 Sep 2025 02:30:01 AM PDT - Started Downloading images
Wed 17 Sep 2025 02:30:01 AM PDT - Completed downloading images
~~~~~~~~~~~~~~~~~~~~~~~~~~~~~~~~~~~~~~~~~~~~~~~~~
Wed 17 Sep 2025 03:00:01 AM PDT - Started Downloading images
Wed 17 Sep 2025 03:00:02 AM PDT - Completed downloading images
~~~~~~~~~~~~~~~~~~~~~~~~~~~~~~~~~~~~~~~~~~~~~~~~~
Wed 17 Sep 2025 03:30:02 AM PDT - Started Downloading images
Wed 17 Sep 2025 03:30:02 AM PDT - Completed downloading images
~~~~~~~~~~~~~~~~~~~~~~~~~~~~~~~~~~~~~~~~~~~~~~~~~
Wed 17 Sep 2025 04:00:01 AM PDT - Started Downloading images
Wed 17 Sep 2025 04:00:02 AM PDT - Completed downloading images
~~~~~~~~~~~~~~~~~~~~~~~~~~~~~~~~~~~~~~~~~~~~~~~~~
Wed 17 Sep 2025 04:30:01 AM PDT - Started Downloading images
Wed 17 Sep 2025 04:30:01 AM PDT - Completed downloading images
~~~~~~~~~~~~~~~~~~~~~~~~~~~~~~~~~~~~~~~~~~~~~~~~~
Wed 17 Sep 2025 05:00:01 AM PDT - Started Downloading images
Wed 17 Sep 2025 05:00:02 AM PDT - Completed downloading images
~~~~~~~~~~~~~~~~~~~~~~~~~~~~~~~~~~~~~~~~~~~~~~~~~
Wed 17 Sep 2025 05:30:01 AM PDT - Started Downloading images
Wed 17 Sep 2025 05:30:01 AM PDT - Completed downloading images
~~~~~~~~~~~~~~~~~~~~~~~~~~~~~~~~~~~~~~~~~~~~~~~~~
Wed 17 Sep 2025 06:00:01 AM PDT - Started Downloading images
Wed 17 Sep 2025 06:00:02 AM PDT - Completed downloading images
~~~~~~~~~~~~~~~~~~~~~~~~~~~~~~~~~~~~~~~~~~~~~~~~~
Wed 17 Sep 2025 06:30:01 AM PDT - Started Downloading images
Wed 17 Sep 2025 06:30:02 AM PDT - Completed downloading images
~~~~~~~~~~~~~~~~~~~~~~~~~~~~~~~~~~~~~~~~~~~~~~~~~
Wed 17 Sep 2025 07:00:01 AM PDT - Started Downloading images
Wed 17 Sep 2025 07:00:01 AM PDT - Completed downloading images
~~~~~~~~~~~~~~~~~~~~~~~~~~~~~~~~~~~~~~~~~~~~~~~~~
Wed 17 Sep 2025 07:30:01 AM PDT - Started Downloading images
Wed 17 Sep 2025 07:30:02 AM PDT - Completed downloading images
~~~~~~~~~~~~~~~~~~~~~~~~~~~~~~~~~~~~~~~~~~~~~~~~~
Wed 17 Sep 2025 08:00:01 AM PDT - Started Downloading images
Wed 17 Sep 2025 08:00:01 AM PDT - Completed downloading images
~~~~~~~~~~~~~~~~~~~~~~~~~~~~~~~~~~~~~~~~~~~~~~~~~
Wed 17 Sep 2025 08:30:01 AM PDT - Started Downloading images
Wed 17 Sep 2025 08:30:02 AM PDT - Completed downloading images
~~~~~~~~~~~~~~~~~~~~~~~~~~~~~~~~~~~~~~~~~~~~~~~~~
Wed 17 Sep 2025 09:00:01 AM PDT - Started Downloading images
Wed 17 Sep 2025 09:00:01 AM PDT - Completed downloading images
~~~~~~~~~~~~~~~~~~~~~~~~~~~~~~~~~~~~~~~~~~~~~~~~~
Wed 17 Sep 2025 09:30:01 AM PDT - Started Downloading images
Wed 17 Sep 2025 09:30:02 AM PDT - Completed downloading images
~~~~~~~~~~~~~~~~~~~~~~~~~~~~~~~~~~~~~~~~~~~~~~~~~
Wed 17 Sep 2025 10:00:01 AM PDT - Started Downloading images
Wed 17 Sep 2025 10:00:01 AM PDT - Completed downloading images
~~~~~~~~~~~~~~~~~~~~~~~~~~~~~~~~~~~~~~~~~~~~~~~~~
Wed 17 Sep 2025 10:30:01 AM PDT - Started Downloading images
Wed 17 Sep 2025 10:30:02 AM PDT - Completed downloading images
~~~~~~~~~~~~~~~~~~~~~~~~~~~~~~~~~~~~~~~~~~~~~~~~~
Wed 17 Sep 2025 11:00:01 AM PDT - Started Downloading images
Wed 17 Sep 2025 11:00:01 AM PDT - Completed downloading images
~~~~~~~~~~~~~~~~~~~~~~~~~~~~~~~~~~~~~~~~~~~~~~~~~
Wed 17 Sep 2025 11:30:01 AM PDT - Started Downloading images
Wed 17 Sep 2025 11:30:02 AM PDT - Completed downloading images
~~~~~~~~~~~~~~~~~~~~~~~~~~~~~~~~~~~~~~~~~~~~~~~~~
Wed 17 Sep 2025 12:00:01 PM PDT - Started Downloading images
Wed 17 Sep 2025 12:00:01 PM PDT - Completed downloading images
~~~~~~~~~~~~~~~~~~~~~~~~~~~~~~~~~~~~~~~~~~~~~~~~~
Wed 17 Sep 2025 12:30:01 PM PDT - Started Downloading images
Wed 17 Sep 2025 12:30:02 PM PDT - Completed downloading images
~~~~~~~~~~~~~~~~~~~~~~~~~~~~~~~~~~~~~~~~~~~~~~~~~
Wed 17 Sep 2025 01:00:01 PM PDT - Started Downloading images
Wed 17 Sep 2025 01:00:01 PM PDT - Completed downloading images
~~~~~~~~~~~~~~~~~~~~~~~~~~~~~~~~~~~~~~~~~~~~~~~~~
Wed 17 Sep 2025 01:30:01 PM PDT - Started Downloading images
Wed 17 Sep 2025 01:30:02 PM PDT - Completed downloading images
~~~~~~~~~~~~~~~~~~~~~~~~~~~~~~~~~~~~~~~~~~~~~~~~~
Wed 17 Sep 2025 02:00:01 PM PDT - Started Downloading images
Wed 17 Sep 2025 02:00:02 PM PDT - Completed downloading images
~~~~~~~~~~~~~~~~~~~~~~~~~~~~~~~~~~~~~~~~~~~~~~~~~
Wed 17 Sep 2025 02:30:01 PM PDT - Started Downloading images
Wed 17 Sep 2025 02:30:01 PM PDT - Completed downloading images
~~~~~~~~~~~~~~~~~~~~~~~~~~~~~~~~~~~~~~~~~~~~~~~~~
Wed 17 Sep 2025 03:00:01 PM PDT - Started Downloading images
Wed 17 Sep 2025 03:00:02 PM PDT - Completed downloading images
~~~~~~~~~~~~~~~~~~~~~~~~~~~~~~~~~~~~~~~~~~~~~~~~~
Wed 17 Sep 2025 03:30:01 PM PDT - Started Downloading images
Wed 17 Sep 2025 03:30:01 PM PDT - Completed downloading images
~~~~~~~~~~~~~~~~~~~~~~~~~~~~~~~~~~~~~~~~~~~~~~~~~
Wed 17 Sep 2025 04:00:01 PM PDT - Started Downloading images
Wed 17 Sep 2025 04:00:02 PM PDT - Completed downloading images
~~~~~~~~~~~~~~~~~~~~~~~~~~~~~~~~~~~~~~~~~~~~~~~~~
Wed 17 Sep 2025 04:30:01 PM PDT - Started Downloading images
Wed 17 Sep 2025 04:30:01 PM PDT - Completed downloading images
~~~~~~~~~~~~~~~~~~~~~~~~~~~~~~~~~~~~~~~~~~~~~~~~~
Wed 17 Sep 2025 05:00:01 PM PDT - Started Downloading images
Wed 17 Sep 2025 05:00:02 PM PDT - Completed downloading images
~~~~~~~~~~~~~~~~~~~~~~~~~~~~~~~~~~~~~~~~~~~~~~~~~
Wed 17 Sep 2025 05:30:01 PM PDT - Started Downloading images
Wed 17 Sep 2025 05:30:01 PM PDT - Completed downloading images
~~~~~~~~~~~~~~~~~~~~~~~~~~~~~~~~~~~~~~~~~~~~~~~~~
Wed 17 Sep 2025 06:00:01 PM PDT - Started Downloading images
Wed 17 Sep 2025 06:00:02 PM PDT - Completed downloading images
~~~~~~~~~~~~~~~~~~~~~~~~~~~~~~~~~~~~~~~~~~~~~~~~~
Wed 17 Sep 2025 06:30:01 PM PDT - Started Downloading images
Wed 17 Sep 2025 06:30:01 PM PDT - Completed downloading images
~~~~~~~~~~~~~~~~~~~~~~~~~~~~~~~~~~~~~~~~~~~~~~~~~
Wed 17 Sep 2025 07:00:01 PM PDT - Started Downloading images
Wed 17 Sep 2025 07:00:02 PM PDT - Completed downloading images
~~~~~~~~~~~~~~~~~~~~~~~~~~~~~~~~~~~~~~~~~~~~~~~~~
Wed 17 Sep 2025 07:30:01 PM PDT - Started Downloading images
Wed 17 Sep 2025 07:30:01 PM PDT - Completed downloading images
~~~~~~~~~~~~~~~~~~~~~~~~~~~~~~~~~~~~~~~~~~~~~~~~~
Wed 17 Sep 2025 08:00:01 PM PDT - Started Downloading images
Wed 17 Sep 2025 08:00:02 PM PDT - Completed downloading images
~~~~~~~~~~~~~~~~~~~~~~~~~~~~~~~~~~~~~~~~~~~~~~~~~
Wed 17 Sep 2025 08:30:01 PM PDT - Started Downloading images
Wed 17 Sep 2025 08:30:01 PM PDT - Completed downloading images
~~~~~~~~~~~~~~~~~~~~~~~~~~~~~~~~~~~~~~~~~~~~~~~~~
Wed 17 Sep 2025 09:00:01 PM PDT - Started Downloading images
Wed 17 Sep 2025 09:00:02 PM PDT - Completed downloading images
~~~~~~~~~~~~~~~~~~~~~~~~~~~~~~~~~~~~~~~~~~~~~~~~~
Wed 17 Sep 2025 09:30:01 PM PDT - Started Downloading images
Wed 17 Sep 2025 09:30:01 PM PDT - Completed downloading images
~~~~~~~~~~~~~~~~~~~~~~~~~~~~~~~~~~~~~~~~~~~~~~~~~
Wed 17 Sep 2025 10:00:01 PM PDT - Started Downloading images
Wed 17 Sep 2025 10:00:02 PM PDT - Completed downloading images
~~~~~~~~~~~~~~~~~~~~~~~~~~~~~~~~~~~~~~~~~~~~~~~~~
Wed 17 Sep 2025 10:30:01 PM PDT - Started Downloading images
Wed 17 Sep 2025 10:30:01 PM PDT - Completed downloading images
~~~~~~~~~~~~~~~~~~~~~~~~~~~~~~~~~~~~~~~~~~~~~~~~~
Wed 17 Sep 2025 11:00:01 PM PDT - Started Downloading images
Wed 17 Sep 2025 11:00:02 PM PDT - Completed downloading images
~~~~~~~~~~~~~~~~~~~~~~~~~~~~~~~~~~~~~~~~~~~~~~~~~
Wed 17 Sep 2025 11:30:01 PM PDT - Started Downloading images
Wed 17 Sep 2025 11:30:01 PM PDT - Completed downloading images
~~~~~~~~~~~~~~~~~~~~~~~~~~~~~~~~~~~~~~~~~~~~~~~~~
Thu 18 Sep 2025 12:00:01 AM PDT - Started Downloading images
Thu 18 Sep 2025 12:00:02 AM PDT - Completed downloading images
~~~~~~~~~~~~~~~~~~~~~~~~~~~~~~~~~~~~~~~~~~~~~~~~~
Thu 18 Sep 2025 12:30:01 AM PDT - Started Downloading images
Thu 18 Sep 2025 12:30:01 AM PDT - Completed downloading images
~~~~~~~~~~~~~~~~~~~~~~~~~~~~~~~~~~~~~~~~~~~~~~~~~
Thu 18 Sep 2025 01:00:01 AM PDT - Started Downloading images
Thu 18 Sep 2025 01:00:02 AM PDT - Completed downloading images
~~~~~~~~~~~~~~~~~~~~~~~~~~~~~~~~~~~~~~~~~~~~~~~~~
Thu 18 Sep 2025 01:30:01 AM PDT - Started Downloading images
Thu 18 Sep 2025 01:30:01 AM PDT - Completed downloading images
~~~~~~~~~~~~~~~~~~~~~~~~~~~~~~~~~~~~~~~~~~~~~~~~~
Thu 18 Sep 2025 02:00:01 AM PDT - Started Downloading images
Thu 18 Sep 2025 02:00:02 AM PDT - Completed downloading images
~~~~~~~~~~~~~~~~~~~~~~~~~~~~~~~~~~~~~~~~~~~~~~~~~
Thu 18 Sep 2025 02:30:01 AM PDT - Started Downloading images
Thu 18 Sep 2025 02:30:01 AM PDT - Completed downloading images
~~~~~~~~~~~~~~~~~~~~~~~~~~~~~~~~~~~~~~~~~~~~~~~~~
Thu 18 Sep 2025 03:00:01 AM PDT - Started Downloading images
Thu 18 Sep 2025 03:00:02 AM PDT - Completed downloading images
~~~~~~~~~~~~~~~~~~~~~~~~~~~~~~~~~~~~~~~~~~~~~~~~~
Thu 18 Sep 2025 03:30:01 AM PDT - Started Downloading images
Thu 18 Sep 2025 03:30:01 AM PDT - Completed downloading images
~~~~~~~~~~~~~~~~~~~~~~~~~~~~~~~~~~~~~~~~~~~~~~~~~
Thu 18 Sep 2025 04:00:01 AM PDT - Started Downloading images
Thu 18 Sep 2025 04:00:01 AM PDT - Completed downloading images
~~~~~~~~~~~~~~~~~~~~~~~~~~~~~~~~~~~~~~~~~~~~~~~~~
Thu 18 Sep 2025 04:30:01 AM PDT - Started Downloading images
Thu 18 Sep 2025 04:30:02 AM PDT - Completed downloading images
~~~~~~~~~~~~~~~~~~~~~~~~~~~~~~~~~~~~~~~~~~~~~~~~~
Thu 18 Sep 2025 05:00:01 AM PDT - Started Downloading images
Thu 18 Sep 2025 05:00:01 AM PDT - Completed downloading images
~~~~~~~~~~~~~~~~~~~~~~~~~~~~~~~~~~~~~~~~~~~~~~~~~
Thu 18 Sep 2025 05:30:01 AM PDT - Started Downloading images
Thu 18 Sep 2025 05:30:02 AM PDT - Completed downloading images
~~~~~~~~~~~~~~~~~~~~~~~~~~~~~~~~~~~~~~~~~~~~~~~~~
Thu 18 Sep 2025 06:00:01 AM PDT - Started Downloading images
Thu 18 Sep 2025 06:00:01 AM PDT - Completed downloading images
~~~~~~~~~~~~~~~~~~~~~~~~~~~~~~~~~~~~~~~~~~~~~~~~~
Thu 18 Sep 2025 06:30:01 AM PDT - Started Downloading images
Thu 18 Sep 2025 06:30:01 AM PDT - Completed downloading images
~~~~~~~~~~~~~~~~~~~~~~~~~~~~~~~~~~~~~~~~~~~~~~~~~
Thu 18 Sep 2025 07:00:01 AM PDT - Started Downloading images
Thu 18 Sep 2025 07:00:01 AM PDT - Completed downloading images
~~~~~~~~~~~~~~~~~~~~~~~~~~~~~~~~~~~~~~~~~~~~~~~~~
Thu 18 Sep 2025 07:30:01 AM PDT - Started Downloading images
Thu 18 Sep 2025 07:30:01 AM PDT - Completed downloading images
~~~~~~~~~~~~~~~~~~~~~~~~~~~~~~~~~~~~~~~~~~~~~~~~~
Thu 18 Sep 2025 08:00:01 AM PDT - Started Downloading images
Thu 18 Sep 2025 08:00:02 AM PDT - Completed downloading images
~~~~~~~~~~~~~~~~~~~~~~~~~~~~~~~~~~~~~~~~~~~~~~~~~
Thu 18 Sep 2025 08:30:01 AM PDT - Started Downloading images
Thu 18 Sep 2025 08:30:01 AM PDT - Completed downloading images
~~~~~~~~~~~~~~~~~~~~~~~~~~~~~~~~~~~~~~~~~~~~~~~~~
Thu 18 Sep 2025 09:00:01 AM PDT - Started Downloading images
Thu 18 Sep 2025 09:00:02 AM PDT - Completed downloading images
~~~~~~~~~~~~~~~~~~~~~~~~~~~~~~~~~~~~~~~~~~~~~~~~~
Thu 18 Sep 2025 09:30:01 AM PDT - Started Downloading images
Thu 18 Sep 2025 09:30:01 AM PDT - Completed downloading images
~~~~~~~~~~~~~~~~~~~~~~~~~~~~~~~~~~~~~~~~~~~~~~~~~
Thu 18 Sep 2025 10:00:01 AM PDT - Started Downloading images
Thu 18 Sep 2025 10:00:02 AM PDT - Completed downloading images
~~~~~~~~~~~~~~~~~~~~~~~~~~~~~~~~~~~~~~~~~~~~~~~~~
Thu 18 Sep 2025 10:30:01 AM PDT - Started Downloading images
Thu 18 Sep 2025 10:30:01 AM PDT - Completed downloading images
~~~~~~~~~~~~~~~~~~~~~~~~~~~~~~~~~~~~~~~~~~~~~~~~~
Thu 18 Sep 2025 11:00:01 AM PDT - Started Downloading images
Thu 18 Sep 2025 11:00:02 AM PDT - Completed downloading images
~~~~~~~~~~~~~~~~~~~~~~~~~~~~~~~~~~~~~~~~~~~~~~~~~
Thu 18 Sep 2025 11:30:01 AM PDT - Started Downloading images
Thu 18 Sep 2025 11:30:01 AM PDT - Completed downloading images
~~~~~~~~~~~~~~~~~~~~~~~~~~~~~~~~~~~~~~~~~~~~~~~~~
Thu 18 Sep 2025 12:00:01 PM PDT - Started Downloading images
Thu 18 Sep 2025 12:00:02 PM PDT - Completed downloading images
~~~~~~~~~~~~~~~~~~~~~~~~~~~~~~~~~~~~~~~~~~~~~~~~~
Thu 18 Sep 2025 12:30:01 PM PDT - Started Downloading images
Thu 18 Sep 2025 12:30:01 PM PDT - Completed downloading images
~~~~~~~~~~~~~~~~~~~~~~~~~~~~~~~~~~~~~~~~~~~~~~~~~
Thu 18 Sep 2025 01:00:01 PM PDT - Started Downloading images
Thu 18 Sep 2025 01:00:02 PM PDT - Completed downloading images
~~~~~~~~~~~~~~~~~~~~~~~~~~~~~~~~~~~~~~~~~~~~~~~~~
Thu 18 Sep 2025 01:30:01 PM PDT - Started Downloading images
Thu 18 Sep 2025 01:30:01 PM PDT - Completed downloading images
~~~~~~~~~~~~~~~~~~~~~~~~~~~~~~~~~~~~~~~~~~~~~~~~~
Thu 18 Sep 2025 02:00:01 PM PDT - Started Downloading images
Thu 18 Sep 2025 02:00:02 PM PDT - Completed downloading images
~~~~~~~~~~~~~~~~~~~~~~~~~~~~~~~~~~~~~~~~~~~~~~~~~
Thu 18 Sep 2025 02:30:01 PM PDT - Started Downloading images
Thu 18 Sep 2025 02:30:01 PM PDT - Completed downloading images
~~~~~~~~~~~~~~~~~~~~~~~~~~~~~~~~~~~~~~~~~~~~~~~~~
Thu 18 Sep 2025 03:00:01 PM PDT - Started Downloading images
Thu 18 Sep 2025 03:00:02 PM PDT - Completed downloading images
~~~~~~~~~~~~~~~~~~~~~~~~~~~~~~~~~~~~~~~~~~~~~~~~~
Thu 18 Sep 2025 03:30:01 PM PDT - Started Downloading images
Thu 18 Sep 2025 03:30:02 PM PDT - Completed downloading images
~~~~~~~~~~~~~~~~~~~~~~~~~~~~~~~~~~~~~~~~~~~~~~~~~
Thu 18 Sep 2025 04:00:01 PM PDT - Started Downloading images
Thu 18 Sep 2025 04:00:01 PM PDT - Completed downloading images
~~~~~~~~~~~~~~~~~~~~~~~~~~~~~~~~~~~~~~~~~~~~~~~~~
Thu 18 Sep 2025 04:30:01 PM PDT - Started Downloading images
Thu 18 Sep 2025 04:30:02 PM PDT - Completed downloading images
~~~~~~~~~~~~~~~~~~~~~~~~~~~~~~~~~~~~~~~~~~~~~~~~~
Thu 18 Sep 2025 05:00:01 PM PDT - Started Downloading images
Thu 18 Sep 2025 05:00:01 PM PDT - Completed downloading images
~~~~~~~~~~~~~~~~~~~~~~~~~~~~~~~~~~~~~~~~~~~~~~~~~
Thu 18 Sep 2025 05:30:01 PM PDT - Started Downloading images
Thu 18 Sep 2025 05:30:02 PM PDT - Completed downloading images
~~~~~~~~~~~~~~~~~~~~~~~~~~~~~~~~~~~~~~~~~~~~~~~~~
Thu 18 Sep 2025 06:00:01 PM PDT - Started Downloading images
Thu 18 Sep 2025 06:00:01 PM PDT - Completed downloading images
~~~~~~~~~~~~~~~~~~~~~~~~~~~~~~~~~~~~~~~~~~~~~~~~~
Thu 18 Sep 2025 06:30:01 PM PDT - Started Downloading images
Thu 18 Sep 2025 06:30:02 PM PDT - Completed downloading images
~~~~~~~~~~~~~~~~~~~~~~~~~~~~~~~~~~~~~~~~~~~~~~~~~
Thu 18 Sep 2025 07:00:01 PM PDT - Started Downloading images
Thu 18 Sep 2025 07:00:01 PM PDT - Completed downloading images
~~~~~~~~~~~~~~~~~~~~~~~~~~~~~~~~~~~~~~~~~~~~~~~~~
Thu 18 Sep 2025 07:30:01 PM PDT - Started Downloading images
Thu 18 Sep 2025 07:30:02 PM PDT - Completed downloading images
~~~~~~~~~~~~~~~~~~~~~~~~~~~~~~~~~~~~~~~~~~~~~~~~~
Thu 18 Sep 2025 08:00:01 PM PDT - Started Downloading images
Thu 18 Sep 2025 08:00:01 PM PDT - Completed downloading images
~~~~~~~~~~~~~~~~~~~~~~~~~~~~~~~~~~~~~~~~~~~~~~~~~
Thu 18 Sep 2025 08:30:01 PM PDT - Started Downloading images
Thu 18 Sep 2025 08:30:01 PM PDT - Completed downloading images
~~~~~~~~~~~~~~~~~~~~~~~~~~~~~~~~~~~~~~~~~~~~~~~~~
Thu 18 Sep 2025 09:00:01 PM PDT - Started Downloading images
Thu 18 Sep 2025 09:00:02 PM PDT - Completed downloading images
~~~~~~~~~~~~~~~~~~~~~~~~~~~~~~~~~~~~~~~~~~~~~~~~~
Thu 18 Sep 2025 09:30:01 PM PDT - Started Downloading images
Thu 18 Sep 2025 09:30:01 PM PDT - Completed downloading images
~~~~~~~~~~~~~~~~~~~~~~~~~~~~~~~~~~~~~~~~~~~~~~~~~
Thu 18 Sep 2025 10:00:01 PM PDT - Started Downloading images
Thu 18 Sep 2025 10:00:02 PM PDT - Completed downloading images
~~~~~~~~~~~~~~~~~~~~~~~~~~~~~~~~~~~~~~~~~~~~~~~~~
Thu 18 Sep 2025 10:30:01 PM PDT - Started Downloading images
Thu 18 Sep 2025 10:30:01 PM PDT - Completed downloading images
~~~~~~~~~~~~~~~~~~~~~~~~~~~~~~~~~~~~~~~~~~~~~~~~~
Thu 18 Sep 2025 11:00:01 PM PDT - Started Downloading images
Thu 18 Sep 2025 11:00:02 PM PDT - Completed downloading images
~~~~~~~~~~~~~~~~~~~~~~~~~~~~~~~~~~~~~~~~~~~~~~~~~
Thu 18 Sep 2025 11:30:01 PM PDT - Started Downloading images
Thu 18 Sep 2025 11:30:01 PM PDT - Completed downloading images
~~~~~~~~~~~~~~~~~~~~~~~~~~~~~~~~~~~~~~~~~~~~~~~~~
Fri 19 Sep 2025 12:00:02 AM PDT - Started Downloading images
Fri 19 Sep 2025 12:00:02 AM PDT - Completed downloading images
~~~~~~~~~~~~~~~~~~~~~~~~~~~~~~~~~~~~~~~~~~~~~~~~~
Fri 19 Sep 2025 12:30:01 AM PDT - Started Downloading images
Fri 19 Sep 2025 12:30:02 AM PDT - Completed downloading images
~~~~~~~~~~~~~~~~~~~~~~~~~~~~~~~~~~~~~~~~~~~~~~~~~
Fri 19 Sep 2025 01:00:01 AM PDT - Started Downloading images
Fri 19 Sep 2025 01:00:01 AM PDT - Completed downloading images
~~~~~~~~~~~~~~~~~~~~~~~~~~~~~~~~~~~~~~~~~~~~~~~~~
Fri 19 Sep 2025 01:30:01 AM PDT - Started Downloading images
Fri 19 Sep 2025 01:30:02 AM PDT - Completed downloading images
~~~~~~~~~~~~~~~~~~~~~~~~~~~~~~~~~~~~~~~~~~~~~~~~~
Fri 19 Sep 2025 02:00:01 AM PDT - Started Downloading images
Fri 19 Sep 2025 02:00:01 AM PDT - Completed downloading images
~~~~~~~~~~~~~~~~~~~~~~~~~~~~~~~~~~~~~~~~~~~~~~~~~
Fri 19 Sep 2025 02:30:01 AM PDT - Started Downloading images
Fri 19 Sep 2025 02:30:02 AM PDT - Completed downloading images
~~~~~~~~~~~~~~~~~~~~~~~~~~~~~~~~~~~~~~~~~~~~~~~~~
Fri 19 Sep 2025 03:00:01 AM PDT - Started Downloading images
Fri 19 Sep 2025 03:00:01 AM PDT - Completed downloading images
~~~~~~~~~~~~~~~~~~~~~~~~~~~~~~~~~~~~~~~~~~~~~~~~~
Fri 19 Sep 2025 03:30:01 AM PDT - Started Downloading images
Fri 19 Sep 2025 03:30:01 AM PDT - Completed downloading images
~~~~~~~~~~~~~~~~~~~~~~~~~~~~~~~~~~~~~~~~~~~~~~~~~
Fri 19 Sep 2025 04:00:01 AM PDT - Started Downloading images
Fri 19 Sep 2025 04:00:02 AM PDT - Completed downloading images
~~~~~~~~~~~~~~~~~~~~~~~~~~~~~~~~~~~~~~~~~~~~~~~~~
Fri 19 Sep 2025 04:30:01 AM PDT - Started Downloading images
Fri 19 Sep 2025 04:30:01 AM PDT - Completed downloading images
~~~~~~~~~~~~~~~~~~~~~~~~~~~~~~~~~~~~~~~~~~~~~~~~~
Fri 19 Sep 2025 05:00:01 AM PDT - Started Downloading images
Fri 19 Sep 2025 05:00:02 AM PDT - Completed downloading images
~~~~~~~~~~~~~~~~~~~~~~~~~~~~~~~~~~~~~~~~~~~~~~~~~
Fri 19 Sep 2025 05:30:01 AM PDT - Started Downloading images
Fri 19 Sep 2025 05:30:01 AM PDT - Completed downloading images
~~~~~~~~~~~~~~~~~~~~~~~~~~~~~~~~~~~~~~~~~~~~~~~~~
Fri 19 Sep 2025 06:00:01 AM PDT - Started Downloading images
Fri 19 Sep 2025 06:00:02 AM PDT - Completed downloading images
~~~~~~~~~~~~~~~~~~~~~~~~~~~~~~~~~~~~~~~~~~~~~~~~~
Fri 19 Sep 2025 06:30:01 AM PDT - Started Downloading images
Fri 19 Sep 2025 06:30:02 AM PDT - Completed downloading images
~~~~~~~~~~~~~~~~~~~~~~~~~~~~~~~~~~~~~~~~~~~~~~~~~
Fri 19 Sep 2025 07:00:01 AM PDT - Started Downloading images
Fri 19 Sep 2025 07:00:01 AM PDT - Completed downloading images
~~~~~~~~~~~~~~~~~~~~~~~~~~~~~~~~~~~~~~~~~~~~~~~~~
Fri 19 Sep 2025 07:30:01 AM PDT - Started Downloading images
Fri 19 Sep 2025 07:30:02 AM PDT - Completed downloading images
~~~~~~~~~~~~~~~~~~~~~~~~~~~~~~~~~~~~~~~~~~~~~~~~~
Fri 19 Sep 2025 08:00:01 AM PDT - Started Downloading images
Fri 19 Sep 2025 08:00:02 AM PDT - Completed downloading images
~~~~~~~~~~~~~~~~~~~~~~~~~~~~~~~~~~~~~~~~~~~~~~~~~
Fri 19 Sep 2025 08:30:01 AM PDT - Started Downloading images
Fri 19 Sep 2025 08:30:01 AM PDT - Completed downloading images
~~~~~~~~~~~~~~~~~~~~~~~~~~~~~~~~~~~~~~~~~~~~~~~~~
Fri 19 Sep 2025 09:00:01 AM PDT - Started Downloading images
Fri 19 Sep 2025 09:00:02 AM PDT - Completed downloading images
~~~~~~~~~~~~~~~~~~~~~~~~~~~~~~~~~~~~~~~~~~~~~~~~~
Fri 19 Sep 2025 09:30:01 AM PDT - Started Downloading images
Fri 19 Sep 2025 09:30:01 AM PDT - Completed downloading images
~~~~~~~~~~~~~~~~~~~~~~~~~~~~~~~~~~~~~~~~~~~~~~~~~
Fri 19 Sep 2025 10:00:01 AM PDT - Started Downloading images
Fri 19 Sep 2025 10:00:02 AM PDT - Completed downloading images
~~~~~~~~~~~~~~~~~~~~~~~~~~~~~~~~~~~~~~~~~~~~~~~~~
Fri 19 Sep 2025 10:30:01 AM PDT - Started Downloading images
Fri 19 Sep 2025 10:30:01 AM PDT - Completed downloading images
~~~~~~~~~~~~~~~~~~~~~~~~~~~~~~~~~~~~~~~~~~~~~~~~~
Fri 19 Sep 2025 11:00:01 AM PDT - Started Downloading images
Fri 19 Sep 2025 11:00:02 AM PDT - Completed downloading images
~~~~~~~~~~~~~~~~~~~~~~~~~~~~~~~~~~~~~~~~~~~~~~~~~
Fri 19 Sep 2025 11:30:01 AM PDT - Started Downloading images
Fri 19 Sep 2025 11:30:01 AM PDT - Completed downloading images
~~~~~~~~~~~~~~~~~~~~~~~~~~~~~~~~~~~~~~~~~~~~~~~~~
Fri 19 Sep 2025 12:00:01 PM PDT - Started Downloading images
Fri 19 Sep 2025 12:00:02 PM PDT - Completed downloading images
~~~~~~~~~~~~~~~~~~~~~~~~~~~~~~~~~~~~~~~~~~~~~~~~~
Fri 19 Sep 2025 12:30:01 PM PDT - Started Downloading images
Fri 19 Sep 2025 12:30:02 PM PDT - Completed downloading images
~~~~~~~~~~~~~~~~~~~~~~~~~~~~~~~~~~~~~~~~~~~~~~~~~
Fri 19 Sep 2025 01:00:01 PM PDT - Started Downloading images
Fri 19 Sep 2025 01:00:01 PM PDT - Completed downloading images
~~~~~~~~~~~~~~~~~~~~~~~~~~~~~~~~~~~~~~~~~~~~~~~~~
Fri 19 Sep 2025 01:30:01 PM PDT - Started Downloading images
Fri 19 Sep 2025 01:30:02 PM PDT - Completed downloading images
~~~~~~~~~~~~~~~~~~~~~~~~~~~~~~~~~~~~~~~~~~~~~~~~~
Fri 19 Sep 2025 02:00:01 PM PDT - Started Downloading images
Fri 19 Sep 2025 02:00:01 PM PDT - Completed downloading images
~~~~~~~~~~~~~~~~~~~~~~~~~~~~~~~~~~~~~~~~~~~~~~~~~
Fri 19 Sep 2025 02:30:01 PM PDT - Started Downloading images
Fri 19 Sep 2025 02:30:02 PM PDT - Completed downloading images
~~~~~~~~~~~~~~~~~~~~~~~~~~~~~~~~~~~~~~~~~~~~~~~~~
Fri 19 Sep 2025 03:00:01 PM PDT - Started Downloading images
Fri 19 Sep 2025 03:00:01 PM PDT - Completed downloading images
~~~~~~~~~~~~~~~~~~~~~~~~~~~~~~~~~~~~~~~~~~~~~~~~~
Fri 19 Sep 2025 03:30:01 PM PDT - Started Downloading images
Fri 19 Sep 2025 03:30:02 PM PDT - Completed downloading images
~~~~~~~~~~~~~~~~~~~~~~~~~~~~~~~~~~~~~~~~~~~~~~~~~
Fri 19 Sep 2025 04:00:01 PM PDT - Started Downloading images
Fri 19 Sep 2025 04:00:01 PM PDT - Completed downloading images
~~~~~~~~~~~~~~~~~~~~~~~~~~~~~~~~~~~~~~~~~~~~~~~~~
Fri 19 Sep 2025 04:30:01 PM PDT - Started Downloading images
Fri 19 Sep 2025 04:30:02 PM PDT - Completed downloading images
~~~~~~~~~~~~~~~~~~~~~~~~~~~~~~~~~~~~~~~~~~~~~~~~~
Fri 19 Sep 2025 05:00:01 PM PDT - Started Downloading images
Fri 19 Sep 2025 05:00:01 PM PDT - Completed downloading images
~~~~~~~~~~~~~~~~~~~~~~~~~~~~~~~~~~~~~~~~~~~~~~~~~
Fri 19 Sep 2025 05:30:01 PM PDT - Started Downloading images
Fri 19 Sep 2025 05:30:02 PM PDT - Completed downloading images
~~~~~~~~~~~~~~~~~~~~~~~~~~~~~~~~~~~~~~~~~~~~~~~~~
Fri 19 Sep 2025 06:00:01 PM PDT - Started Downloading images
Fri 19 Sep 2025 06:00:01 PM PDT - Completed downloading images
~~~~~~~~~~~~~~~~~~~~~~~~~~~~~~~~~~~~~~~~~~~~~~~~~
Fri 19 Sep 2025 06:30:01 PM PDT - Started Downloading images
Fri 19 Sep 2025 06:30:02 PM PDT - Completed downloading images
~~~~~~~~~~~~~~~~~~~~~~~~~~~~~~~~~~~~~~~~~~~~~~~~~
Fri 19 Sep 2025 07:00:01 PM PDT - Started Downloading images
Fri 19 Sep 2025 07:00:01 PM PDT - Completed downloading images
~~~~~~~~~~~~~~~~~~~~~~~~~~~~~~~~~~~~~~~~~~~~~~~~~
Fri 19 Sep 2025 07:30:01 PM PDT - Started Downloading images
Fri 19 Sep 2025 07:30:02 PM PDT - Completed downloading images
~~~~~~~~~~~~~~~~~~~~~~~~~~~~~~~~~~~~~~~~~~~~~~~~~
Fri 19 Sep 2025 08:00:01 PM PDT - Started Downloading images
Fri 19 Sep 2025 08:00:01 PM PDT - Completed downloading images
~~~~~~~~~~~~~~~~~~~~~~~~~~~~~~~~~~~~~~~~~~~~~~~~~
Fri 19 Sep 2025 08:30:01 PM PDT - Started Downloading images
Fri 19 Sep 2025 08:30:02 PM PDT - Completed downloading images
~~~~~~~~~~~~~~~~~~~~~~~~~~~~~~~~~~~~~~~~~~~~~~~~~
Fri 19 Sep 2025 09:00:01 PM PDT - Started Downloading images
Fri 19 Sep 2025 09:00:01 PM PDT - Completed downloading images
~~~~~~~~~~~~~~~~~~~~~~~~~~~~~~~~~~~~~~~~~~~~~~~~~
Fri 19 Sep 2025 09:30:01 PM PDT - Started Downloading images
Fri 19 Sep 2025 09:30:02 PM PDT - Completed downloading images
~~~~~~~~~~~~~~~~~~~~~~~~~~~~~~~~~~~~~~~~~~~~~~~~~
Fri 19 Sep 2025 10:00:01 PM PDT - Started Downloading images
Fri 19 Sep 2025 10:00:01 PM PDT - Completed downloading images
~~~~~~~~~~~~~~~~~~~~~~~~~~~~~~~~~~~~~~~~~~~~~~~~~
Fri 19 Sep 2025 10:30:01 PM PDT - Started Downloading images
Fri 19 Sep 2025 10:30:02 PM PDT - Completed downloading images
~~~~~~~~~~~~~~~~~~~~~~~~~~~~~~~~~~~~~~~~~~~~~~~~~
Fri 19 Sep 2025 11:00:01 PM PDT - Started Downloading images
Fri 19 Sep 2025 11:00:01 PM PDT - Completed downloading images
~~~~~~~~~~~~~~~~~~~~~~~~~~~~~~~~~~~~~~~~~~~~~~~~~
Fri 19 Sep 2025 11:30:01 PM PDT - Started Downloading images
Fri 19 Sep 2025 11:30:02 PM PDT - Completed downloading images
~~~~~~~~~~~~~~~~~~~~~~~~~~~~~~~~~~~~~~~~~~~~~~~~~
Sat 20 Sep 2025 12:00:01 AM PDT - Started Downloading images
Sat 20 Sep 2025 12:00:01 AM PDT - Completed downloading images
~~~~~~~~~~~~~~~~~~~~~~~~~~~~~~~~~~~~~~~~~~~~~~~~~
Sat 20 Sep 2025 12:30:01 AM PDT - Started Downloading images
Sat 20 Sep 2025 12:30:02 AM PDT - Completed downloading images
~~~~~~~~~~~~~~~~~~~~~~~~~~~~~~~~~~~~~~~~~~~~~~~~~
Sat 20 Sep 2025 01:00:01 AM PDT - Started Downloading images
Sat 20 Sep 2025 01:00:01 AM PDT - Completed downloading images
~~~~~~~~~~~~~~~~~~~~~~~~~~~~~~~~~~~~~~~~~~~~~~~~~
Sat 20 Sep 2025 01:30:01 AM PDT - Started Downloading images
Sat 20 Sep 2025 01:30:01 AM PDT - Completed downloading images
~~~~~~~~~~~~~~~~~~~~~~~~~~~~~~~~~~~~~~~~~~~~~~~~~
Sat 20 Sep 2025 02:00:01 AM PDT - Started Downloading images
Sat 20 Sep 2025 02:00:02 AM PDT - Completed downloading images
~~~~~~~~~~~~~~~~~~~~~~~~~~~~~~~~~~~~~~~~~~~~~~~~~
Sat 20 Sep 2025 02:30:01 AM PDT - Started Downloading images
Sat 20 Sep 2025 02:30:01 AM PDT - Completed downloading images
~~~~~~~~~~~~~~~~~~~~~~~~~~~~~~~~~~~~~~~~~~~~~~~~~
Sat 20 Sep 2025 03:00:01 AM PDT - Started Downloading images
Sat 20 Sep 2025 03:00:02 AM PDT - Completed downloading images
~~~~~~~~~~~~~~~~~~~~~~~~~~~~~~~~~~~~~~~~~~~~~~~~~
Sat 20 Sep 2025 03:30:01 AM PDT - Started Downloading images
Sat 20 Sep 2025 03:30:01 AM PDT - Completed downloading images
~~~~~~~~~~~~~~~~~~~~~~~~~~~~~~~~~~~~~~~~~~~~~~~~~
Sat 20 Sep 2025 04:00:01 AM PDT - Started Downloading images
Sat 20 Sep 2025 04:00:02 AM PDT - Completed downloading images
~~~~~~~~~~~~~~~~~~~~~~~~~~~~~~~~~~~~~~~~~~~~~~~~~
Sat 20 Sep 2025 04:30:01 AM PDT - Started Downloading images
Sat 20 Sep 2025 04:30:01 AM PDT - Completed downloading images
~~~~~~~~~~~~~~~~~~~~~~~~~~~~~~~~~~~~~~~~~~~~~~~~~
Sat 20 Sep 2025 05:00:01 AM PDT - Started Downloading images
Sat 20 Sep 2025 05:00:02 AM PDT - Completed downloading images
~~~~~~~~~~~~~~~~~~~~~~~~~~~~~~~~~~~~~~~~~~~~~~~~~
Sat 20 Sep 2025 05:30:01 AM PDT - Started Downloading images
Sat 20 Sep 2025 05:30:01 AM PDT - Completed downloading images
~~~~~~~~~~~~~~~~~~~~~~~~~~~~~~~~~~~~~~~~~~~~~~~~~
Sat 20 Sep 2025 06:00:02 AM PDT - Started Downloading images
Sat 20 Sep 2025 06:00:02 AM PDT - Completed downloading images
~~~~~~~~~~~~~~~~~~~~~~~~~~~~~~~~~~~~~~~~~~~~~~~~~
Sat 20 Sep 2025 06:30:01 AM PDT - Started Downloading images
Sat 20 Sep 2025 06:30:02 AM PDT - Completed downloading images
~~~~~~~~~~~~~~~~~~~~~~~~~~~~~~~~~~~~~~~~~~~~~~~~~
Sat 20 Sep 2025 07:00:01 AM PDT - Started Downloading images
Sat 20 Sep 2025 07:00:01 AM PDT - Completed downloading images
~~~~~~~~~~~~~~~~~~~~~~~~~~~~~~~~~~~~~~~~~~~~~~~~~
Sat 20 Sep 2025 07:30:01 AM PDT - Started Downloading images
Sat 20 Sep 2025 07:30:02 AM PDT - Completed downloading images
~~~~~~~~~~~~~~~~~~~~~~~~~~~~~~~~~~~~~~~~~~~~~~~~~
Sat 20 Sep 2025 08:00:01 AM PDT - Started Downloading images
Sat 20 Sep 2025 08:00:01 AM PDT - Completed downloading images
~~~~~~~~~~~~~~~~~~~~~~~~~~~~~~~~~~~~~~~~~~~~~~~~~
Sat 20 Sep 2025 08:30:01 AM PDT - Started Downloading images
Sat 20 Sep 2025 08:30:02 AM PDT - Completed downloading images
~~~~~~~~~~~~~~~~~~~~~~~~~~~~~~~~~~~~~~~~~~~~~~~~~
Sat 20 Sep 2025 09:00:01 AM PDT - Started Downloading images
Sat 20 Sep 2025 09:00:02 AM PDT - Completed downloading images
~~~~~~~~~~~~~~~~~~~~~~~~~~~~~~~~~~~~~~~~~~~~~~~~~
Sat 20 Sep 2025 09:30:01 AM PDT - Started Downloading images
Sat 20 Sep 2025 09:30:01 AM PDT - Completed downloading images
~~~~~~~~~~~~~~~~~~~~~~~~~~~~~~~~~~~~~~~~~~~~~~~~~
Sat 20 Sep 2025 10:00:01 AM PDT - Started Downloading images
Sat 20 Sep 2025 10:00:02 AM PDT - Completed downloading images
~~~~~~~~~~~~~~~~~~~~~~~~~~~~~~~~~~~~~~~~~~~~~~~~~
Sat 20 Sep 2025 10:30:01 AM PDT - Started Downloading images
Sat 20 Sep 2025 10:30:01 AM PDT - Completed downloading images
~~~~~~~~~~~~~~~~~~~~~~~~~~~~~~~~~~~~~~~~~~~~~~~~~
Sat 20 Sep 2025 11:00:01 AM PDT - Started Downloading images
Sat 20 Sep 2025 11:00:02 AM PDT - Completed downloading images
~~~~~~~~~~~~~~~~~~~~~~~~~~~~~~~~~~~~~~~~~~~~~~~~~
Sat 20 Sep 2025 11:30:01 AM PDT - Started Downloading images
Sat 20 Sep 2025 11:30:01 AM PDT - Completed downloading images
~~~~~~~~~~~~~~~~~~~~~~~~~~~~~~~~~~~~~~~~~~~~~~~~~
Sat 20 Sep 2025 12:00:01 PM PDT - Started Downloading images
Sat 20 Sep 2025 12:00:02 PM PDT - Completed downloading images
~~~~~~~~~~~~~~~~~~~~~~~~~~~~~~~~~~~~~~~~~~~~~~~~~
Sat 20 Sep 2025 12:30:01 PM PDT - Started Downloading images
Sat 20 Sep 2025 12:30:01 PM PDT - Completed downloading images
~~~~~~~~~~~~~~~~~~~~~~~~~~~~~~~~~~~~~~~~~~~~~~~~~
Sat 20 Sep 2025 01:00:01 PM PDT - Started Downloading images
Sat 20 Sep 2025 01:00:02 PM PDT - Completed downloading images
~~~~~~~~~~~~~~~~~~~~~~~~~~~~~~~~~~~~~~~~~~~~~~~~~
Sat 20 Sep 2025 01:30:01 PM PDT - Started Downloading images
Sat 20 Sep 2025 01:30:01 PM PDT - Completed downloading images
~~~~~~~~~~~~~~~~~~~~~~~~~~~~~~~~~~~~~~~~~~~~~~~~~
Sat 20 Sep 2025 02:00:01 PM PDT - Started Downloading images
Sat 20 Sep 2025 02:00:02 PM PDT - Completed downloading images
~~~~~~~~~~~~~~~~~~~~~~~~~~~~~~~~~~~~~~~~~~~~~~~~~
Sat 20 Sep 2025 02:30:01 PM PDT - Started Downloading images
Sat 20 Sep 2025 02:30:01 PM PDT - Completed downloading images
~~~~~~~~~~~~~~~~~~~~~~~~~~~~~~~~~~~~~~~~~~~~~~~~~
Sat 20 Sep 2025 03:00:01 PM PDT - Started Downloading images
Sat 20 Sep 2025 03:00:02 PM PDT - Completed downloading images
~~~~~~~~~~~~~~~~~~~~~~~~~~~~~~~~~~~~~~~~~~~~~~~~~
Sat 20 Sep 2025 03:30:01 PM PDT - Started Downloading images
Sat 20 Sep 2025 03:30:01 PM PDT - Completed downloading images
~~~~~~~~~~~~~~~~~~~~~~~~~~~~~~~~~~~~~~~~~~~~~~~~~
Sat 20 Sep 2025 04:00:01 PM PDT - Started Downloading images
Sat 20 Sep 2025 04:00:02 PM PDT - Completed downloading images
~~~~~~~~~~~~~~~~~~~~~~~~~~~~~~~~~~~~~~~~~~~~~~~~~
Sat 20 Sep 2025 04:30:01 PM PDT - Started Downloading images
Sat 20 Sep 2025 04:30:01 PM PDT - Completed downloading images
~~~~~~~~~~~~~~~~~~~~~~~~~~~~~~~~~~~~~~~~~~~~~~~~~
Sat 20 Sep 2025 05:00:01 PM PDT - Started Downloading images
Sat 20 Sep 2025 05:00:02 PM PDT - Completed downloading images
~~~~~~~~~~~~~~~~~~~~~~~~~~~~~~~~~~~~~~~~~~~~~~~~~
Sat 20 Sep 2025 05:30:01 PM PDT - Started Downloading images
Sat 20 Sep 2025 05:30:01 PM PDT - Completed downloading images
~~~~~~~~~~~~~~~~~~~~~~~~~~~~~~~~~~~~~~~~~~~~~~~~~
Sat 20 Sep 2025 06:00:02 PM PDT - Started Downloading images
Sat 20 Sep 2025 06:00:02 PM PDT - Completed downloading images
~~~~~~~~~~~~~~~~~~~~~~~~~~~~~~~~~~~~~~~~~~~~~~~~~
Sat 20 Sep 2025 06:30:01 PM PDT - Started Downloading images
Sat 20 Sep 2025 06:30:01 PM PDT - Completed downloading images
~~~~~~~~~~~~~~~~~~~~~~~~~~~~~~~~~~~~~~~~~~~~~~~~~
Sat 20 Sep 2025 07:00:01 PM PDT - Started Downloading images
Sat 20 Sep 2025 07:00:01 PM PDT - Completed downloading images
~~~~~~~~~~~~~~~~~~~~~~~~~~~~~~~~~~~~~~~~~~~~~~~~~
Sat 20 Sep 2025 07:30:01 PM PDT - Started Downloading images
Sat 20 Sep 2025 07:30:02 PM PDT - Completed downloading images
~~~~~~~~~~~~~~~~~~~~~~~~~~~~~~~~~~~~~~~~~~~~~~~~~
Sat 20 Sep 2025 08:00:01 PM PDT - Started Downloading images
Sat 20 Sep 2025 08:00:01 PM PDT - Completed downloading images
~~~~~~~~~~~~~~~~~~~~~~~~~~~~~~~~~~~~~~~~~~~~~~~~~
Sat 20 Sep 2025 08:30:01 PM PDT - Started Downloading images
Sat 20 Sep 2025 08:30:01 PM PDT - Completed downloading images
~~~~~~~~~~~~~~~~~~~~~~~~~~~~~~~~~~~~~~~~~~~~~~~~~
Sat 20 Sep 2025 09:00:01 PM PDT - Started Downloading images
Sat 20 Sep 2025 09:00:02 PM PDT - Completed downloading images
~~~~~~~~~~~~~~~~~~~~~~~~~~~~~~~~~~~~~~~~~~~~~~~~~
Sat 20 Sep 2025 09:30:01 PM PDT - Started Downloading images
Sat 20 Sep 2025 09:30:01 PM PDT - Completed downloading images
~~~~~~~~~~~~~~~~~~~~~~~~~~~~~~~~~~~~~~~~~~~~~~~~~
Sat 20 Sep 2025 10:00:02 PM PDT - Started Downloading images
Sat 20 Sep 2025 10:00:02 PM PDT - Completed downloading images
~~~~~~~~~~~~~~~~~~~~~~~~~~~~~~~~~~~~~~~~~~~~~~~~~
Sat 20 Sep 2025 10:30:01 PM PDT - Started Downloading images
Sat 20 Sep 2025 10:30:01 PM PDT - Completed downloading images
~~~~~~~~~~~~~~~~~~~~~~~~~~~~~~~~~~~~~~~~~~~~~~~~~
Sat 20 Sep 2025 11:00:01 PM PDT - Started Downloading images
Sat 20 Sep 2025 11:00:01 PM PDT - Completed downloading images
~~~~~~~~~~~~~~~~~~~~~~~~~~~~~~~~~~~~~~~~~~~~~~~~~
Sat 20 Sep 2025 11:30:01 PM PDT - Started Downloading images
Sat 20 Sep 2025 11:30:01 PM PDT - Completed downloading images
~~~~~~~~~~~~~~~~~~~~~~~~~~~~~~~~~~~~~~~~~~~~~~~~~
Sun 21 Sep 2025 12:00:01 AM PDT - Started Downloading images
Sun 21 Sep 2025 12:00:01 AM PDT - Completed downloading images
~~~~~~~~~~~~~~~~~~~~~~~~~~~~~~~~~~~~~~~~~~~~~~~~~
Sun 21 Sep 2025 12:30:01 AM PDT - Started Downloading images
Sun 21 Sep 2025 12:30:02 AM PDT - Completed downloading images
~~~~~~~~~~~~~~~~~~~~~~~~~~~~~~~~~~~~~~~~~~~~~~~~~
Sun 21 Sep 2025 01:00:01 AM PDT - Started Downloading images
Sun 21 Sep 2025 01:00:01 AM PDT - Completed downloading images
~~~~~~~~~~~~~~~~~~~~~~~~~~~~~~~~~~~~~~~~~~~~~~~~~
Sun 21 Sep 2025 01:30:01 AM PDT - Started Downloading images
Sun 21 Sep 2025 01:30:02 AM PDT - Completed downloading images
~~~~~~~~~~~~~~~~~~~~~~~~~~~~~~~~~~~~~~~~~~~~~~~~~
Sun 21 Sep 2025 02:00:01 AM PDT - Started Downloading images
Sun 21 Sep 2025 02:00:01 AM PDT - Completed downloading images
~~~~~~~~~~~~~~~~~~~~~~~~~~~~~~~~~~~~~~~~~~~~~~~~~
Sun 21 Sep 2025 02:30:01 AM PDT - Started Downloading images
Sun 21 Sep 2025 02:30:02 AM PDT - Completed downloading images
~~~~~~~~~~~~~~~~~~~~~~~~~~~~~~~~~~~~~~~~~~~~~~~~~
Sun 21 Sep 2025 03:00:01 AM PDT - Started Downloading images
Sun 21 Sep 2025 03:00:01 AM PDT - Completed downloading images
~~~~~~~~~~~~~~~~~~~~~~~~~~~~~~~~~~~~~~~~~~~~~~~~~
Sun 21 Sep 2025 03:30:01 AM PDT - Started Downloading images
Sun 21 Sep 2025 03:30:02 AM PDT - Completed downloading images
~~~~~~~~~~~~~~~~~~~~~~~~~~~~~~~~~~~~~~~~~~~~~~~~~
Sun 21 Sep 2025 04:00:01 AM PDT - Started Downloading images
Sun 21 Sep 2025 04:00:01 AM PDT - Completed downloading images
~~~~~~~~~~~~~~~~~~~~~~~~~~~~~~~~~~~~~~~~~~~~~~~~~
Sun 21 Sep 2025 04:30:01 AM PDT - Started Downloading images
Sun 21 Sep 2025 04:30:02 AM PDT - Completed downloading images
~~~~~~~~~~~~~~~~~~~~~~~~~~~~~~~~~~~~~~~~~~~~~~~~~
Sun 21 Sep 2025 05:00:01 AM PDT - Started Downloading images
Sun 21 Sep 2025 05:00:01 AM PDT - Completed downloading images
~~~~~~~~~~~~~~~~~~~~~~~~~~~~~~~~~~~~~~~~~~~~~~~~~
Sun 21 Sep 2025 05:30:01 AM PDT - Started Downloading images
Sun 21 Sep 2025 05:30:02 AM PDT - Completed downloading images
~~~~~~~~~~~~~~~~~~~~~~~~~~~~~~~~~~~~~~~~~~~~~~~~~
Sun 21 Sep 2025 06:00:01 AM PDT - Started Downloading images
Sun 21 Sep 2025 06:00:01 AM PDT - Completed downloading images
~~~~~~~~~~~~~~~~~~~~~~~~~~~~~~~~~~~~~~~~~~~~~~~~~
Sun 21 Sep 2025 06:30:01 AM PDT - Started Downloading images
Sun 21 Sep 2025 06:30:01 AM PDT - Completed downloading images
~~~~~~~~~~~~~~~~~~~~~~~~~~~~~~~~~~~~~~~~~~~~~~~~~
Sun 21 Sep 2025 07:00:01 AM PDT - Started Downloading images
Sun 21 Sep 2025 07:00:02 AM PDT - Completed downloading images
~~~~~~~~~~~~~~~~~~~~~~~~~~~~~~~~~~~~~~~~~~~~~~~~~
Sun 21 Sep 2025 07:30:01 AM PDT - Started Downloading images
Sun 21 Sep 2025 07:30:01 AM PDT - Completed downloading images
~~~~~~~~~~~~~~~~~~~~~~~~~~~~~~~~~~~~~~~~~~~~~~~~~
Sun 21 Sep 2025 08:00:01 AM PDT - Started Downloading images
Sun 21 Sep 2025 08:00:02 AM PDT - Completed downloading images
~~~~~~~~~~~~~~~~~~~~~~~~~~~~~~~~~~~~~~~~~~~~~~~~~
Sun 21 Sep 2025 08:30:01 AM PDT - Started Downloading images
Sun 21 Sep 2025 08:30:01 AM PDT - Completed downloading images
~~~~~~~~~~~~~~~~~~~~~~~~~~~~~~~~~~~~~~~~~~~~~~~~~
Sun 21 Sep 2025 09:00:01 AM PDT - Started Downloading images
Sun 21 Sep 2025 09:00:02 AM PDT - Completed downloading images
~~~~~~~~~~~~~~~~~~~~~~~~~~~~~~~~~~~~~~~~~~~~~~~~~
Sun 21 Sep 2025 09:30:01 AM PDT - Started Downloading images
Sun 21 Sep 2025 09:30:01 AM PDT - Completed downloading images
~~~~~~~~~~~~~~~~~~~~~~~~~~~~~~~~~~~~~~~~~~~~~~~~~
Sun 21 Sep 2025 10:00:01 AM PDT - Started Downloading images
Sun 21 Sep 2025 10:00:02 AM PDT - Completed downloading images
~~~~~~~~~~~~~~~~~~~~~~~~~~~~~~~~~~~~~~~~~~~~~~~~~
Sun 21 Sep 2025 10:30:01 AM PDT - Started Downloading images
Sun 21 Sep 2025 10:30:01 AM PDT - Completed downloading images
~~~~~~~~~~~~~~~~~~~~~~~~~~~~~~~~~~~~~~~~~~~~~~~~~
Sun 21 Sep 2025 11:00:01 AM PDT - Started Downloading images
Sun 21 Sep 2025 11:00:02 AM PDT - Completed downloading images
~~~~~~~~~~~~~~~~~~~~~~~~~~~~~~~~~~~~~~~~~~~~~~~~~
Sun 21 Sep 2025 11:30:01 AM PDT - Started Downloading images
Sun 21 Sep 2025 11:30:01 AM PDT - Completed downloading images
~~~~~~~~~~~~~~~~~~~~~~~~~~~~~~~~~~~~~~~~~~~~~~~~~
Sun 21 Sep 2025 12:00:01 PM PDT - Started Downloading images
Sun 21 Sep 2025 12:00:02 PM PDT - Completed downloading images
~~~~~~~~~~~~~~~~~~~~~~~~~~~~~~~~~~~~~~~~~~~~~~~~~
Sun 21 Sep 2025 12:30:01 PM PDT - Started Downloading images
Sun 21 Sep 2025 12:30:01 PM PDT - Completed downloading images
~~~~~~~~~~~~~~~~~~~~~~~~~~~~~~~~~~~~~~~~~~~~~~~~~
Sun 21 Sep 2025 01:00:01 PM PDT - Started Downloading images
Sun 21 Sep 2025 01:00:02 PM PDT - Completed downloading images
~~~~~~~~~~~~~~~~~~~~~~~~~~~~~~~~~~~~~~~~~~~~~~~~~
Sun 21 Sep 2025 01:30:01 PM PDT - Started Downloading images
Sun 21 Sep 2025 01:30:01 PM PDT - Completed downloading images
~~~~~~~~~~~~~~~~~~~~~~~~~~~~~~~~~~~~~~~~~~~~~~~~~
Sun 21 Sep 2025 02:00:01 PM PDT - Started Downloading images
Sun 21 Sep 2025 02:00:02 PM PDT - Completed downloading images
~~~~~~~~~~~~~~~~~~~~~~~~~~~~~~~~~~~~~~~~~~~~~~~~~
Sun 21 Sep 2025 02:30:01 PM PDT - Started Downloading images
Sun 21 Sep 2025 02:30:01 PM PDT - Completed downloading images
~~~~~~~~~~~~~~~~~~~~~~~~~~~~~~~~~~~~~~~~~~~~~~~~~
Sun 21 Sep 2025 03:00:01 PM PDT - Started Downloading images
Sun 21 Sep 2025 03:00:02 PM PDT - Completed downloading images
~~~~~~~~~~~~~~~~~~~~~~~~~~~~~~~~~~~~~~~~~~~~~~~~~
Sun 21 Sep 2025 03:30:01 PM PDT - Started Downloading images
Sun 21 Sep 2025 03:30:01 PM PDT - Completed downloading images
~~~~~~~~~~~~~~~~~~~~~~~~~~~~~~~~~~~~~~~~~~~~~~~~~
Sun 21 Sep 2025 04:00:01 PM PDT - Started Downloading images
Sun 21 Sep 2025 04:00:02 PM PDT - Completed downloading images
~~~~~~~~~~~~~~~~~~~~~~~~~~~~~~~~~~~~~~~~~~~~~~~~~
Sun 21 Sep 2025 04:30:01 PM PDT - Started Downloading images
Sun 21 Sep 2025 04:30:01 PM PDT - Completed downloading images
~~~~~~~~~~~~~~~~~~~~~~~~~~~~~~~~~~~~~~~~~~~~~~~~~
Sun 21 Sep 2025 05:00:01 PM PDT - Started Downloading images
Sun 21 Sep 2025 05:00:02 PM PDT - Completed downloading images
~~~~~~~~~~~~~~~~~~~~~~~~~~~~~~~~~~~~~~~~~~~~~~~~~
Sun 21 Sep 2025 05:30:01 PM PDT - Started Downloading images
Sun 21 Sep 2025 05:30:01 PM PDT - Completed downloading images
~~~~~~~~~~~~~~~~~~~~~~~~~~~~~~~~~~~~~~~~~~~~~~~~~
Sun 21 Sep 2025 06:00:01 PM PDT - Started Downloading images
Sun 21 Sep 2025 06:00:02 PM PDT - Completed downloading images
~~~~~~~~~~~~~~~~~~~~~~~~~~~~~~~~~~~~~~~~~~~~~~~~~
Sun 21 Sep 2025 06:30:01 PM PDT - Started Downloading images
Sun 21 Sep 2025 06:30:01 PM PDT - Completed downloading images
~~~~~~~~~~~~~~~~~~~~~~~~~~~~~~~~~~~~~~~~~~~~~~~~~
Sun 21 Sep 2025 07:00:01 PM PDT - Started Downloading images
Sun 21 Sep 2025 07:00:01 PM PDT - Completed downloading images
~~~~~~~~~~~~~~~~~~~~~~~~~~~~~~~~~~~~~~~~~~~~~~~~~
Sun 21 Sep 2025 07:30:01 PM PDT - Started Downloading images
Sun 21 Sep 2025 07:30:02 PM PDT - Completed downloading images
~~~~~~~~~~~~~~~~~~~~~~~~~~~~~~~~~~~~~~~~~~~~~~~~~
Sun 21 Sep 2025 08:00:01 PM PDT - Started Downloading images
Sun 21 Sep 2025 08:00:01 PM PDT - Completed downloading images
~~~~~~~~~~~~~~~~~~~~~~~~~~~~~~~~~~~~~~~~~~~~~~~~~
Sun 21 Sep 2025 08:30:01 PM PDT - Started Downloading images
Sun 21 Sep 2025 08:30:01 PM PDT - Completed downloading images
~~~~~~~~~~~~~~~~~~~~~~~~~~~~~~~~~~~~~~~~~~~~~~~~~
Sun 21 Sep 2025 09:00:01 PM PDT - Started Downloading images
Sun 21 Sep 2025 09:00:02 PM PDT - Completed downloading images
~~~~~~~~~~~~~~~~~~~~~~~~~~~~~~~~~~~~~~~~~~~~~~~~~
Sun 21 Sep 2025 09:30:01 PM PDT - Started Downloading images
Sun 21 Sep 2025 09:30:01 PM PDT - Completed downloading images
~~~~~~~~~~~~~~~~~~~~~~~~~~~~~~~~~~~~~~~~~~~~~~~~~
Sun 21 Sep 2025 10:00:01 PM PDT - Started Downloading images
Sun 21 Sep 2025 10:00:02 PM PDT - Completed downloading images
~~~~~~~~~~~~~~~~~~~~~~~~~~~~~~~~~~~~~~~~~~~~~~~~~
Sun 21 Sep 2025 10:30:01 PM PDT - Started Downloading images
Sun 21 Sep 2025 10:30:01 PM PDT - Completed downloading images
~~~~~~~~~~~~~~~~~~~~~~~~~~~~~~~~~~~~~~~~~~~~~~~~~
Sun 21 Sep 2025 11:00:01 PM PDT - Started Downloading images
Sun 21 Sep 2025 11:00:02 PM PDT - Completed downloading images
~~~~~~~~~~~~~~~~~~~~~~~~~~~~~~~~~~~~~~~~~~~~~~~~~
Sun 21 Sep 2025 11:30:01 PM PDT - Started Downloading images
Sun 21 Sep 2025 11:30:01 PM PDT - Completed downloading images
~~~~~~~~~~~~~~~~~~~~~~~~~~~~~~~~~~~~~~~~~~~~~~~~~
Mon 22 Sep 2025 12:00:01 AM PDT - Started Downloading images
Mon 22 Sep 2025 12:00:02 AM PDT - Completed downloading images
~~~~~~~~~~~~~~~~~~~~~~~~~~~~~~~~~~~~~~~~~~~~~~~~~
Mon 22 Sep 2025 12:30:01 AM PDT - Started Downloading images
Mon 22 Sep 2025 12:30:01 AM PDT - Completed downloading images
~~~~~~~~~~~~~~~~~~~~~~~~~~~~~~~~~~~~~~~~~~~~~~~~~
Mon 22 Sep 2025 01:00:01 AM PDT - Started Downloading images
Mon 22 Sep 2025 01:00:02 AM PDT - Completed downloading images
~~~~~~~~~~~~~~~~~~~~~~~~~~~~~~~~~~~~~~~~~~~~~~~~~
Mon 22 Sep 2025 01:30:01 AM PDT - Started Downloading images
Mon 22 Sep 2025 01:30:01 AM PDT - Completed downloading images
~~~~~~~~~~~~~~~~~~~~~~~~~~~~~~~~~~~~~~~~~~~~~~~~~
Mon 22 Sep 2025 02:00:01 AM PDT - Started Downloading images
Mon 22 Sep 2025 02:00:02 AM PDT - Completed downloading images
~~~~~~~~~~~~~~~~~~~~~~~~~~~~~~~~~~~~~~~~~~~~~~~~~
Mon 22 Sep 2025 02:30:01 AM PDT - Started Downloading images
Mon 22 Sep 2025 02:30:01 AM PDT - Completed downloading images
~~~~~~~~~~~~~~~~~~~~~~~~~~~~~~~~~~~~~~~~~~~~~~~~~
Mon 22 Sep 2025 03:00:01 AM PDT - Started Downloading images
Mon 22 Sep 2025 03:00:02 AM PDT - Completed downloading images
~~~~~~~~~~~~~~~~~~~~~~~~~~~~~~~~~~~~~~~~~~~~~~~~~
Mon 22 Sep 2025 03:30:01 AM PDT - Started Downloading images
Mon 22 Sep 2025 03:30:01 AM PDT - Completed downloading images
~~~~~~~~~~~~~~~~~~~~~~~~~~~~~~~~~~~~~~~~~~~~~~~~~
Mon 22 Sep 2025 04:00:01 AM PDT - Started Downloading images
Mon 22 Sep 2025 04:00:01 AM PDT - Completed downloading images
~~~~~~~~~~~~~~~~~~~~~~~~~~~~~~~~~~~~~~~~~~~~~~~~~
Mon 22 Sep 2025 04:30:01 AM PDT - Started Downloading images
Mon 22 Sep 2025 04:30:02 AM PDT - Completed downloading images
~~~~~~~~~~~~~~~~~~~~~~~~~~~~~~~~~~~~~~~~~~~~~~~~~
Mon 22 Sep 2025 05:00:01 AM PDT - Started Downloading images
Mon 22 Sep 2025 05:00:01 AM PDT - Completed downloading images
~~~~~~~~~~~~~~~~~~~~~~~~~~~~~~~~~~~~~~~~~~~~~~~~~
Mon 22 Sep 2025 05:30:01 AM PDT - Started Downloading images
Mon 22 Sep 2025 05:30:02 AM PDT - Completed downloading images
~~~~~~~~~~~~~~~~~~~~~~~~~~~~~~~~~~~~~~~~~~~~~~~~~
Mon 22 Sep 2025 06:00:01 AM PDT - Started Downloading images
Mon 22 Sep 2025 06:00:01 AM PDT - Completed downloading images
~~~~~~~~~~~~~~~~~~~~~~~~~~~~~~~~~~~~~~~~~~~~~~~~~
Mon 22 Sep 2025 06:30:02 AM PDT - Started Downloading images
Mon 22 Sep 2025 06:30:02 AM PDT - Completed downloading images
~~~~~~~~~~~~~~~~~~~~~~~~~~~~~~~~~~~~~~~~~~~~~~~~~
Mon 22 Sep 2025 07:00:01 AM PDT - Started Downloading images
Mon 22 Sep 2025 07:00:02 AM PDT - Completed downloading images
~~~~~~~~~~~~~~~~~~~~~~~~~~~~~~~~~~~~~~~~~~~~~~~~~
Mon 22 Sep 2025 07:30:01 AM PDT - Started Downloading images
Mon 22 Sep 2025 07:30:01 AM PDT - Completed downloading images
~~~~~~~~~~~~~~~~~~~~~~~~~~~~~~~~~~~~~~~~~~~~~~~~~
Mon 22 Sep 2025 08:00:01 AM PDT - Started Downloading images
Mon 22 Sep 2025 08:00:02 AM PDT - Completed downloading images
~~~~~~~~~~~~~~~~~~~~~~~~~~~~~~~~~~~~~~~~~~~~~~~~~
Mon 22 Sep 2025 08:30:01 AM PDT - Started Downloading images
Mon 22 Sep 2025 08:30:01 AM PDT - Completed downloading images
~~~~~~~~~~~~~~~~~~~~~~~~~~~~~~~~~~~~~~~~~~~~~~~~~
Mon 22 Sep 2025 09:00:01 AM PDT - Started Downloading images
Mon 22 Sep 2025 09:00:02 AM PDT - Completed downloading images
~~~~~~~~~~~~~~~~~~~~~~~~~~~~~~~~~~~~~~~~~~~~~~~~~
Mon 22 Sep 2025 09:30:01 AM PDT - Started Downloading images
Mon 22 Sep 2025 09:30:01 AM PDT - Completed downloading images
~~~~~~~~~~~~~~~~~~~~~~~~~~~~~~~~~~~~~~~~~~~~~~~~~
Mon 22 Sep 2025 10:00:01 AM PDT - Started Downloading images
Mon 22 Sep 2025 10:00:02 AM PDT - Completed downloading images
~~~~~~~~~~~~~~~~~~~~~~~~~~~~~~~~~~~~~~~~~~~~~~~~~
Mon 22 Sep 2025 10:30:01 AM PDT - Started Downloading images
Mon 22 Sep 2025 10:30:01 AM PDT - Completed downloading images
~~~~~~~~~~~~~~~~~~~~~~~~~~~~~~~~~~~~~~~~~~~~~~~~~
Mon 22 Sep 2025 11:00:01 AM PDT - Started Downloading images
Mon 22 Sep 2025 11:00:02 AM PDT - Completed downloading images
~~~~~~~~~~~~~~~~~~~~~~~~~~~~~~~~~~~~~~~~~~~~~~~~~
Mon 22 Sep 2025 11:30:01 AM PDT - Started Downloading images
Mon 22 Sep 2025 11:30:01 AM PDT - Completed downloading images
~~~~~~~~~~~~~~~~~~~~~~~~~~~~~~~~~~~~~~~~~~~~~~~~~
Mon 22 Sep 2025 12:00:01 PM PDT - Started Downloading images
Mon 22 Sep 2025 12:00:02 PM PDT - Completed downloading images
~~~~~~~~~~~~~~~~~~~~~~~~~~~~~~~~~~~~~~~~~~~~~~~~~
Mon 22 Sep 2025 12:30:01 PM PDT - Started Downloading images
Mon 22 Sep 2025 12:30:01 PM PDT - Completed downloading images
~~~~~~~~~~~~~~~~~~~~~~~~~~~~~~~~~~~~~~~~~~~~~~~~~
Mon 22 Sep 2025 01:00:01 PM PDT - Started Downloading images
Mon 22 Sep 2025 01:00:01 PM PDT - Completed downloading images
~~~~~~~~~~~~~~~~~~~~~~~~~~~~~~~~~~~~~~~~~~~~~~~~~
Mon 22 Sep 2025 01:30:01 PM PDT - Started Downloading images
Mon 22 Sep 2025 01:30:02 PM PDT - Completed downloading images
~~~~~~~~~~~~~~~~~~~~~~~~~~~~~~~~~~~~~~~~~~~~~~~~~
Mon 22 Sep 2025 02:00:01 PM PDT - Started Downloading images
Mon 22 Sep 2025 02:00:01 PM PDT - Completed downloading images
~~~~~~~~~~~~~~~~~~~~~~~~~~~~~~~~~~~~~~~~~~~~~~~~~
Mon 22 Sep 2025 02:30:01 PM PDT - Started Downloading images
Mon 22 Sep 2025 02:30:02 PM PDT - Completed downloading images
~~~~~~~~~~~~~~~~~~~~~~~~~~~~~~~~~~~~~~~~~~~~~~~~~
Mon 22 Sep 2025 03:00:01 PM PDT - Started Downloading images
Mon 22 Sep 2025 03:00:01 PM PDT - Completed downloading images
~~~~~~~~~~~~~~~~~~~~~~~~~~~~~~~~~~~~~~~~~~~~~~~~~
Mon 22 Sep 2025 03:30:01 PM PDT - Started Downloading images
Mon 22 Sep 2025 03:30:02 PM PDT - Completed downloading images
~~~~~~~~~~~~~~~~~~~~~~~~~~~~~~~~~~~~~~~~~~~~~~~~~
Mon 22 Sep 2025 04:00:01 PM PDT - Started Downloading images
Mon 22 Sep 2025 04:00:01 PM PDT - Completed downloading images
~~~~~~~~~~~~~~~~~~~~~~~~~~~~~~~~~~~~~~~~~~~~~~~~~
Mon 22 Sep 2025 04:30:01 PM PDT - Started Downloading images
Mon 22 Sep 2025 04:30:02 PM PDT - Completed downloading images
~~~~~~~~~~~~~~~~~~~~~~~~~~~~~~~~~~~~~~~~~~~~~~~~~
Mon 22 Sep 2025 05:00:01 PM PDT - Started Downloading images
Mon 22 Sep 2025 05:00:01 PM PDT - Completed downloading images
~~~~~~~~~~~~~~~~~~~~~~~~~~~~~~~~~~~~~~~~~~~~~~~~~
Mon 22 Sep 2025 05:30:01 PM PDT - Started Downloading images
Mon 22 Sep 2025 05:30:02 PM PDT - Completed downloading images
~~~~~~~~~~~~~~~~~~~~~~~~~~~~~~~~~~~~~~~~~~~~~~~~~
Mon 22 Sep 2025 06:00:01 PM PDT - Started Downloading images
Mon 22 Sep 2025 06:00:01 PM PDT - Completed downloading images
~~~~~~~~~~~~~~~~~~~~~~~~~~~~~~~~~~~~~~~~~~~~~~~~~
Mon 22 Sep 2025 06:30:01 PM PDT - Started Downloading images
Mon 22 Sep 2025 06:30:02 PM PDT - Completed downloading images
~~~~~~~~~~~~~~~~~~~~~~~~~~~~~~~~~~~~~~~~~~~~~~~~~
Mon 22 Sep 2025 07:00:01 PM PDT - Started Downloading images
Mon 22 Sep 2025 07:00:01 PM PDT - Completed downloading images
~~~~~~~~~~~~~~~~~~~~~~~~~~~~~~~~~~~~~~~~~~~~~~~~~
Mon 22 Sep 2025 07:30:01 PM PDT - Started Downloading images
Mon 22 Sep 2025 07:30:02 PM PDT - Completed downloading images
~~~~~~~~~~~~~~~~~~~~~~~~~~~~~~~~~~~~~~~~~~~~~~~~~
Mon 22 Sep 2025 08:00:01 PM PDT - Started Downloading images
Mon 22 Sep 2025 08:00:01 PM PDT - Completed downloading images
~~~~~~~~~~~~~~~~~~~~~~~~~~~~~~~~~~~~~~~~~~~~~~~~~
Mon 22 Sep 2025 08:30:01 PM PDT - Started Downloading images
Mon 22 Sep 2025 08:30:02 PM PDT - Completed downloading images
~~~~~~~~~~~~~~~~~~~~~~~~~~~~~~~~~~~~~~~~~~~~~~~~~
Mon 22 Sep 2025 09:00:01 PM PDT - Started Downloading images
Mon 22 Sep 2025 09:00:01 PM PDT - Completed downloading images
~~~~~~~~~~~~~~~~~~~~~~~~~~~~~~~~~~~~~~~~~~~~~~~~~
Mon 22 Sep 2025 09:30:01 PM PDT - Started Downloading images
Mon 22 Sep 2025 09:30:02 PM PDT - Completed downloading images
~~~~~~~~~~~~~~~~~~~~~~~~~~~~~~~~~~~~~~~~~~~~~~~~~
Mon 22 Sep 2025 10:00:01 PM PDT - Started Downloading images
Mon 22 Sep 2025 10:00:01 PM PDT - Completed downloading images
~~~~~~~~~~~~~~~~~~~~~~~~~~~~~~~~~~~~~~~~~~~~~~~~~
Mon 22 Sep 2025 10:30:01 PM PDT - Started Downloading images
Mon 22 Sep 2025 10:30:01 PM PDT - Completed downloading images
~~~~~~~~~~~~~~~~~~~~~~~~~~~~~~~~~~~~~~~~~~~~~~~~~
Mon 22 Sep 2025 11:00:01 PM PDT - Started Downloading images
Mon 22 Sep 2025 11:00:01 PM PDT - Completed downloading images
~~~~~~~~~~~~~~~~~~~~~~~~~~~~~~~~~~~~~~~~~~~~~~~~~
Mon 22 Sep 2025 11:30:01 PM PDT - Started Downloading images
Mon 22 Sep 2025 11:30:01 PM PDT - Completed downloading images
~~~~~~~~~~~~~~~~~~~~~~~~~~~~~~~~~~~~~~~~~~~~~~~~~
Tue 23 Sep 2025 12:00:01 AM PDT - Started Downloading images
Tue 23 Sep 2025 12:00:02 AM PDT - Completed downloading images
~~~~~~~~~~~~~~~~~~~~~~~~~~~~~~~~~~~~~~~~~~~~~~~~~
Tue 23 Sep 2025 12:30:01 AM PDT - Started Downloading images
Tue 23 Sep 2025 12:30:01 AM PDT - Completed downloading images
~~~~~~~~~~~~~~~~~~~~~~~~~~~~~~~~~~~~~~~~~~~~~~~~~
Tue 23 Sep 2025 01:00:01 AM PDT - Started Downloading images
Tue 23 Sep 2025 01:00:02 AM PDT - Completed downloading images
~~~~~~~~~~~~~~~~~~~~~~~~~~~~~~~~~~~~~~~~~~~~~~~~~
Tue 23 Sep 2025 01:30:01 AM PDT - Started Downloading images
Tue 23 Sep 2025 01:30:01 AM PDT - Completed downloading images
~~~~~~~~~~~~~~~~~~~~~~~~~~~~~~~~~~~~~~~~~~~~~~~~~
Tue 23 Sep 2025 02:00:01 AM PDT - Started Downloading images
Tue 23 Sep 2025 02:00:02 AM PDT - Completed downloading images
~~~~~~~~~~~~~~~~~~~~~~~~~~~~~~~~~~~~~~~~~~~~~~~~~
Tue 23 Sep 2025 02:30:01 AM PDT - Started Downloading images
Tue 23 Sep 2025 02:30:01 AM PDT - Completed downloading images
~~~~~~~~~~~~~~~~~~~~~~~~~~~~~~~~~~~~~~~~~~~~~~~~~
Tue 23 Sep 2025 03:00:01 AM PDT - Started Downloading images
Tue 23 Sep 2025 03:00:02 AM PDT - Completed downloading images
~~~~~~~~~~~~~~~~~~~~~~~~~~~~~~~~~~~~~~~~~~~~~~~~~
Tue 23 Sep 2025 03:30:01 AM PDT - Started Downloading images
Tue 23 Sep 2025 03:30:02 AM PDT - Completed downloading images
~~~~~~~~~~~~~~~~~~~~~~~~~~~~~~~~~~~~~~~~~~~~~~~~~
Tue 23 Sep 2025 04:00:01 AM PDT - Started Downloading images
Tue 23 Sep 2025 04:00:01 AM PDT - Completed downloading images
~~~~~~~~~~~~~~~~~~~~~~~~~~~~~~~~~~~~~~~~~~~~~~~~~
Tue 23 Sep 2025 04:30:01 AM PDT - Started Downloading images
Tue 23 Sep 2025 04:30:01 AM PDT - Completed downloading images
~~~~~~~~~~~~~~~~~~~~~~~~~~~~~~~~~~~~~~~~~~~~~~~~~
Tue 23 Sep 2025 05:00:01 AM PDT - Started Downloading images
Tue 23 Sep 2025 05:00:01 AM PDT - Completed downloading images
~~~~~~~~~~~~~~~~~~~~~~~~~~~~~~~~~~~~~~~~~~~~~~~~~
Tue 23 Sep 2025 05:30:01 AM PDT - Started Downloading images
Tue 23 Sep 2025 05:30:01 AM PDT - Completed downloading images
~~~~~~~~~~~~~~~~~~~~~~~~~~~~~~~~~~~~~~~~~~~~~~~~~
Tue 23 Sep 2025 06:00:01 AM PDT - Started Downloading images
Tue 23 Sep 2025 06:00:02 AM PDT - Completed downloading images
~~~~~~~~~~~~~~~~~~~~~~~~~~~~~~~~~~~~~~~~~~~~~~~~~
Tue 23 Sep 2025 06:30:01 AM PDT - Started Downloading images
Tue 23 Sep 2025 06:30:01 AM PDT - Completed downloading images
~~~~~~~~~~~~~~~~~~~~~~~~~~~~~~~~~~~~~~~~~~~~~~~~~
Tue 23 Sep 2025 07:00:01 AM PDT - Started Downloading images
Tue 23 Sep 2025 07:00:01 AM PDT - Completed downloading images
~~~~~~~~~~~~~~~~~~~~~~~~~~~~~~~~~~~~~~~~~~~~~~~~~
Tue 23 Sep 2025 07:30:01 AM PDT - Started Downloading images
Tue 23 Sep 2025 07:30:02 AM PDT - Completed downloading images
~~~~~~~~~~~~~~~~~~~~~~~~~~~~~~~~~~~~~~~~~~~~~~~~~
Tue 23 Sep 2025 08:00:01 AM PDT - Started Downloading images
Tue 23 Sep 2025 08:00:01 AM PDT - Completed downloading images
~~~~~~~~~~~~~~~~~~~~~~~~~~~~~~~~~~~~~~~~~~~~~~~~~
Tue 23 Sep 2025 08:30:01 AM PDT - Started Downloading images
Tue 23 Sep 2025 08:30:02 AM PDT - Completed downloading images
~~~~~~~~~~~~~~~~~~~~~~~~~~~~~~~~~~~~~~~~~~~~~~~~~
Tue 23 Sep 2025 09:00:01 AM PDT - Started Downloading images
Tue 23 Sep 2025 09:00:01 AM PDT - Completed downloading images
~~~~~~~~~~~~~~~~~~~~~~~~~~~~~~~~~~~~~~~~~~~~~~~~~
Tue 23 Sep 2025 09:30:01 AM PDT - Started Downloading images
Tue 23 Sep 2025 09:30:02 AM PDT - Completed downloading images
~~~~~~~~~~~~~~~~~~~~~~~~~~~~~~~~~~~~~~~~~~~~~~~~~
Tue 23 Sep 2025 10:00:01 AM PDT - Started Downloading images
Tue 23 Sep 2025 10:00:01 AM PDT - Completed downloading images
~~~~~~~~~~~~~~~~~~~~~~~~~~~~~~~~~~~~~~~~~~~~~~~~~
Tue 23 Sep 2025 10:30:01 AM PDT - Started Downloading images
Tue 23 Sep 2025 10:30:01 AM PDT - Completed downloading images
~~~~~~~~~~~~~~~~~~~~~~~~~~~~~~~~~~~~~~~~~~~~~~~~~
Tue 23 Sep 2025 11:00:01 AM PDT - Started Downloading images
Tue 23 Sep 2025 11:00:02 AM PDT - Completed downloading images
~~~~~~~~~~~~~~~~~~~~~~~~~~~~~~~~~~~~~~~~~~~~~~~~~
Tue 23 Sep 2025 11:30:01 AM PDT - Started Downloading images
Tue 23 Sep 2025 11:30:01 AM PDT - Completed downloading images
~~~~~~~~~~~~~~~~~~~~~~~~~~~~~~~~~~~~~~~~~~~~~~~~~
Tue 23 Sep 2025 12:00:01 PM PDT - Started Downloading images
Tue 23 Sep 2025 12:00:02 PM PDT - Completed downloading images
~~~~~~~~~~~~~~~~~~~~~~~~~~~~~~~~~~~~~~~~~~~~~~~~~
Tue 23 Sep 2025 12:30:01 PM PDT - Started Downloading images
Tue 23 Sep 2025 12:30:01 PM PDT - Completed downloading images
~~~~~~~~~~~~~~~~~~~~~~~~~~~~~~~~~~~~~~~~~~~~~~~~~
Tue 23 Sep 2025 01:00:01 PM PDT - Started Downloading images
Tue 23 Sep 2025 01:00:02 PM PDT - Completed downloading images
~~~~~~~~~~~~~~~~~~~~~~~~~~~~~~~~~~~~~~~~~~~~~~~~~
Tue 23 Sep 2025 01:30:01 PM PDT - Started Downloading images
Tue 23 Sep 2025 01:30:01 PM PDT - Completed downloading images
~~~~~~~~~~~~~~~~~~~~~~~~~~~~~~~~~~~~~~~~~~~~~~~~~
Tue 23 Sep 2025 02:00:01 PM PDT - Started Downloading images
Tue 23 Sep 2025 02:00:02 PM PDT - Completed downloading images
~~~~~~~~~~~~~~~~~~~~~~~~~~~~~~~~~~~~~~~~~~~~~~~~~
Tue 23 Sep 2025 02:30:01 PM PDT - Started Downloading images
Tue 23 Sep 2025 02:30:01 PM PDT - Completed downloading images
~~~~~~~~~~~~~~~~~~~~~~~~~~~~~~~~~~~~~~~~~~~~~~~~~
Tue 23 Sep 2025 03:00:01 PM PDT - Started Downloading images
Tue 23 Sep 2025 03:00:02 PM PDT - Completed downloading images
~~~~~~~~~~~~~~~~~~~~~~~~~~~~~~~~~~~~~~~~~~~~~~~~~
Tue 23 Sep 2025 03:30:01 PM PDT - Started Downloading images
Tue 23 Sep 2025 03:30:01 PM PDT - Completed downloading images
~~~~~~~~~~~~~~~~~~~~~~~~~~~~~~~~~~~~~~~~~~~~~~~~~
Tue 23 Sep 2025 04:00:01 PM PDT - Started Downloading images
Tue 23 Sep 2025 04:00:02 PM PDT - Completed downloading images
~~~~~~~~~~~~~~~~~~~~~~~~~~~~~~~~~~~~~~~~~~~~~~~~~
Tue 23 Sep 2025 04:30:01 PM PDT - Started Downloading images
Tue 23 Sep 2025 04:30:01 PM PDT - Completed downloading images
~~~~~~~~~~~~~~~~~~~~~~~~~~~~~~~~~~~~~~~~~~~~~~~~~
Tue 23 Sep 2025 05:00:01 PM PDT - Started Downloading images
Tue 23 Sep 2025 05:00:02 PM PDT - Completed downloading images
~~~~~~~~~~~~~~~~~~~~~~~~~~~~~~~~~~~~~~~~~~~~~~~~~
Tue 23 Sep 2025 05:30:01 PM PDT - Started Downloading images
Tue 23 Sep 2025 05:30:01 PM PDT - Completed downloading images
~~~~~~~~~~~~~~~~~~~~~~~~~~~~~~~~~~~~~~~~~~~~~~~~~
Tue 23 Sep 2025 06:00:01 PM PDT - Started Downloading images
Tue 23 Sep 2025 06:00:02 PM PDT - Completed downloading images
~~~~~~~~~~~~~~~~~~~~~~~~~~~~~~~~~~~~~~~~~~~~~~~~~
Tue 23 Sep 2025 06:30:01 PM PDT - Started Downloading images
Tue 23 Sep 2025 06:30:01 PM PDT - Completed downloading images
~~~~~~~~~~~~~~~~~~~~~~~~~~~~~~~~~~~~~~~~~~~~~~~~~
Tue 23 Sep 2025 07:00:01 PM PDT - Started Downloading images
Tue 23 Sep 2025 07:00:01 PM PDT - Completed downloading images
~~~~~~~~~~~~~~~~~~~~~~~~~~~~~~~~~~~~~~~~~~~~~~~~~
Tue 23 Sep 2025 07:30:01 PM PDT - Started Downloading images
Tue 23 Sep 2025 07:30:02 PM PDT - Completed downloading images
~~~~~~~~~~~~~~~~~~~~~~~~~~~~~~~~~~~~~~~~~~~~~~~~~
Tue 23 Sep 2025 08:00:01 PM PDT - Started Downloading images
Tue 23 Sep 2025 08:00:01 PM PDT - Completed downloading images
~~~~~~~~~~~~~~~~~~~~~~~~~~~~~~~~~~~~~~~~~~~~~~~~~
Tue 23 Sep 2025 08:30:01 PM PDT - Started Downloading images
Tue 23 Sep 2025 08:30:01 PM PDT - Completed downloading images
~~~~~~~~~~~~~~~~~~~~~~~~~~~~~~~~~~~~~~~~~~~~~~~~~
Tue 23 Sep 2025 09:00:01 PM PDT - Started Downloading images
Tue 23 Sep 2025 09:00:02 PM PDT - Completed downloading images
~~~~~~~~~~~~~~~~~~~~~~~~~~~~~~~~~~~~~~~~~~~~~~~~~
Tue 23 Sep 2025 09:30:01 PM PDT - Started Downloading images
Tue 23 Sep 2025 09:30:01 PM PDT - Completed downloading images
~~~~~~~~~~~~~~~~~~~~~~~~~~~~~~~~~~~~~~~~~~~~~~~~~
Tue 23 Sep 2025 10:00:01 PM PDT - Started Downloading images
Tue 23 Sep 2025 10:00:02 PM PDT - Completed downloading images
~~~~~~~~~~~~~~~~~~~~~~~~~~~~~~~~~~~~~~~~~~~~~~~~~
Tue 23 Sep 2025 10:30:01 PM PDT - Started Downloading images
Tue 23 Sep 2025 10:30:01 PM PDT - Completed downloading images
~~~~~~~~~~~~~~~~~~~~~~~~~~~~~~~~~~~~~~~~~~~~~~~~~
Tue 23 Sep 2025 11:00:01 PM PDT - Started Downloading images
Tue 23 Sep 2025 11:00:02 PM PDT - Completed downloading images
~~~~~~~~~~~~~~~~~~~~~~~~~~~~~~~~~~~~~~~~~~~~~~~~~
Tue 23 Sep 2025 11:30:01 PM PDT - Started Downloading images
Tue 23 Sep 2025 11:30:01 PM PDT - Completed downloading images
~~~~~~~~~~~~~~~~~~~~~~~~~~~~~~~~~~~~~~~~~~~~~~~~~
Wed 24 Sep 2025 12:00:01 AM PDT - Started Downloading images
Wed 24 Sep 2025 12:00:02 AM PDT - Completed downloading images
~~~~~~~~~~~~~~~~~~~~~~~~~~~~~~~~~~~~~~~~~~~~~~~~~
Wed 24 Sep 2025 12:30:01 AM PDT - Started Downloading images
Wed 24 Sep 2025 12:30:01 AM PDT - Completed downloading images
~~~~~~~~~~~~~~~~~~~~~~~~~~~~~~~~~~~~~~~~~~~~~~~~~
Wed 24 Sep 2025 01:00:01 AM PDT - Started Downloading images
Wed 24 Sep 2025 01:00:02 AM PDT - Completed downloading images
~~~~~~~~~~~~~~~~~~~~~~~~~~~~~~~~~~~~~~~~~~~~~~~~~
Wed 24 Sep 2025 01:30:01 AM PDT - Started Downloading images
Wed 24 Sep 2025 01:30:01 AM PDT - Completed downloading images
~~~~~~~~~~~~~~~~~~~~~~~~~~~~~~~~~~~~~~~~~~~~~~~~~
Wed 24 Sep 2025 02:00:01 AM PDT - Started Downloading images
Wed 24 Sep 2025 02:00:02 AM PDT - Completed downloading images
~~~~~~~~~~~~~~~~~~~~~~~~~~~~~~~~~~~~~~~~~~~~~~~~~
Wed 24 Sep 2025 02:30:01 AM PDT - Started Downloading images
Wed 24 Sep 2025 02:30:01 AM PDT - Completed downloading images
~~~~~~~~~~~~~~~~~~~~~~~~~~~~~~~~~~~~~~~~~~~~~~~~~
Wed 24 Sep 2025 03:00:01 AM PDT - Started Downloading images
Wed 24 Sep 2025 03:00:02 AM PDT - Completed downloading images
~~~~~~~~~~~~~~~~~~~~~~~~~~~~~~~~~~~~~~~~~~~~~~~~~
Wed 24 Sep 2025 03:30:01 AM PDT - Started Downloading images
Wed 24 Sep 2025 03:30:02 AM PDT - Completed downloading images
~~~~~~~~~~~~~~~~~~~~~~~~~~~~~~~~~~~~~~~~~~~~~~~~~
Wed 24 Sep 2025 04:00:01 AM PDT - Started Downloading images
Wed 24 Sep 2025 04:00:01 AM PDT - Completed downloading images
~~~~~~~~~~~~~~~~~~~~~~~~~~~~~~~~~~~~~~~~~~~~~~~~~
Wed 24 Sep 2025 04:30:01 AM PDT - Started Downloading images
Wed 24 Sep 2025 04:30:02 AM PDT - Completed downloading images
~~~~~~~~~~~~~~~~~~~~~~~~~~~~~~~~~~~~~~~~~~~~~~~~~
Wed 24 Sep 2025 05:00:01 AM PDT - Started Downloading images
Wed 24 Sep 2025 05:00:01 AM PDT - Completed downloading images
~~~~~~~~~~~~~~~~~~~~~~~~~~~~~~~~~~~~~~~~~~~~~~~~~
Wed 24 Sep 2025 05:30:01 AM PDT - Started Downloading images
Wed 24 Sep 2025 05:30:02 AM PDT - Completed downloading images
~~~~~~~~~~~~~~~~~~~~~~~~~~~~~~~~~~~~~~~~~~~~~~~~~
Wed 24 Sep 2025 06:00:01 AM PDT - Started Downloading images
Wed 24 Sep 2025 06:00:01 AM PDT - Completed downloading images
~~~~~~~~~~~~~~~~~~~~~~~~~~~~~~~~~~~~~~~~~~~~~~~~~
Wed 24 Sep 2025 06:30:01 AM PDT - Started Downloading images
Wed 24 Sep 2025 06:30:01 AM PDT - Completed downloading images
~~~~~~~~~~~~~~~~~~~~~~~~~~~~~~~~~~~~~~~~~~~~~~~~~
Wed 24 Sep 2025 07:00:01 AM PDT - Started Downloading images
Wed 24 Sep 2025 07:00:02 AM PDT - Completed downloading images
~~~~~~~~~~~~~~~~~~~~~~~~~~~~~~~~~~~~~~~~~~~~~~~~~
Wed 24 Sep 2025 07:30:01 AM PDT - Started Downloading images
Wed 24 Sep 2025 07:30:01 AM PDT - Completed downloading images
~~~~~~~~~~~~~~~~~~~~~~~~~~~~~~~~~~~~~~~~~~~~~~~~~
Wed 24 Sep 2025 08:00:01 AM PDT - Started Downloading images
Wed 24 Sep 2025 08:00:02 AM PDT - Completed downloading images
~~~~~~~~~~~~~~~~~~~~~~~~~~~~~~~~~~~~~~~~~~~~~~~~~
Wed 24 Sep 2025 08:30:01 AM PDT - Started Downloading images
Wed 24 Sep 2025 08:30:01 AM PDT - Completed downloading images
~~~~~~~~~~~~~~~~~~~~~~~~~~~~~~~~~~~~~~~~~~~~~~~~~
Wed 24 Sep 2025 09:00:01 AM PDT - Started Downloading images
Wed 24 Sep 2025 09:00:02 AM PDT - Completed downloading images
~~~~~~~~~~~~~~~~~~~~~~~~~~~~~~~~~~~~~~~~~~~~~~~~~
Wed 24 Sep 2025 09:30:01 AM PDT - Started Downloading images
Wed 24 Sep 2025 09:30:01 AM PDT - Completed downloading images
~~~~~~~~~~~~~~~~~~~~~~~~~~~~~~~~~~~~~~~~~~~~~~~~~
Wed 24 Sep 2025 10:00:01 AM PDT - Started Downloading images
Wed 24 Sep 2025 10:00:02 AM PDT - Completed downloading images
~~~~~~~~~~~~~~~~~~~~~~~~~~~~~~~~~~~~~~~~~~~~~~~~~
Wed 24 Sep 2025 10:30:01 AM PDT - Started Downloading images
Wed 24 Sep 2025 10:30:01 AM PDT - Completed downloading images
~~~~~~~~~~~~~~~~~~~~~~~~~~~~~~~~~~~~~~~~~~~~~~~~~
Wed 24 Sep 2025 11:00:01 AM PDT - Started Downloading images
Wed 24 Sep 2025 11:00:02 AM PDT - Completed downloading images
~~~~~~~~~~~~~~~~~~~~~~~~~~~~~~~~~~~~~~~~~~~~~~~~~
Wed 24 Sep 2025 11:30:01 AM PDT - Started Downloading images
Wed 24 Sep 2025 11:30:01 AM PDT - Completed downloading images
~~~~~~~~~~~~~~~~~~~~~~~~~~~~~~~~~~~~~~~~~~~~~~~~~
Wed 24 Sep 2025 12:00:01 PM PDT - Started Downloading images
Wed 24 Sep 2025 12:00:02 PM PDT - Completed downloading images
~~~~~~~~~~~~~~~~~~~~~~~~~~~~~~~~~~~~~~~~~~~~~~~~~
Wed 24 Sep 2025 12:30:01 PM PDT - Started Downloading images
Wed 24 Sep 2025 12:30:01 PM PDT - Completed downloading images
~~~~~~~~~~~~~~~~~~~~~~~~~~~~~~~~~~~~~~~~~~~~~~~~~
Wed 24 Sep 2025 01:00:01 PM PDT - Started Downloading images
Wed 24 Sep 2025 01:00:02 PM PDT - Completed downloading images
~~~~~~~~~~~~~~~~~~~~~~~~~~~~~~~~~~~~~~~~~~~~~~~~~
Wed 24 Sep 2025 01:30:01 PM PDT - Started Downloading images
Wed 24 Sep 2025 01:30:01 PM PDT - Completed downloading images
~~~~~~~~~~~~~~~~~~~~~~~~~~~~~~~~~~~~~~~~~~~~~~~~~
Wed 24 Sep 2025 02:00:01 PM PDT - Started Downloading images
Wed 24 Sep 2025 02:00:02 PM PDT - Completed downloading images
~~~~~~~~~~~~~~~~~~~~~~~~~~~~~~~~~~~~~~~~~~~~~~~~~
Wed 24 Sep 2025 02:30:01 PM PDT - Started Downloading images
Wed 24 Sep 2025 02:30:01 PM PDT - Completed downloading images
~~~~~~~~~~~~~~~~~~~~~~~~~~~~~~~~~~~~~~~~~~~~~~~~~
Wed 24 Sep 2025 03:00:01 PM PDT - Started Downloading images
Wed 24 Sep 2025 03:00:02 PM PDT - Completed downloading images
~~~~~~~~~~~~~~~~~~~~~~~~~~~~~~~~~~~~~~~~~~~~~~~~~
Wed 24 Sep 2025 03:30:01 PM PDT - Started Downloading images
Wed 24 Sep 2025 03:30:01 PM PDT - Completed downloading images
~~~~~~~~~~~~~~~~~~~~~~~~~~~~~~~~~~~~~~~~~~~~~~~~~
Wed 24 Sep 2025 04:00:01 PM PDT - Started Downloading images
Wed 24 Sep 2025 04:00:02 PM PDT - Completed downloading images
~~~~~~~~~~~~~~~~~~~~~~~~~~~~~~~~~~~~~~~~~~~~~~~~~
Wed 24 Sep 2025 04:30:01 PM PDT - Started Downloading images
Wed 24 Sep 2025 04:30:01 PM PDT - Completed downloading images
~~~~~~~~~~~~~~~~~~~~~~~~~~~~~~~~~~~~~~~~~~~~~~~~~
Wed 24 Sep 2025 05:00:01 PM PDT - Started Downloading images
Wed 24 Sep 2025 05:00:01 PM PDT - Completed downloading images
~~~~~~~~~~~~~~~~~~~~~~~~~~~~~~~~~~~~~~~~~~~~~~~~~
Wed 24 Sep 2025 05:30:01 PM PDT - Started Downloading images
Wed 24 Sep 2025 05:30:02 PM PDT - Completed downloading images
~~~~~~~~~~~~~~~~~~~~~~~~~~~~~~~~~~~~~~~~~~~~~~~~~
Wed 24 Sep 2025 06:00:01 PM PDT - Started Downloading images
Wed 24 Sep 2025 06:00:01 PM PDT - Completed downloading images
~~~~~~~~~~~~~~~~~~~~~~~~~~~~~~~~~~~~~~~~~~~~~~~~~
Wed 24 Sep 2025 06:30:01 PM PDT - Started Downloading images
Wed 24 Sep 2025 06:30:02 PM PDT - Completed downloading images
~~~~~~~~~~~~~~~~~~~~~~~~~~~~~~~~~~~~~~~~~~~~~~~~~
Wed 24 Sep 2025 07:00:01 PM PDT - Started Downloading images
Wed 24 Sep 2025 07:00:01 PM PDT - Completed downloading images
~~~~~~~~~~~~~~~~~~~~~~~~~~~~~~~~~~~~~~~~~~~~~~~~~
Wed 24 Sep 2025 07:30:01 PM PDT - Started Downloading images
Wed 24 Sep 2025 07:30:02 PM PDT - Completed downloading images
~~~~~~~~~~~~~~~~~~~~~~~~~~~~~~~~~~~~~~~~~~~~~~~~~
Wed 24 Sep 2025 08:00:01 PM PDT - Started Downloading images
Wed 24 Sep 2025 08:00:01 PM PDT - Completed downloading images
~~~~~~~~~~~~~~~~~~~~~~~~~~~~~~~~~~~~~~~~~~~~~~~~~
Wed 24 Sep 2025 08:30:01 PM PDT - Started Downloading images
Wed 24 Sep 2025 08:30:02 PM PDT - Completed downloading images
~~~~~~~~~~~~~~~~~~~~~~~~~~~~~~~~~~~~~~~~~~~~~~~~~
Wed 24 Sep 2025 09:00:01 PM PDT - Started Downloading images
Wed 24 Sep 2025 09:00:01 PM PDT - Completed downloading images
~~~~~~~~~~~~~~~~~~~~~~~~~~~~~~~~~~~~~~~~~~~~~~~~~
Wed 24 Sep 2025 09:30:01 PM PDT - Started Downloading images
Wed 24 Sep 2025 09:30:02 PM PDT - Completed downloading images
~~~~~~~~~~~~~~~~~~~~~~~~~~~~~~~~~~~~~~~~~~~~~~~~~
Wed 24 Sep 2025 10:00:01 PM PDT - Started Downloading images
Wed 24 Sep 2025 10:00:01 PM PDT - Completed downloading images
~~~~~~~~~~~~~~~~~~~~~~~~~~~~~~~~~~~~~~~~~~~~~~~~~
Wed 24 Sep 2025 10:30:01 PM PDT - Started Downloading images
Wed 24 Sep 2025 10:30:02 PM PDT - Completed downloading images
~~~~~~~~~~~~~~~~~~~~~~~~~~~~~~~~~~~~~~~~~~~~~~~~~
Wed 24 Sep 2025 11:00:01 PM PDT - Started Downloading images
Wed 24 Sep 2025 11:00:01 PM PDT - Completed downloading images
~~~~~~~~~~~~~~~~~~~~~~~~~~~~~~~~~~~~~~~~~~~~~~~~~
Wed 24 Sep 2025 11:30:01 PM PDT - Started Downloading images
Wed 24 Sep 2025 11:30:02 PM PDT - Completed downloading images
~~~~~~~~~~~~~~~~~~~~~~~~~~~~~~~~~~~~~~~~~~~~~~~~~
Thu 25 Sep 2025 12:00:01 AM PDT - Started Downloading images
Thu 25 Sep 2025 12:00:01 AM PDT - Completed downloading images
~~~~~~~~~~~~~~~~~~~~~~~~~~~~~~~~~~~~~~~~~~~~~~~~~
Thu 25 Sep 2025 12:30:01 AM PDT - Started Downloading images
Thu 25 Sep 2025 12:30:01 AM PDT - Completed downloading images
~~~~~~~~~~~~~~~~~~~~~~~~~~~~~~~~~~~~~~~~~~~~~~~~~
Thu 25 Sep 2025 01:00:01 AM PDT - Started Downloading images
Thu 25 Sep 2025 01:00:01 AM PDT - Completed downloading images
~~~~~~~~~~~~~~~~~~~~~~~~~~~~~~~~~~~~~~~~~~~~~~~~~
Thu 25 Sep 2025 01:30:01 AM PDT - Started Downloading images
Thu 25 Sep 2025 01:30:01 AM PDT - Completed downloading images
~~~~~~~~~~~~~~~~~~~~~~~~~~~~~~~~~~~~~~~~~~~~~~~~~
Thu 25 Sep 2025 02:00:01 AM PDT - Started Downloading images
Thu 25 Sep 2025 02:00:01 AM PDT - Completed downloading images
~~~~~~~~~~~~~~~~~~~~~~~~~~~~~~~~~~~~~~~~~~~~~~~~~
Thu 25 Sep 2025 02:30:01 AM PDT - Started Downloading images
Thu 25 Sep 2025 02:30:01 AM PDT - Completed downloading images
~~~~~~~~~~~~~~~~~~~~~~~~~~~~~~~~~~~~~~~~~~~~~~~~~
Thu 25 Sep 2025 03:00:01 AM PDT - Started Downloading images
Thu 25 Sep 2025 03:00:02 AM PDT - Completed downloading images
~~~~~~~~~~~~~~~~~~~~~~~~~~~~~~~~~~~~~~~~~~~~~~~~~
Thu 25 Sep 2025 03:30:01 AM PDT - Started Downloading images
Thu 25 Sep 2025 03:30:01 AM PDT - Completed downloading images
~~~~~~~~~~~~~~~~~~~~~~~~~~~~~~~~~~~~~~~~~~~~~~~~~
Thu 25 Sep 2025 04:00:01 AM PDT - Started Downloading images
Thu 25 Sep 2025 04:00:02 AM PDT - Completed downloading images
~~~~~~~~~~~~~~~~~~~~~~~~~~~~~~~~~~~~~~~~~~~~~~~~~
Thu 25 Sep 2025 04:30:01 AM PDT - Started Downloading images
Thu 25 Sep 2025 04:30:01 AM PDT - Completed downloading images
~~~~~~~~~~~~~~~~~~~~~~~~~~~~~~~~~~~~~~~~~~~~~~~~~
Thu 25 Sep 2025 05:00:01 AM PDT - Started Downloading images
Thu 25 Sep 2025 05:00:02 AM PDT - Completed downloading images
~~~~~~~~~~~~~~~~~~~~~~~~~~~~~~~~~~~~~~~~~~~~~~~~~
Thu 25 Sep 2025 05:30:01 AM PDT - Started Downloading images
Thu 25 Sep 2025 05:30:01 AM PDT - Completed downloading images
~~~~~~~~~~~~~~~~~~~~~~~~~~~~~~~~~~~~~~~~~~~~~~~~~
Thu 25 Sep 2025 06:00:01 AM PDT - Started Downloading images
Thu 25 Sep 2025 06:00:02 AM PDT - Completed downloading images
~~~~~~~~~~~~~~~~~~~~~~~~~~~~~~~~~~~~~~~~~~~~~~~~~
Thu 25 Sep 2025 06:30:01 AM PDT - Started Downloading images
Thu 25 Sep 2025 06:30:02 AM PDT - Completed downloading images
~~~~~~~~~~~~~~~~~~~~~~~~~~~~~~~~~~~~~~~~~~~~~~~~~
Thu 25 Sep 2025 07:00:01 AM PDT - Started Downloading images
Thu 25 Sep 2025 07:00:01 AM PDT - Completed downloading images
~~~~~~~~~~~~~~~~~~~~~~~~~~~~~~~~~~~~~~~~~~~~~~~~~
Thu 25 Sep 2025 07:30:01 AM PDT - Started Downloading images
Thu 25 Sep 2025 07:30:02 AM PDT - Completed downloading images
~~~~~~~~~~~~~~~~~~~~~~~~~~~~~~~~~~~~~~~~~~~~~~~~~
Thu 25 Sep 2025 08:00:01 AM PDT - Started Downloading images
Thu 25 Sep 2025 08:00:01 AM PDT - Completed downloading images
~~~~~~~~~~~~~~~~~~~~~~~~~~~~~~~~~~~~~~~~~~~~~~~~~
Thu 25 Sep 2025 08:30:01 AM PDT - Started Downloading images
Thu 25 Sep 2025 08:30:02 AM PDT - Completed downloading images
~~~~~~~~~~~~~~~~~~~~~~~~~~~~~~~~~~~~~~~~~~~~~~~~~
Thu 25 Sep 2025 09:00:01 AM PDT - Started Downloading images
Thu 25 Sep 2025 09:00:02 AM PDT - Completed downloading images
~~~~~~~~~~~~~~~~~~~~~~~~~~~~~~~~~~~~~~~~~~~~~~~~~
Thu 25 Sep 2025 09:30:01 AM PDT - Started Downloading images
Thu 25 Sep 2025 09:30:01 AM PDT - Completed downloading images
~~~~~~~~~~~~~~~~~~~~~~~~~~~~~~~~~~~~~~~~~~~~~~~~~
Thu 25 Sep 2025 10:00:01 AM PDT - Started Downloading images
Thu 25 Sep 2025 10:00:02 AM PDT - Completed downloading images
~~~~~~~~~~~~~~~~~~~~~~~~~~~~~~~~~~~~~~~~~~~~~~~~~
Thu 25 Sep 2025 10:30:01 AM PDT - Started Downloading images
Thu 25 Sep 2025 10:30:01 AM PDT - Completed downloading images
~~~~~~~~~~~~~~~~~~~~~~~~~~~~~~~~~~~~~~~~~~~~~~~~~
Thu 25 Sep 2025 11:00:01 AM PDT - Started Downloading images
Thu 25 Sep 2025 11:00:02 AM PDT - Completed downloading images
~~~~~~~~~~~~~~~~~~~~~~~~~~~~~~~~~~~~~~~~~~~~~~~~~
Thu 25 Sep 2025 11:30:01 AM PDT - Started Downloading images
Thu 25 Sep 2025 11:30:01 AM PDT - Completed downloading images
~~~~~~~~~~~~~~~~~~~~~~~~~~~~~~~~~~~~~~~~~~~~~~~~~
Thu 25 Sep 2025 12:00:01 PM PDT - Started Downloading images
Thu 25 Sep 2025 12:00:02 PM PDT - Completed downloading images
~~~~~~~~~~~~~~~~~~~~~~~~~~~~~~~~~~~~~~~~~~~~~~~~~
Thu 25 Sep 2025 12:30:01 PM PDT - Started Downloading images
Thu 25 Sep 2025 12:30:01 PM PDT - Completed downloading images
~~~~~~~~~~~~~~~~~~~~~~~~~~~~~~~~~~~~~~~~~~~~~~~~~
Thu 25 Sep 2025 01:00:01 PM PDT - Started Downloading images
Thu 25 Sep 2025 01:00:02 PM PDT - Completed downloading images
~~~~~~~~~~~~~~~~~~~~~~~~~~~~~~~~~~~~~~~~~~~~~~~~~
Thu 25 Sep 2025 01:30:01 PM PDT - Started Downloading images
Thu 25 Sep 2025 01:30:01 PM PDT - Completed downloading images
~~~~~~~~~~~~~~~~~~~~~~~~~~~~~~~~~~~~~~~~~~~~~~~~~
Thu 25 Sep 2025 02:00:01 PM PDT - Started Downloading images
Thu 25 Sep 2025 02:00:02 PM PDT - Completed downloading images
~~~~~~~~~~~~~~~~~~~~~~~~~~~~~~~~~~~~~~~~~~~~~~~~~
Thu 25 Sep 2025 02:30:01 PM PDT - Started Downloading images
Thu 25 Sep 2025 02:30:01 PM PDT - Completed downloading images
~~~~~~~~~~~~~~~~~~~~~~~~~~~~~~~~~~~~~~~~~~~~~~~~~
Thu 25 Sep 2025 03:00:01 PM PDT - Started Downloading images
Thu 25 Sep 2025 03:00:02 PM PDT - Completed downloading images
~~~~~~~~~~~~~~~~~~~~~~~~~~~~~~~~~~~~~~~~~~~~~~~~~
Thu 25 Sep 2025 03:30:01 PM PDT - Started Downloading images
Thu 25 Sep 2025 03:30:01 PM PDT - Completed downloading images
~~~~~~~~~~~~~~~~~~~~~~~~~~~~~~~~~~~~~~~~~~~~~~~~~
Thu 25 Sep 2025 04:00:01 PM PDT - Started Downloading images
Thu 25 Sep 2025 04:00:02 PM PDT - Completed downloading images
~~~~~~~~~~~~~~~~~~~~~~~~~~~~~~~~~~~~~~~~~~~~~~~~~
Thu 25 Sep 2025 04:30:01 PM PDT - Started Downloading images
Thu 25 Sep 2025 04:30:02 PM PDT - Completed downloading images
~~~~~~~~~~~~~~~~~~~~~~~~~~~~~~~~~~~~~~~~~~~~~~~~~
Thu 25 Sep 2025 05:00:01 PM PDT - Started Downloading images
Thu 25 Sep 2025 05:00:01 PM PDT - Completed downloading images
~~~~~~~~~~~~~~~~~~~~~~~~~~~~~~~~~~~~~~~~~~~~~~~~~
Thu 25 Sep 2025 05:30:01 PM PDT - Started Downloading images
Thu 25 Sep 2025 05:30:02 PM PDT - Completed downloading images
~~~~~~~~~~~~~~~~~~~~~~~~~~~~~~~~~~~~~~~~~~~~~~~~~
Thu 25 Sep 2025 06:00:01 PM PDT - Started Downloading images
Thu 25 Sep 2025 06:00:01 PM PDT - Completed downloading images
~~~~~~~~~~~~~~~~~~~~~~~~~~~~~~~~~~~~~~~~~~~~~~~~~
Thu 25 Sep 2025 06:30:01 PM PDT - Started Downloading images
Thu 25 Sep 2025 06:30:02 PM PDT - Completed downloading images
~~~~~~~~~~~~~~~~~~~~~~~~~~~~~~~~~~~~~~~~~~~~~~~~~
Thu 25 Sep 2025 07:00:01 PM PDT - Started Downloading images
Thu 25 Sep 2025 07:00:01 PM PDT - Completed downloading images
~~~~~~~~~~~~~~~~~~~~~~~~~~~~~~~~~~~~~~~~~~~~~~~~~
Thu 25 Sep 2025 07:30:01 PM PDT - Started Downloading images
Thu 25 Sep 2025 07:30:02 PM PDT - Completed downloading images
~~~~~~~~~~~~~~~~~~~~~~~~~~~~~~~~~~~~~~~~~~~~~~~~~
Thu 25 Sep 2025 08:00:01 PM PDT - Started Downloading images
Thu 25 Sep 2025 08:00:01 PM PDT - Completed downloading images
~~~~~~~~~~~~~~~~~~~~~~~~~~~~~~~~~~~~~~~~~~~~~~~~~
Thu 25 Sep 2025 08:30:01 PM PDT - Started Downloading images
Thu 25 Sep 2025 08:30:01 PM PDT - Completed downloading images
~~~~~~~~~~~~~~~~~~~~~~~~~~~~~~~~~~~~~~~~~~~~~~~~~
Thu 25 Sep 2025 09:00:01 PM PDT - Started Downloading images
Thu 25 Sep 2025 09:00:02 PM PDT - Completed downloading images
~~~~~~~~~~~~~~~~~~~~~~~~~~~~~~~~~~~~~~~~~~~~~~~~~
Thu 25 Sep 2025 09:30:01 PM PDT - Started Downloading images
Thu 25 Sep 2025 09:30:01 PM PDT - Completed downloading images
~~~~~~~~~~~~~~~~~~~~~~~~~~~~~~~~~~~~~~~~~~~~~~~~~
Thu 25 Sep 2025 10:00:01 PM PDT - Started Downloading images
Thu 25 Sep 2025 10:00:02 PM PDT - Completed downloading images
~~~~~~~~~~~~~~~~~~~~~~~~~~~~~~~~~~~~~~~~~~~~~~~~~
Thu 25 Sep 2025 10:30:01 PM PDT - Started Downloading images
Thu 25 Sep 2025 10:30:01 PM PDT - Completed downloading images
~~~~~~~~~~~~~~~~~~~~~~~~~~~~~~~~~~~~~~~~~~~~~~~~~
Thu 25 Sep 2025 11:00:01 PM PDT - Started Downloading images
Thu 25 Sep 2025 11:00:02 PM PDT - Completed downloading images
~~~~~~~~~~~~~~~~~~~~~~~~~~~~~~~~~~~~~~~~~~~~~~~~~
Thu 25 Sep 2025 11:30:01 PM PDT - Started Downloading images
Thu 25 Sep 2025 11:30:01 PM PDT - Completed downloading images
~~~~~~~~~~~~~~~~~~~~~~~~~~~~~~~~~~~~~~~~~~~~~~~~~
Fri 26 Sep 2025 12:00:01 AM PDT - Started Downloading images
Fri 26 Sep 2025 12:00:02 AM PDT - Completed downloading images
~~~~~~~~~~~~~~~~~~~~~~~~~~~~~~~~~~~~~~~~~~~~~~~~~
Fri 26 Sep 2025 12:30:01 AM PDT - Started Downloading images
Fri 26 Sep 2025 12:30:01 AM PDT - Completed downloading images
~~~~~~~~~~~~~~~~~~~~~~~~~~~~~~~~~~~~~~~~~~~~~~~~~
Fri 26 Sep 2025 01:00:01 AM PDT - Started Downloading images
Fri 26 Sep 2025 01:00:02 AM PDT - Completed downloading images
~~~~~~~~~~~~~~~~~~~~~~~~~~~~~~~~~~~~~~~~~~~~~~~~~
Fri 26 Sep 2025 01:30:01 AM PDT - Started Downloading images
Fri 26 Sep 2025 01:30:01 AM PDT - Completed downloading images
~~~~~~~~~~~~~~~~~~~~~~~~~~~~~~~~~~~~~~~~~~~~~~~~~
Fri 26 Sep 2025 02:00:01 AM PDT - Started Downloading images
Fri 26 Sep 2025 02:00:02 AM PDT - Completed downloading images
~~~~~~~~~~~~~~~~~~~~~~~~~~~~~~~~~~~~~~~~~~~~~~~~~
Fri 26 Sep 2025 02:30:01 AM PDT - Started Downloading images
Fri 26 Sep 2025 02:30:01 AM PDT - Completed downloading images
~~~~~~~~~~~~~~~~~~~~~~~~~~~~~~~~~~~~~~~~~~~~~~~~~
Fri 26 Sep 2025 03:00:01 AM PDT - Started Downloading images
Fri 26 Sep 2025 03:00:02 AM PDT - Completed downloading images
~~~~~~~~~~~~~~~~~~~~~~~~~~~~~~~~~~~~~~~~~~~~~~~~~
Fri 26 Sep 2025 03:30:01 AM PDT - Started Downloading images
Fri 26 Sep 2025 03:30:02 AM PDT - Completed downloading images
~~~~~~~~~~~~~~~~~~~~~~~~~~~~~~~~~~~~~~~~~~~~~~~~~
Fri 26 Sep 2025 04:00:01 AM PDT - Started Downloading images
Fri 26 Sep 2025 04:00:01 AM PDT - Completed downloading images
~~~~~~~~~~~~~~~~~~~~~~~~~~~~~~~~~~~~~~~~~~~~~~~~~
Fri 26 Sep 2025 04:30:01 AM PDT - Started Downloading images
Fri 26 Sep 2025 04:30:02 AM PDT - Completed downloading images
~~~~~~~~~~~~~~~~~~~~~~~~~~~~~~~~~~~~~~~~~~~~~~~~~
Fri 26 Sep 2025 05:00:01 AM PDT - Started Downloading images
Fri 26 Sep 2025 05:00:02 AM PDT - Completed downloading images
~~~~~~~~~~~~~~~~~~~~~~~~~~~~~~~~~~~~~~~~~~~~~~~~~
Fri 26 Sep 2025 05:30:01 AM PDT - Started Downloading images
Fri 26 Sep 2025 05:30:01 AM PDT - Completed downloading images
~~~~~~~~~~~~~~~~~~~~~~~~~~~~~~~~~~~~~~~~~~~~~~~~~
Fri 26 Sep 2025 06:00:01 AM PDT - Started Downloading images
Fri 26 Sep 2025 06:00:02 AM PDT - Completed downloading images
~~~~~~~~~~~~~~~~~~~~~~~~~~~~~~~~~~~~~~~~~~~~~~~~~
Fri 26 Sep 2025 06:30:01 AM PDT - Started Downloading images
Fri 26 Sep 2025 06:30:01 AM PDT - Completed downloading images
~~~~~~~~~~~~~~~~~~~~~~~~~~~~~~~~~~~~~~~~~~~~~~~~~
Fri 26 Sep 2025 07:00:01 AM PDT - Started Downloading images
Fri 26 Sep 2025 07:00:01 AM PDT - Completed downloading images
~~~~~~~~~~~~~~~~~~~~~~~~~~~~~~~~~~~~~~~~~~~~~~~~~
Fri 26 Sep 2025 07:30:01 AM PDT - Started Downloading images
Fri 26 Sep 2025 07:30:02 AM PDT - Completed downloading images
~~~~~~~~~~~~~~~~~~~~~~~~~~~~~~~~~~~~~~~~~~~~~~~~~
Fri 26 Sep 2025 08:00:01 AM PDT - Started Downloading images
Fri 26 Sep 2025 08:00:01 AM PDT - Completed downloading images
~~~~~~~~~~~~~~~~~~~~~~~~~~~~~~~~~~~~~~~~~~~~~~~~~
Fri 26 Sep 2025 08:30:01 AM PDT - Started Downloading images
Fri 26 Sep 2025 08:30:02 AM PDT - Completed downloading images
~~~~~~~~~~~~~~~~~~~~~~~~~~~~~~~~~~~~~~~~~~~~~~~~~
Fri 26 Sep 2025 09:00:01 AM PDT - Started Downloading images
Fri 26 Sep 2025 09:00:01 AM PDT - Completed downloading images
~~~~~~~~~~~~~~~~~~~~~~~~~~~~~~~~~~~~~~~~~~~~~~~~~
Fri 26 Sep 2025 09:30:01 AM PDT - Started Downloading images
Fri 26 Sep 2025 09:30:02 AM PDT - Completed downloading images
~~~~~~~~~~~~~~~~~~~~~~~~~~~~~~~~~~~~~~~~~~~~~~~~~
Fri 26 Sep 2025 10:00:01 AM PDT - Started Downloading images
Fri 26 Sep 2025 10:00:01 AM PDT - Completed downloading images
~~~~~~~~~~~~~~~~~~~~~~~~~~~~~~~~~~~~~~~~~~~~~~~~~
Fri 26 Sep 2025 10:30:01 AM PDT - Started Downloading images
Fri 26 Sep 2025 10:30:02 AM PDT - Completed downloading images
~~~~~~~~~~~~~~~~~~~~~~~~~~~~~~~~~~~~~~~~~~~~~~~~~
Fri 26 Sep 2025 11:00:01 AM PDT - Started Downloading images
Fri 26 Sep 2025 11:00:01 AM PDT - Completed downloading images
~~~~~~~~~~~~~~~~~~~~~~~~~~~~~~~~~~~~~~~~~~~~~~~~~
Fri 26 Sep 2025 11:30:01 AM PDT - Started Downloading images
Fri 26 Sep 2025 11:30:02 AM PDT - Completed downloading images
~~~~~~~~~~~~~~~~~~~~~~~~~~~~~~~~~~~~~~~~~~~~~~~~~
Fri 26 Sep 2025 12:00:01 PM PDT - Started Downloading images
Fri 26 Sep 2025 12:00:01 PM PDT - Completed downloading images
~~~~~~~~~~~~~~~~~~~~~~~~~~~~~~~~~~~~~~~~~~~~~~~~~
Fri 26 Sep 2025 12:30:01 PM PDT - Started Downloading images
Fri 26 Sep 2025 12:30:01 PM PDT - Completed downloading images
~~~~~~~~~~~~~~~~~~~~~~~~~~~~~~~~~~~~~~~~~~~~~~~~~
Fri 26 Sep 2025 01:00:01 PM PDT - Started Downloading images
Fri 26 Sep 2025 01:00:02 PM PDT - Completed downloading images
~~~~~~~~~~~~~~~~~~~~~~~~~~~~~~~~~~~~~~~~~~~~~~~~~
Fri 26 Sep 2025 01:30:01 PM PDT - Started Downloading images
Fri 26 Sep 2025 01:30:01 PM PDT - Completed downloading images
~~~~~~~~~~~~~~~~~~~~~~~~~~~~~~~~~~~~~~~~~~~~~~~~~
Fri 26 Sep 2025 02:00:01 PM PDT - Started Downloading images
Fri 26 Sep 2025 02:00:02 PM PDT - Completed downloading images
~~~~~~~~~~~~~~~~~~~~~~~~~~~~~~~~~~~~~~~~~~~~~~~~~
Fri 26 Sep 2025 02:30:01 PM PDT - Started Downloading images
Fri 26 Sep 2025 02:30:01 PM PDT - Completed downloading images
~~~~~~~~~~~~~~~~~~~~~~~~~~~~~~~~~~~~~~~~~~~~~~~~~
Fri 26 Sep 2025 03:00:01 PM PDT - Started Downloading images
Fri 26 Sep 2025 03:00:02 PM PDT - Completed downloading images
~~~~~~~~~~~~~~~~~~~~~~~~~~~~~~~~~~~~~~~~~~~~~~~~~
Fri 26 Sep 2025 03:30:01 PM PDT - Started Downloading images
Fri 26 Sep 2025 03:30:01 PM PDT - Completed downloading images
~~~~~~~~~~~~~~~~~~~~~~~~~~~~~~~~~~~~~~~~~~~~~~~~~
Fri 26 Sep 2025 04:00:01 PM PDT - Started Downloading images
Fri 26 Sep 2025 04:00:02 PM PDT - Completed downloading images
~~~~~~~~~~~~~~~~~~~~~~~~~~~~~~~~~~~~~~~~~~~~~~~~~
Fri 26 Sep 2025 04:30:01 PM PDT - Started Downloading images
Fri 26 Sep 2025 04:30:01 PM PDT - Completed downloading images
~~~~~~~~~~~~~~~~~~~~~~~~~~~~~~~~~~~~~~~~~~~~~~~~~
Fri 26 Sep 2025 05:00:01 PM PDT - Started Downloading images
Fri 26 Sep 2025 05:00:02 PM PDT - Completed downloading images
~~~~~~~~~~~~~~~~~~~~~~~~~~~~~~~~~~~~~~~~~~~~~~~~~
Fri 26 Sep 2025 05:30:01 PM PDT - Started Downloading images
Fri 26 Sep 2025 05:30:01 PM PDT - Completed downloading images
~~~~~~~~~~~~~~~~~~~~~~~~~~~~~~~~~~~~~~~~~~~~~~~~~
Fri 26 Sep 2025 06:00:01 PM PDT - Started Downloading images
Fri 26 Sep 2025 06:00:01 PM PDT - Completed downloading images
~~~~~~~~~~~~~~~~~~~~~~~~~~~~~~~~~~~~~~~~~~~~~~~~~
Fri 26 Sep 2025 06:30:01 PM PDT - Started Downloading images
Fri 26 Sep 2025 06:30:02 PM PDT - Completed downloading images
~~~~~~~~~~~~~~~~~~~~~~~~~~~~~~~~~~~~~~~~~~~~~~~~~
Fri 26 Sep 2025 07:00:01 PM PDT - Started Downloading images
Fri 26 Sep 2025 07:00:01 PM PDT - Completed downloading images
~~~~~~~~~~~~~~~~~~~~~~~~~~~~~~~~~~~~~~~~~~~~~~~~~
Fri 26 Sep 2025 07:30:01 PM PDT - Started Downloading images
Fri 26 Sep 2025 07:30:02 PM PDT - Completed downloading images
~~~~~~~~~~~~~~~~~~~~~~~~~~~~~~~~~~~~~~~~~~~~~~~~~
Fri 26 Sep 2025 08:00:01 PM PDT - Started Downloading images
Fri 26 Sep 2025 08:00:01 PM PDT - Completed downloading images
~~~~~~~~~~~~~~~~~~~~~~~~~~~~~~~~~~~~~~~~~~~~~~~~~
Fri 26 Sep 2025 08:30:01 PM PDT - Started Downloading images
Fri 26 Sep 2025 08:30:02 PM PDT - Completed downloading images
~~~~~~~~~~~~~~~~~~~~~~~~~~~~~~~~~~~~~~~~~~~~~~~~~
Fri 26 Sep 2025 09:00:01 PM PDT - Started Downloading images
Fri 26 Sep 2025 09:00:01 PM PDT - Completed downloading images
~~~~~~~~~~~~~~~~~~~~~~~~~~~~~~~~~~~~~~~~~~~~~~~~~
Fri 26 Sep 2025 09:30:01 PM PDT - Started Downloading images
Fri 26 Sep 2025 09:30:02 PM PDT - Completed downloading images
~~~~~~~~~~~~~~~~~~~~~~~~~~~~~~~~~~~~~~~~~~~~~~~~~
Fri 26 Sep 2025 10:00:01 PM PDT - Started Downloading images
Fri 26 Sep 2025 10:00:01 PM PDT - Completed downloading images
~~~~~~~~~~~~~~~~~~~~~~~~~~~~~~~~~~~~~~~~~~~~~~~~~
Fri 26 Sep 2025 10:30:01 PM PDT - Started Downloading images
Fri 26 Sep 2025 10:30:02 PM PDT - Completed downloading images
~~~~~~~~~~~~~~~~~~~~~~~~~~~~~~~~~~~~~~~~~~~~~~~~~
Fri 26 Sep 2025 11:00:01 PM PDT - Started Downloading images
Fri 26 Sep 2025 11:00:01 PM PDT - Completed downloading images
~~~~~~~~~~~~~~~~~~~~~~~~~~~~~~~~~~~~~~~~~~~~~~~~~
Fri 26 Sep 2025 11:30:01 PM PDT - Started Downloading images
Fri 26 Sep 2025 11:30:02 PM PDT - Completed downloading images
~~~~~~~~~~~~~~~~~~~~~~~~~~~~~~~~~~~~~~~~~~~~~~~~~
Sat 27 Sep 2025 12:00:01 AM PDT - Started Downloading images
Sat 27 Sep 2025 12:00:01 AM PDT - Completed downloading images
~~~~~~~~~~~~~~~~~~~~~~~~~~~~~~~~~~~~~~~~~~~~~~~~~
Sat 27 Sep 2025 12:30:01 AM PDT - Started Downloading images
Sat 27 Sep 2025 12:30:02 AM PDT - Completed downloading images
~~~~~~~~~~~~~~~~~~~~~~~~~~~~~~~~~~~~~~~~~~~~~~~~~
Sat 27 Sep 2025 01:00:01 AM PDT - Started Downloading images
Sat 27 Sep 2025 01:00:01 AM PDT - Completed downloading images
~~~~~~~~~~~~~~~~~~~~~~~~~~~~~~~~~~~~~~~~~~~~~~~~~
Sat 27 Sep 2025 01:30:01 AM PDT - Started Downloading images
Sat 27 Sep 2025 01:30:02 AM PDT - Completed downloading images
~~~~~~~~~~~~~~~~~~~~~~~~~~~~~~~~~~~~~~~~~~~~~~~~~
Sat 27 Sep 2025 02:00:01 AM PDT - Started Downloading images
Sat 27 Sep 2025 02:00:01 AM PDT - Completed downloading images
~~~~~~~~~~~~~~~~~~~~~~~~~~~~~~~~~~~~~~~~~~~~~~~~~
Sat 27 Sep 2025 02:30:01 AM PDT - Started Downloading images
Sat 27 Sep 2025 02:30:02 AM PDT - Completed downloading images
~~~~~~~~~~~~~~~~~~~~~~~~~~~~~~~~~~~~~~~~~~~~~~~~~
Sat 27 Sep 2025 03:00:01 AM PDT - Started Downloading images
Sat 27 Sep 2025 03:00:02 AM PDT - Completed downloading images
~~~~~~~~~~~~~~~~~~~~~~~~~~~~~~~~~~~~~~~~~~~~~~~~~
Sat 27 Sep 2025 03:30:01 AM PDT - Started Downloading images
Sat 27 Sep 2025 03:30:02 AM PDT - Completed downloading images
~~~~~~~~~~~~~~~~~~~~~~~~~~~~~~~~~~~~~~~~~~~~~~~~~
Sat 27 Sep 2025 04:00:01 AM PDT - Started Downloading images
Sat 27 Sep 2025 04:00:02 AM PDT - Completed downloading images
~~~~~~~~~~~~~~~~~~~~~~~~~~~~~~~~~~~~~~~~~~~~~~~~~
Sat 27 Sep 2025 04:30:01 AM PDT - Started Downloading images
Sat 27 Sep 2025 04:30:01 AM PDT - Completed downloading images
~~~~~~~~~~~~~~~~~~~~~~~~~~~~~~~~~~~~~~~~~~~~~~~~~
Sat 27 Sep 2025 05:00:01 AM PDT - Started Downloading images
Sat 27 Sep 2025 05:00:02 AM PDT - Completed downloading images
~~~~~~~~~~~~~~~~~~~~~~~~~~~~~~~~~~~~~~~~~~~~~~~~~
Sat 27 Sep 2025 05:30:01 AM PDT - Started Downloading images
Sat 27 Sep 2025 05:30:01 AM PDT - Completed downloading images
~~~~~~~~~~~~~~~~~~~~~~~~~~~~~~~~~~~~~~~~~~~~~~~~~
Sat 27 Sep 2025 06:00:02 AM PDT - Started Downloading images
Sat 27 Sep 2025 06:00:02 AM PDT - Completed downloading images
~~~~~~~~~~~~~~~~~~~~~~~~~~~~~~~~~~~~~~~~~~~~~~~~~
Sat 27 Sep 2025 06:30:01 AM PDT - Started Downloading images
Sat 27 Sep 2025 06:30:02 AM PDT - Completed downloading images
~~~~~~~~~~~~~~~~~~~~~~~~~~~~~~~~~~~~~~~~~~~~~~~~~
Sat 27 Sep 2025 07:00:01 AM PDT - Started Downloading images
Sat 27 Sep 2025 07:00:01 AM PDT - Completed downloading images
~~~~~~~~~~~~~~~~~~~~~~~~~~~~~~~~~~~~~~~~~~~~~~~~~
Sat 27 Sep 2025 07:30:01 AM PDT - Started Downloading images
Sat 27 Sep 2025 07:30:02 AM PDT - Completed downloading images
~~~~~~~~~~~~~~~~~~~~~~~~~~~~~~~~~~~~~~~~~~~~~~~~~
Sat 27 Sep 2025 08:00:01 AM PDT - Started Downloading images
Sat 27 Sep 2025 08:00:01 AM PDT - Completed downloading images
~~~~~~~~~~~~~~~~~~~~~~~~~~~~~~~~~~~~~~~~~~~~~~~~~
Sat 27 Sep 2025 08:30:01 AM PDT - Started Downloading images
Sat 27 Sep 2025 08:30:02 AM PDT - Completed downloading images
~~~~~~~~~~~~~~~~~~~~~~~~~~~~~~~~~~~~~~~~~~~~~~~~~
Sat 27 Sep 2025 09:00:01 AM PDT - Started Downloading images
Sat 27 Sep 2025 09:00:01 AM PDT - Completed downloading images
~~~~~~~~~~~~~~~~~~~~~~~~~~~~~~~~~~~~~~~~~~~~~~~~~
Sat 27 Sep 2025 09:30:01 AM PDT - Started Downloading images
Sat 27 Sep 2025 09:30:02 AM PDT - Completed downloading images
~~~~~~~~~~~~~~~~~~~~~~~~~~~~~~~~~~~~~~~~~~~~~~~~~
Sat 27 Sep 2025 10:00:01 AM PDT - Started Downloading images
Sat 27 Sep 2025 10:00:01 AM PDT - Completed downloading images
~~~~~~~~~~~~~~~~~~~~~~~~~~~~~~~~~~~~~~~~~~~~~~~~~
Sat 27 Sep 2025 10:30:02 AM PDT - Started Downloading images
Sat 27 Sep 2025 10:30:02 AM PDT - Completed downloading images
~~~~~~~~~~~~~~~~~~~~~~~~~~~~~~~~~~~~~~~~~~~~~~~~~
Sat 27 Sep 2025 11:00:01 AM PDT - Started Downloading images
Sat 27 Sep 2025 11:00:01 AM PDT - Completed downloading images
~~~~~~~~~~~~~~~~~~~~~~~~~~~~~~~~~~~~~~~~~~~~~~~~~
Sat 27 Sep 2025 11:30:01 AM PDT - Started Downloading images
Sat 27 Sep 2025 11:30:01 AM PDT - Completed downloading images
~~~~~~~~~~~~~~~~~~~~~~~~~~~~~~~~~~~~~~~~~~~~~~~~~
Sat 27 Sep 2025 12:00:01 PM PDT - Started Downloading images
Sat 27 Sep 2025 12:00:02 PM PDT - Completed downloading images
~~~~~~~~~~~~~~~~~~~~~~~~~~~~~~~~~~~~~~~~~~~~~~~~~
Sat 27 Sep 2025 12:30:01 PM PDT - Started Downloading images
Sat 27 Sep 2025 12:30:01 PM PDT - Completed downloading images
~~~~~~~~~~~~~~~~~~~~~~~~~~~~~~~~~~~~~~~~~~~~~~~~~
Sat 27 Sep 2025 01:00:01 PM PDT - Started Downloading images
Sat 27 Sep 2025 01:00:02 PM PDT - Completed downloading images
~~~~~~~~~~~~~~~~~~~~~~~~~~~~~~~~~~~~~~~~~~~~~~~~~
Sat 27 Sep 2025 01:30:01 PM PDT - Started Downloading images
Sat 27 Sep 2025 01:30:01 PM PDT - Completed downloading images
~~~~~~~~~~~~~~~~~~~~~~~~~~~~~~~~~~~~~~~~~~~~~~~~~
Sat 27 Sep 2025 02:00:01 PM PDT - Started Downloading images
Sat 27 Sep 2025 02:00:02 PM PDT - Completed downloading images
~~~~~~~~~~~~~~~~~~~~~~~~~~~~~~~~~~~~~~~~~~~~~~~~~
Sat 27 Sep 2025 02:30:01 PM PDT - Started Downloading images
Sat 27 Sep 2025 02:30:01 PM PDT - Completed downloading images
~~~~~~~~~~~~~~~~~~~~~~~~~~~~~~~~~~~~~~~~~~~~~~~~~
Sat 27 Sep 2025 03:00:01 PM PDT - Started Downloading images
Sat 27 Sep 2025 03:00:02 PM PDT - Completed downloading images
~~~~~~~~~~~~~~~~~~~~~~~~~~~~~~~~~~~~~~~~~~~~~~~~~
Sat 27 Sep 2025 03:30:01 PM PDT - Started Downloading images
Sat 27 Sep 2025 03:30:01 PM PDT - Completed downloading images
~~~~~~~~~~~~~~~~~~~~~~~~~~~~~~~~~~~~~~~~~~~~~~~~~
Sat 27 Sep 2025 04:00:01 PM PDT - Started Downloading images
Sat 27 Sep 2025 04:00:02 PM PDT - Completed downloading images
~~~~~~~~~~~~~~~~~~~~~~~~~~~~~~~~~~~~~~~~~~~~~~~~~
Sat 27 Sep 2025 04:30:01 PM PDT - Started Downloading images
Sat 27 Sep 2025 04:30:01 PM PDT - Completed downloading images
~~~~~~~~~~~~~~~~~~~~~~~~~~~~~~~~~~~~~~~~~~~~~~~~~
Sat 27 Sep 2025 05:00:01 PM PDT - Started Downloading images
Sat 27 Sep 2025 05:00:02 PM PDT - Completed downloading images
~~~~~~~~~~~~~~~~~~~~~~~~~~~~~~~~~~~~~~~~~~~~~~~~~
Sat 27 Sep 2025 05:30:01 PM PDT - Started Downloading images
Sat 27 Sep 2025 05:30:01 PM PDT - Completed downloading images
~~~~~~~~~~~~~~~~~~~~~~~~~~~~~~~~~~~~~~~~~~~~~~~~~
Sat 27 Sep 2025 06:00:01 PM PDT - Started Downloading images
Sat 27 Sep 2025 06:00:02 PM PDT - Completed downloading images
~~~~~~~~~~~~~~~~~~~~~~~~~~~~~~~~~~~~~~~~~~~~~~~~~
Sat 27 Sep 2025 06:30:01 PM PDT - Started Downloading images
Sat 27 Sep 2025 06:30:01 PM PDT - Completed downloading images
~~~~~~~~~~~~~~~~~~~~~~~~~~~~~~~~~~~~~~~~~~~~~~~~~
Sat 27 Sep 2025 07:00:01 PM PDT - Started Downloading images
Sat 27 Sep 2025 07:00:02 PM PDT - Completed downloading images
~~~~~~~~~~~~~~~~~~~~~~~~~~~~~~~~~~~~~~~~~~~~~~~~~
Sat 27 Sep 2025 07:30:01 PM PDT - Started Downloading images
Sat 27 Sep 2025 07:30:01 PM PDT - Completed downloading images
~~~~~~~~~~~~~~~~~~~~~~~~~~~~~~~~~~~~~~~~~~~~~~~~~
Sat 27 Sep 2025 08:00:01 PM PDT - Started Downloading images
Sat 27 Sep 2025 08:00:02 PM PDT - Completed downloading images
~~~~~~~~~~~~~~~~~~~~~~~~~~~~~~~~~~~~~~~~~~~~~~~~~
Sat 27 Sep 2025 08:30:01 PM PDT - Started Downloading images
Sat 27 Sep 2025 08:30:02 PM PDT - Completed downloading images
~~~~~~~~~~~~~~~~~~~~~~~~~~~~~~~~~~~~~~~~~~~~~~~~~
Sat 27 Sep 2025 09:00:01 PM PDT - Started Downloading images
Sat 27 Sep 2025 09:00:01 PM PDT - Completed downloading images
~~~~~~~~~~~~~~~~~~~~~~~~~~~~~~~~~~~~~~~~~~~~~~~~~
Sat 27 Sep 2025 09:30:01 PM PDT - Started Downloading images
Sat 27 Sep 2025 09:30:02 PM PDT - Completed downloading images
~~~~~~~~~~~~~~~~~~~~~~~~~~~~~~~~~~~~~~~~~~~~~~~~~
Sat 27 Sep 2025 10:00:01 PM PDT - Started Downloading images
Sat 27 Sep 2025 10:00:01 PM PDT - Completed downloading images
~~~~~~~~~~~~~~~~~~~~~~~~~~~~~~~~~~~~~~~~~~~~~~~~~
Sat 27 Sep 2025 10:30:01 PM PDT - Started Downloading images
Sat 27 Sep 2025 10:30:02 PM PDT - Completed downloading images
~~~~~~~~~~~~~~~~~~~~~~~~~~~~~~~~~~~~~~~~~~~~~~~~~
Sat 27 Sep 2025 11:00:01 PM PDT - Started Downloading images
Sat 27 Sep 2025 11:00:01 PM PDT - Completed downloading images
~~~~~~~~~~~~~~~~~~~~~~~~~~~~~~~~~~~~~~~~~~~~~~~~~
Sat 27 Sep 2025 11:30:01 PM PDT - Started Downloading images
Sat 27 Sep 2025 11:30:02 PM PDT - Completed downloading images
~~~~~~~~~~~~~~~~~~~~~~~~~~~~~~~~~~~~~~~~~~~~~~~~~
Sun 28 Sep 2025 12:00:01 AM PDT - Started Downloading images
Sun 28 Sep 2025 12:00:01 AM PDT - Completed downloading images
~~~~~~~~~~~~~~~~~~~~~~~~~~~~~~~~~~~~~~~~~~~~~~~~~
Sun 28 Sep 2025 12:30:01 AM PDT - Started Downloading images
Sun 28 Sep 2025 12:30:02 AM PDT - Completed downloading images
~~~~~~~~~~~~~~~~~~~~~~~~~~~~~~~~~~~~~~~~~~~~~~~~~
Sun 28 Sep 2025 01:00:01 AM PDT - Started Downloading images
Sun 28 Sep 2025 01:00:01 AM PDT - Completed downloading images
~~~~~~~~~~~~~~~~~~~~~~~~~~~~~~~~~~~~~~~~~~~~~~~~~
Sun 28 Sep 2025 01:30:01 AM PDT - Started Downloading images
Sun 28 Sep 2025 01:30:02 AM PDT - Completed downloading images
~~~~~~~~~~~~~~~~~~~~~~~~~~~~~~~~~~~~~~~~~~~~~~~~~
Sun 28 Sep 2025 02:00:01 AM PDT - Started Downloading images
Sun 28 Sep 2025 02:00:01 AM PDT - Completed downloading images
~~~~~~~~~~~~~~~~~~~~~~~~~~~~~~~~~~~~~~~~~~~~~~~~~
Sun 28 Sep 2025 02:30:01 AM PDT - Started Downloading images
Sun 28 Sep 2025 02:30:02 AM PDT - Completed downloading images
~~~~~~~~~~~~~~~~~~~~~~~~~~~~~~~~~~~~~~~~~~~~~~~~~
Sun 28 Sep 2025 03:00:01 AM PDT - Started Downloading images
Sun 28 Sep 2025 03:00:02 AM PDT - Completed downloading images
~~~~~~~~~~~~~~~~~~~~~~~~~~~~~~~~~~~~~~~~~~~~~~~~~
Sun 28 Sep 2025 03:30:01 AM PDT - Started Downloading images
Sun 28 Sep 2025 03:30:01 AM PDT - Completed downloading images
~~~~~~~~~~~~~~~~~~~~~~~~~~~~~~~~~~~~~~~~~~~~~~~~~
Sun 28 Sep 2025 04:00:01 AM PDT - Started Downloading images
Sun 28 Sep 2025 04:00:01 AM PDT - Completed downloading images
~~~~~~~~~~~~~~~~~~~~~~~~~~~~~~~~~~~~~~~~~~~~~~~~~
Sun 28 Sep 2025 04:30:01 AM PDT - Started Downloading images
Sun 28 Sep 2025 04:30:02 AM PDT - Completed downloading images
~~~~~~~~~~~~~~~~~~~~~~~~~~~~~~~~~~~~~~~~~~~~~~~~~
Sun 28 Sep 2025 05:00:01 AM PDT - Started Downloading images
Sun 28 Sep 2025 05:00:01 AM PDT - Completed downloading images
~~~~~~~~~~~~~~~~~~~~~~~~~~~~~~~~~~~~~~~~~~~~~~~~~
Sun 28 Sep 2025 05:30:01 AM PDT - Started Downloading images
Sun 28 Sep 2025 05:30:02 AM PDT - Completed downloading images
~~~~~~~~~~~~~~~~~~~~~~~~~~~~~~~~~~~~~~~~~~~~~~~~~
Sun 28 Sep 2025 06:00:01 AM PDT - Started Downloading images
Sun 28 Sep 2025 06:00:01 AM PDT - Completed downloading images
~~~~~~~~~~~~~~~~~~~~~~~~~~~~~~~~~~~~~~~~~~~~~~~~~
Sun 28 Sep 2025 06:30:01 AM PDT - Started Downloading images
Sun 28 Sep 2025 06:30:01 AM PDT - Completed downloading images
~~~~~~~~~~~~~~~~~~~~~~~~~~~~~~~~~~~~~~~~~~~~~~~~~
Sun 28 Sep 2025 07:00:01 AM PDT - Started Downloading images
Sun 28 Sep 2025 07:00:02 AM PDT - Completed downloading images
~~~~~~~~~~~~~~~~~~~~~~~~~~~~~~~~~~~~~~~~~~~~~~~~~
Sun 28 Sep 2025 07:30:01 AM PDT - Started Downloading images
Sun 28 Sep 2025 07:30:01 AM PDT - Completed downloading images
~~~~~~~~~~~~~~~~~~~~~~~~~~~~~~~~~~~~~~~~~~~~~~~~~
Sun 28 Sep 2025 08:00:01 AM PDT - Started Downloading images
Sun 28 Sep 2025 08:00:02 AM PDT - Completed downloading images
~~~~~~~~~~~~~~~~~~~~~~~~~~~~~~~~~~~~~~~~~~~~~~~~~
Sun 28 Sep 2025 08:30:01 AM PDT - Started Downloading images
Sun 28 Sep 2025 08:30:01 AM PDT - Completed downloading images
~~~~~~~~~~~~~~~~~~~~~~~~~~~~~~~~~~~~~~~~~~~~~~~~~
Sun 28 Sep 2025 09:00:01 AM PDT - Started Downloading images
Sun 28 Sep 2025 09:00:02 AM PDT - Completed downloading images
~~~~~~~~~~~~~~~~~~~~~~~~~~~~~~~~~~~~~~~~~~~~~~~~~
Sun 28 Sep 2025 09:30:01 AM PDT - Started Downloading images
Sun 28 Sep 2025 09:30:01 AM PDT - Completed downloading images
~~~~~~~~~~~~~~~~~~~~~~~~~~~~~~~~~~~~~~~~~~~~~~~~~
Sun 28 Sep 2025 10:00:01 AM PDT - Started Downloading images
Sun 28 Sep 2025 10:00:02 AM PDT - Completed downloading images
~~~~~~~~~~~~~~~~~~~~~~~~~~~~~~~~~~~~~~~~~~~~~~~~~
Sun 28 Sep 2025 10:30:01 AM PDT - Started Downloading images
Sun 28 Sep 2025 10:30:01 AM PDT - Completed downloading images
~~~~~~~~~~~~~~~~~~~~~~~~~~~~~~~~~~~~~~~~~~~~~~~~~
Sun 28 Sep 2025 11:00:01 AM PDT - Started Downloading images
Sun 28 Sep 2025 11:00:02 AM PDT - Completed downloading images
~~~~~~~~~~~~~~~~~~~~~~~~~~~~~~~~~~~~~~~~~~~~~~~~~
Sun 28 Sep 2025 11:30:01 AM PDT - Started Downloading images
Sun 28 Sep 2025 11:30:01 AM PDT - Completed downloading images
~~~~~~~~~~~~~~~~~~~~~~~~~~~~~~~~~~~~~~~~~~~~~~~~~
Sun 28 Sep 2025 12:00:01 PM PDT - Started Downloading images
Sun 28 Sep 2025 12:00:02 PM PDT - Completed downloading images
~~~~~~~~~~~~~~~~~~~~~~~~~~~~~~~~~~~~~~~~~~~~~~~~~
Sun 28 Sep 2025 12:30:01 PM PDT - Started Downloading images
Sun 28 Sep 2025 12:30:01 PM PDT - Completed downloading images
~~~~~~~~~~~~~~~~~~~~~~~~~~~~~~~~~~~~~~~~~~~~~~~~~
Sun 28 Sep 2025 01:00:02 PM PDT - Started Downloading images
Sun 28 Sep 2025 01:00:02 PM PDT - Completed downloading images
~~~~~~~~~~~~~~~~~~~~~~~~~~~~~~~~~~~~~~~~~~~~~~~~~
Sun 28 Sep 2025 01:30:01 PM PDT - Started Downloading images
Sun 28 Sep 2025 01:30:01 PM PDT - Completed downloading images
~~~~~~~~~~~~~~~~~~~~~~~~~~~~~~~~~~~~~~~~~~~~~~~~~
Sun 28 Sep 2025 02:00:01 PM PDT - Started Downloading images
Sun 28 Sep 2025 02:00:01 PM PDT - Completed downloading images
~~~~~~~~~~~~~~~~~~~~~~~~~~~~~~~~~~~~~~~~~~~~~~~~~
Sun 28 Sep 2025 02:30:01 PM PDT - Started Downloading images
Sun 28 Sep 2025 02:30:02 PM PDT - Completed downloading images
~~~~~~~~~~~~~~~~~~~~~~~~~~~~~~~~~~~~~~~~~~~~~~~~~
Sun 28 Sep 2025 03:00:01 PM PDT - Started Downloading images
Sun 28 Sep 2025 03:00:01 PM PDT - Completed downloading images
~~~~~~~~~~~~~~~~~~~~~~~~~~~~~~~~~~~~~~~~~~~~~~~~~
Sun 28 Sep 2025 03:30:01 PM PDT - Started Downloading images
Sun 28 Sep 2025 03:30:02 PM PDT - Completed downloading images
~~~~~~~~~~~~~~~~~~~~~~~~~~~~~~~~~~~~~~~~~~~~~~~~~
Sun 28 Sep 2025 04:00:01 PM PDT - Started Downloading images
Sun 28 Sep 2025 04:00:01 PM PDT - Completed downloading images
~~~~~~~~~~~~~~~~~~~~~~~~~~~~~~~~~~~~~~~~~~~~~~~~~
Sun 28 Sep 2025 04:30:01 PM PDT - Started Downloading images
Sun 28 Sep 2025 04:30:02 PM PDT - Completed downloading images
~~~~~~~~~~~~~~~~~~~~~~~~~~~~~~~~~~~~~~~~~~~~~~~~~
Sun 28 Sep 2025 05:00:01 PM PDT - Started Downloading images
Sun 28 Sep 2025 05:00:01 PM PDT - Completed downloading images
~~~~~~~~~~~~~~~~~~~~~~~~~~~~~~~~~~~~~~~~~~~~~~~~~
Sun 28 Sep 2025 05:30:01 PM PDT - Started Downloading images
Sun 28 Sep 2025 05:30:02 PM PDT - Completed downloading images
~~~~~~~~~~~~~~~~~~~~~~~~~~~~~~~~~~~~~~~~~~~~~~~~~
Sun 28 Sep 2025 06:00:01 PM PDT - Started Downloading images
Sun 28 Sep 2025 06:00:02 PM PDT - Completed downloading images
~~~~~~~~~~~~~~~~~~~~~~~~~~~~~~~~~~~~~~~~~~~~~~~~~
Sun 28 Sep 2025 06:30:01 PM PDT - Started Downloading images
Sun 28 Sep 2025 06:30:01 PM PDT - Completed downloading images
~~~~~~~~~~~~~~~~~~~~~~~~~~~~~~~~~~~~~~~~~~~~~~~~~
Sun 28 Sep 2025 07:00:01 PM PDT - Started Downloading images
Sun 28 Sep 2025 07:00:02 PM PDT - Completed downloading images
~~~~~~~~~~~~~~~~~~~~~~~~~~~~~~~~~~~~~~~~~~~~~~~~~
Sun 28 Sep 2025 07:30:01 PM PDT - Started Downloading images
Sun 28 Sep 2025 07:30:01 PM PDT - Completed downloading images
~~~~~~~~~~~~~~~~~~~~~~~~~~~~~~~~~~~~~~~~~~~~~~~~~
Sun 28 Sep 2025 08:00:01 PM PDT - Started Downloading images
Sun 28 Sep 2025 08:00:02 PM PDT - Completed downloading images
~~~~~~~~~~~~~~~~~~~~~~~~~~~~~~~~~~~~~~~~~~~~~~~~~
Sun 28 Sep 2025 08:30:01 PM PDT - Started Downloading images
Sun 28 Sep 2025 08:30:02 PM PDT - Completed downloading images
~~~~~~~~~~~~~~~~~~~~~~~~~~~~~~~~~~~~~~~~~~~~~~~~~
Sun 28 Sep 2025 09:00:01 PM PDT - Started Downloading images
Sun 28 Sep 2025 09:00:01 PM PDT - Completed downloading images
~~~~~~~~~~~~~~~~~~~~~~~~~~~~~~~~~~~~~~~~~~~~~~~~~
Sun 28 Sep 2025 09:30:01 PM PDT - Started Downloading images
Sun 28 Sep 2025 09:30:02 PM PDT - Completed downloading images
~~~~~~~~~~~~~~~~~~~~~~~~~~~~~~~~~~~~~~~~~~~~~~~~~
Sun 28 Sep 2025 10:00:01 PM PDT - Started Downloading images
Sun 28 Sep 2025 10:00:01 PM PDT - Completed downloading images
~~~~~~~~~~~~~~~~~~~~~~~~~~~~~~~~~~~~~~~~~~~~~~~~~
Sun 28 Sep 2025 10:30:01 PM PDT - Started Downloading images
Sun 28 Sep 2025 10:30:02 PM PDT - Completed downloading images
~~~~~~~~~~~~~~~~~~~~~~~~~~~~~~~~~~~~~~~~~~~~~~~~~
Sun 28 Sep 2025 11:00:01 PM PDT - Started Downloading images
Sun 28 Sep 2025 11:00:01 PM PDT - Completed downloading images
~~~~~~~~~~~~~~~~~~~~~~~~~~~~~~~~~~~~~~~~~~~~~~~~~
Sun 28 Sep 2025 11:30:01 PM PDT - Started Downloading images
Sun 28 Sep 2025 11:30:02 PM PDT - Completed downloading images
~~~~~~~~~~~~~~~~~~~~~~~~~~~~~~~~~~~~~~~~~~~~~~~~~
Mon 29 Sep 2025 12:00:01 AM PDT - Started Downloading images
Mon 29 Sep 2025 12:00:01 AM PDT - Completed downloading images
~~~~~~~~~~~~~~~~~~~~~~~~~~~~~~~~~~~~~~~~~~~~~~~~~
Mon 29 Sep 2025 12:30:01 AM PDT - Started Downloading images
Mon 29 Sep 2025 12:30:02 AM PDT - Completed downloading images
~~~~~~~~~~~~~~~~~~~~~~~~~~~~~~~~~~~~~~~~~~~~~~~~~
Mon 29 Sep 2025 01:00:01 AM PDT - Started Downloading images
Mon 29 Sep 2025 01:00:01 AM PDT - Completed downloading images
~~~~~~~~~~~~~~~~~~~~~~~~~~~~~~~~~~~~~~~~~~~~~~~~~
Mon 29 Sep 2025 01:30:01 AM PDT - Started Downloading images
Mon 29 Sep 2025 01:30:02 AM PDT - Completed downloading images
~~~~~~~~~~~~~~~~~~~~~~~~~~~~~~~~~~~~~~~~~~~~~~~~~
Mon 29 Sep 2025 02:00:01 AM PDT - Started Downloading images
Mon 29 Sep 2025 02:00:01 AM PDT - Completed downloading images
~~~~~~~~~~~~~~~~~~~~~~~~~~~~~~~~~~~~~~~~~~~~~~~~~
Mon 29 Sep 2025 02:30:01 AM PDT - Started Downloading images
Mon 29 Sep 2025 02:30:02 AM PDT - Completed downloading images
~~~~~~~~~~~~~~~~~~~~~~~~~~~~~~~~~~~~~~~~~~~~~~~~~
Mon 29 Sep 2025 03:00:01 AM PDT - Started Downloading images
Mon 29 Sep 2025 03:00:01 AM PDT - Completed downloading images
~~~~~~~~~~~~~~~~~~~~~~~~~~~~~~~~~~~~~~~~~~~~~~~~~
Mon 29 Sep 2025 03:30:01 AM PDT - Started Downloading images
Mon 29 Sep 2025 03:30:02 AM PDT - Completed downloading images
~~~~~~~~~~~~~~~~~~~~~~~~~~~~~~~~~~~~~~~~~~~~~~~~~
Mon 29 Sep 2025 04:00:01 AM PDT - Started Downloading images
Mon 29 Sep 2025 04:00:02 AM PDT - Completed downloading images
~~~~~~~~~~~~~~~~~~~~~~~~~~~~~~~~~~~~~~~~~~~~~~~~~
Mon 29 Sep 2025 04:30:01 AM PDT - Started Downloading images
Mon 29 Sep 2025 04:30:01 AM PDT - Completed downloading images
~~~~~~~~~~~~~~~~~~~~~~~~~~~~~~~~~~~~~~~~~~~~~~~~~
Mon 29 Sep 2025 05:00:01 AM PDT - Started Downloading images
Mon 29 Sep 2025 05:00:02 AM PDT - Completed downloading images
~~~~~~~~~~~~~~~~~~~~~~~~~~~~~~~~~~~~~~~~~~~~~~~~~
Mon 29 Sep 2025 05:30:01 AM PDT - Started Downloading images
Mon 29 Sep 2025 05:30:01 AM PDT - Completed downloading images
~~~~~~~~~~~~~~~~~~~~~~~~~~~~~~~~~~~~~~~~~~~~~~~~~
Mon 29 Sep 2025 06:00:01 AM PDT - Started Downloading images
Mon 29 Sep 2025 06:00:02 AM PDT - Completed downloading images
~~~~~~~~~~~~~~~~~~~~~~~~~~~~~~~~~~~~~~~~~~~~~~~~~
Mon 29 Sep 2025 06:30:01 AM PDT - Started Downloading images
Mon 29 Sep 2025 06:30:01 AM PDT - Completed downloading images
~~~~~~~~~~~~~~~~~~~~~~~~~~~~~~~~~~~~~~~~~~~~~~~~~
Mon 29 Sep 2025 07:00:01 AM PDT - Started Downloading images
Mon 29 Sep 2025 07:00:01 AM PDT - Completed downloading images
~~~~~~~~~~~~~~~~~~~~~~~~~~~~~~~~~~~~~~~~~~~~~~~~~
Mon 29 Sep 2025 07:30:01 AM PDT - Started Downloading images
Mon 29 Sep 2025 07:30:02 AM PDT - Completed downloading images
~~~~~~~~~~~~~~~~~~~~~~~~~~~~~~~~~~~~~~~~~~~~~~~~~
Mon 29 Sep 2025 08:00:01 AM PDT - Started Downloading images
Mon 29 Sep 2025 08:00:01 AM PDT - Completed downloading images
~~~~~~~~~~~~~~~~~~~~~~~~~~~~~~~~~~~~~~~~~~~~~~~~~
Mon 29 Sep 2025 08:30:01 AM PDT - Started Downloading images
Mon 29 Sep 2025 08:30:02 AM PDT - Completed downloading images
~~~~~~~~~~~~~~~~~~~~~~~~~~~~~~~~~~~~~~~~~~~~~~~~~
Mon 29 Sep 2025 09:00:01 AM PDT - Started Downloading images
Mon 29 Sep 2025 09:00:01 AM PDT - Completed downloading images
~~~~~~~~~~~~~~~~~~~~~~~~~~~~~~~~~~~~~~~~~~~~~~~~~
Mon 29 Sep 2025 09:30:01 AM PDT - Started Downloading images
Mon 29 Sep 2025 09:30:02 AM PDT - Completed downloading images
~~~~~~~~~~~~~~~~~~~~~~~~~~~~~~~~~~~~~~~~~~~~~~~~~
Mon 29 Sep 2025 10:00:01 AM PDT - Started Downloading images
Mon 29 Sep 2025 10:00:01 AM PDT - Completed downloading images
~~~~~~~~~~~~~~~~~~~~~~~~~~~~~~~~~~~~~~~~~~~~~~~~~
Mon 29 Sep 2025 10:30:01 AM PDT - Started Downloading images
Mon 29 Sep 2025 10:30:02 AM PDT - Completed downloading images
~~~~~~~~~~~~~~~~~~~~~~~~~~~~~~~~~~~~~~~~~~~~~~~~~
Mon 29 Sep 2025 11:00:01 AM PDT - Started Downloading images
Mon 29 Sep 2025 11:00:01 AM PDT - Completed downloading images
~~~~~~~~~~~~~~~~~~~~~~~~~~~~~~~~~~~~~~~~~~~~~~~~~
Mon 29 Sep 2025 11:30:01 AM PDT - Started Downloading images
Mon 29 Sep 2025 11:30:02 AM PDT - Completed downloading images
~~~~~~~~~~~~~~~~~~~~~~~~~~~~~~~~~~~~~~~~~~~~~~~~~
Mon 29 Sep 2025 12:00:01 PM PDT - Started Downloading images
Mon 29 Sep 2025 12:00:01 PM PDT - Completed downloading images
~~~~~~~~~~~~~~~~~~~~~~~~~~~~~~~~~~~~~~~~~~~~~~~~~
Mon 29 Sep 2025 12:30:01 PM PDT - Started Downloading images
Mon 29 Sep 2025 12:30:02 PM PDT - Completed downloading images
~~~~~~~~~~~~~~~~~~~~~~~~~~~~~~~~~~~~~~~~~~~~~~~~~
Mon 29 Sep 2025 01:00:01 PM PDT - Started Downloading images
Mon 29 Sep 2025 01:00:01 PM PDT - Completed downloading images
~~~~~~~~~~~~~~~~~~~~~~~~~~~~~~~~~~~~~~~~~~~~~~~~~
Mon 29 Sep 2025 01:30:01 PM PDT - Started Downloading images
Mon 29 Sep 2025 01:30:02 PM PDT - Completed downloading images
~~~~~~~~~~~~~~~~~~~~~~~~~~~~~~~~~~~~~~~~~~~~~~~~~
Mon 29 Sep 2025 02:00:01 PM PDT - Started Downloading images
Mon 29 Sep 2025 02:00:01 PM PDT - Completed downloading images
~~~~~~~~~~~~~~~~~~~~~~~~~~~~~~~~~~~~~~~~~~~~~~~~~
Mon 29 Sep 2025 02:30:01 PM PDT - Started Downloading images
Mon 29 Sep 2025 02:30:02 PM PDT - Completed downloading images
~~~~~~~~~~~~~~~~~~~~~~~~~~~~~~~~~~~~~~~~~~~~~~~~~
Mon 29 Sep 2025 03:00:01 PM PDT - Started Downloading images
Mon 29 Sep 2025 03:00:02 PM PDT - Completed downloading images
~~~~~~~~~~~~~~~~~~~~~~~~~~~~~~~~~~~~~~~~~~~~~~~~~
Mon 29 Sep 2025 03:30:01 PM PDT - Started Downloading images
Mon 29 Sep 2025 03:30:01 PM PDT - Completed downloading images
~~~~~~~~~~~~~~~~~~~~~~~~~~~~~~~~~~~~~~~~~~~~~~~~~
Mon 29 Sep 2025 04:00:01 PM PDT - Started Downloading images
Mon 29 Sep 2025 04:00:02 PM PDT - Completed downloading images
~~~~~~~~~~~~~~~~~~~~~~~~~~~~~~~~~~~~~~~~~~~~~~~~~
Mon 29 Sep 2025 04:30:01 PM PDT - Started Downloading images
Mon 29 Sep 2025 04:30:01 PM PDT - Completed downloading images
~~~~~~~~~~~~~~~~~~~~~~~~~~~~~~~~~~~~~~~~~~~~~~~~~
Mon 29 Sep 2025 05:00:01 PM PDT - Started Downloading images
Mon 29 Sep 2025 05:00:02 PM PDT - Completed downloading images
~~~~~~~~~~~~~~~~~~~~~~~~~~~~~~~~~~~~~~~~~~~~~~~~~
Mon 29 Sep 2025 05:30:01 PM PDT - Started Downloading images
Mon 29 Sep 2025 05:30:01 PM PDT - Completed downloading images
~~~~~~~~~~~~~~~~~~~~~~~~~~~~~~~~~~~~~~~~~~~~~~~~~
Mon 29 Sep 2025 06:00:01 PM PDT - Started Downloading images
Mon 29 Sep 2025 06:00:02 PM PDT - Completed downloading images
~~~~~~~~~~~~~~~~~~~~~~~~~~~~~~~~~~~~~~~~~~~~~~~~~
Mon 29 Sep 2025 06:30:01 PM PDT - Started Downloading images
Mon 29 Sep 2025 06:30:01 PM PDT - Completed downloading images
~~~~~~~~~~~~~~~~~~~~~~~~~~~~~~~~~~~~~~~~~~~~~~~~~
Mon 29 Sep 2025 07:00:01 PM PDT - Started Downloading images
Mon 29 Sep 2025 07:00:02 PM PDT - Completed downloading images
~~~~~~~~~~~~~~~~~~~~~~~~~~~~~~~~~~~~~~~~~~~~~~~~~
Mon 29 Sep 2025 07:30:01 PM PDT - Started Downloading images
Mon 29 Sep 2025 07:30:01 PM PDT - Completed downloading images
~~~~~~~~~~~~~~~~~~~~~~~~~~~~~~~~~~~~~~~~~~~~~~~~~
Mon 29 Sep 2025 08:00:01 PM PDT - Started Downloading images
Mon 29 Sep 2025 08:00:02 PM PDT - Completed downloading images
~~~~~~~~~~~~~~~~~~~~~~~~~~~~~~~~~~~~~~~~~~~~~~~~~
Mon 29 Sep 2025 08:30:01 PM PDT - Started Downloading images
Mon 29 Sep 2025 08:30:01 PM PDT - Completed downloading images
~~~~~~~~~~~~~~~~~~~~~~~~~~~~~~~~~~~~~~~~~~~~~~~~~
Mon 29 Sep 2025 09:00:01 PM PDT - Started Downloading images
Mon 29 Sep 2025 09:00:02 PM PDT - Completed downloading images
~~~~~~~~~~~~~~~~~~~~~~~~~~~~~~~~~~~~~~~~~~~~~~~~~
Mon 29 Sep 2025 09:30:01 PM PDT - Started Downloading images
Mon 29 Sep 2025 09:30:01 PM PDT - Completed downloading images
~~~~~~~~~~~~~~~~~~~~~~~~~~~~~~~~~~~~~~~~~~~~~~~~~
Mon 29 Sep 2025 10:00:01 PM PDT - Started Downloading images
Mon 29 Sep 2025 10:00:02 PM PDT - Completed downloading images
~~~~~~~~~~~~~~~~~~~~~~~~~~~~~~~~~~~~~~~~~~~~~~~~~
Mon 29 Sep 2025 10:30:01 PM PDT - Started Downloading images
Mon 29 Sep 2025 10:30:01 PM PDT - Completed downloading images
~~~~~~~~~~~~~~~~~~~~~~~~~~~~~~~~~~~~~~~~~~~~~~~~~
Mon 29 Sep 2025 11:00:02 PM PDT - Started Downloading images
Mon 29 Sep 2025 11:00:02 PM PDT - Completed downloading images
~~~~~~~~~~~~~~~~~~~~~~~~~~~~~~~~~~~~~~~~~~~~~~~~~
Mon 29 Sep 2025 11:30:01 PM PDT - Started Downloading images
Mon 29 Sep 2025 11:30:02 PM PDT - Completed downloading images
~~~~~~~~~~~~~~~~~~~~~~~~~~~~~~~~~~~~~~~~~~~~~~~~~
Tue 30 Sep 2025 12:00:01 AM PDT - Started Downloading images
Tue 30 Sep 2025 12:00:01 AM PDT - Completed downloading images
~~~~~~~~~~~~~~~~~~~~~~~~~~~~~~~~~~~~~~~~~~~~~~~~~
Tue 30 Sep 2025 12:30:01 AM PDT - Started Downloading images
Tue 30 Sep 2025 12:30:02 AM PDT - Completed downloading images
~~~~~~~~~~~~~~~~~~~~~~~~~~~~~~~~~~~~~~~~~~~~~~~~~
Tue 30 Sep 2025 01:00:01 AM PDT - Started Downloading images
Tue 30 Sep 2025 01:00:01 AM PDT - Completed downloading images
~~~~~~~~~~~~~~~~~~~~~~~~~~~~~~~~~~~~~~~~~~~~~~~~~
Tue 30 Sep 2025 01:30:01 AM PDT - Started Downloading images
Tue 30 Sep 2025 01:30:02 AM PDT - Completed downloading images
~~~~~~~~~~~~~~~~~~~~~~~~~~~~~~~~~~~~~~~~~~~~~~~~~
Tue 30 Sep 2025 02:00:01 AM PDT - Started Downloading images
Tue 30 Sep 2025 02:00:01 AM PDT - Completed downloading images
~~~~~~~~~~~~~~~~~~~~~~~~~~~~~~~~~~~~~~~~~~~~~~~~~
Tue 30 Sep 2025 02:30:01 AM PDT - Started Downloading images
Tue 30 Sep 2025 02:30:02 AM PDT - Completed downloading images
~~~~~~~~~~~~~~~~~~~~~~~~~~~~~~~~~~~~~~~~~~~~~~~~~
Tue 30 Sep 2025 03:00:01 AM PDT - Started Downloading images
Tue 30 Sep 2025 03:00:02 AM PDT - Completed downloading images
~~~~~~~~~~~~~~~~~~~~~~~~~~~~~~~~~~~~~~~~~~~~~~~~~
Tue 30 Sep 2025 03:30:01 AM PDT - Started Downloading images
Tue 30 Sep 2025 03:30:02 AM PDT - Completed downloading images
~~~~~~~~~~~~~~~~~~~~~~~~~~~~~~~~~~~~~~~~~~~~~~~~~
Tue 30 Sep 2025 04:00:01 AM PDT - Started Downloading images
Tue 30 Sep 2025 04:00:01 AM PDT - Completed downloading images
~~~~~~~~~~~~~~~~~~~~~~~~~~~~~~~~~~~~~~~~~~~~~~~~~
Tue 30 Sep 2025 04:30:01 AM PDT - Started Downloading images
Tue 30 Sep 2025 04:30:02 AM PDT - Completed downloading images
~~~~~~~~~~~~~~~~~~~~~~~~~~~~~~~~~~~~~~~~~~~~~~~~~
Tue 30 Sep 2025 05:00:01 AM PDT - Started Downloading images
Tue 30 Sep 2025 05:00:01 AM PDT - Completed downloading images
~~~~~~~~~~~~~~~~~~~~~~~~~~~~~~~~~~~~~~~~~~~~~~~~~
Tue 30 Sep 2025 05:30:01 AM PDT - Started Downloading images
Tue 30 Sep 2025 05:30:02 AM PDT - Completed downloading images
~~~~~~~~~~~~~~~~~~~~~~~~~~~~~~~~~~~~~~~~~~~~~~~~~
Tue 30 Sep 2025 06:00:01 AM PDT - Started Downloading images
Tue 30 Sep 2025 06:00:01 AM PDT - Completed downloading images
~~~~~~~~~~~~~~~~~~~~~~~~~~~~~~~~~~~~~~~~~~~~~~~~~
Tue 30 Sep 2025 06:30:01 AM PDT - Started Downloading images
Tue 30 Sep 2025 06:30:01 AM PDT - Completed downloading images
~~~~~~~~~~~~~~~~~~~~~~~~~~~~~~~~~~~~~~~~~~~~~~~~~
Tue 30 Sep 2025 07:00:01 AM PDT - Started Downloading images
Tue 30 Sep 2025 07:00:02 AM PDT - Completed downloading images
~~~~~~~~~~~~~~~~~~~~~~~~~~~~~~~~~~~~~~~~~~~~~~~~~
Tue 30 Sep 2025 07:30:01 AM PDT - Started Downloading images
Tue 30 Sep 2025 07:30:01 AM PDT - Completed downloading images
~~~~~~~~~~~~~~~~~~~~~~~~~~~~~~~~~~~~~~~~~~~~~~~~~
Tue 30 Sep 2025 08:00:01 AM PDT - Started Downloading images
Tue 30 Sep 2025 08:00:02 AM PDT - Completed downloading images
~~~~~~~~~~~~~~~~~~~~~~~~~~~~~~~~~~~~~~~~~~~~~~~~~
Tue 30 Sep 2025 08:30:01 AM PDT - Started Downloading images
Tue 30 Sep 2025 08:30:01 AM PDT - Completed downloading images
~~~~~~~~~~~~~~~~~~~~~~~~~~~~~~~~~~~~~~~~~~~~~~~~~
Tue 30 Sep 2025 09:00:01 AM PDT - Started Downloading images
Tue 30 Sep 2025 09:00:02 AM PDT - Completed downloading images
~~~~~~~~~~~~~~~~~~~~~~~~~~~~~~~~~~~~~~~~~~~~~~~~~
Tue 30 Sep 2025 09:30:01 AM PDT - Started Downloading images
Tue 30 Sep 2025 09:30:01 AM PDT - Completed downloading images
~~~~~~~~~~~~~~~~~~~~~~~~~~~~~~~~~~~~~~~~~~~~~~~~~
Tue 30 Sep 2025 10:00:01 AM PDT - Started Downloading images
Tue 30 Sep 2025 10:00:02 AM PDT - Completed downloading images
~~~~~~~~~~~~~~~~~~~~~~~~~~~~~~~~~~~~~~~~~~~~~~~~~
Tue 30 Sep 2025 10:30:01 AM PDT - Started Downloading images
Tue 30 Sep 2025 10:30:01 AM PDT - Completed downloading images
~~~~~~~~~~~~~~~~~~~~~~~~~~~~~~~~~~~~~~~~~~~~~~~~~
Tue 30 Sep 2025 11:00:01 AM PDT - Started Downloading images
Tue 30 Sep 2025 11:00:02 AM PDT - Completed downloading images
~~~~~~~~~~~~~~~~~~~~~~~~~~~~~~~~~~~~~~~~~~~~~~~~~
Tue 30 Sep 2025 11:30:01 AM PDT - Started Downloading images
Tue 30 Sep 2025 11:30:01 AM PDT - Completed downloading images
~~~~~~~~~~~~~~~~~~~~~~~~~~~~~~~~~~~~~~~~~~~~~~~~~
Tue 30 Sep 2025 12:00:01 PM PDT - Started Downloading images
Tue 30 Sep 2025 12:00:02 PM PDT - Completed downloading images
~~~~~~~~~~~~~~~~~~~~~~~~~~~~~~~~~~~~~~~~~~~~~~~~~
Tue 30 Sep 2025 12:30:01 PM PDT - Started Downloading images
Tue 30 Sep 2025 12:30:02 PM PDT - Completed downloading images
~~~~~~~~~~~~~~~~~~~~~~~~~~~~~~~~~~~~~~~~~~~~~~~~~
Tue 30 Sep 2025 01:00:01 PM PDT - Started Downloading images
Tue 30 Sep 2025 01:00:01 PM PDT - Completed downloading images
~~~~~~~~~~~~~~~~~~~~~~~~~~~~~~~~~~~~~~~~~~~~~~~~~
Tue 30 Sep 2025 01:30:01 PM PDT - Started Downloading images
Tue 30 Sep 2025 01:30:02 PM PDT - Completed downloading images
~~~~~~~~~~~~~~~~~~~~~~~~~~~~~~~~~~~~~~~~~~~~~~~~~
Tue 30 Sep 2025 02:00:01 PM PDT - Started Downloading images
Tue 30 Sep 2025 02:00:01 PM PDT - Completed downloading images
~~~~~~~~~~~~~~~~~~~~~~~~~~~~~~~~~~~~~~~~~~~~~~~~~
Tue 30 Sep 2025 02:30:01 PM PDT - Started Downloading images
Tue 30 Sep 2025 02:30:02 PM PDT - Completed downloading images
~~~~~~~~~~~~~~~~~~~~~~~~~~~~~~~~~~~~~~~~~~~~~~~~~
Tue 30 Sep 2025 03:00:01 PM PDT - Started Downloading images
Tue 30 Sep 2025 03:00:01 PM PDT - Completed downloading images
~~~~~~~~~~~~~~~~~~~~~~~~~~~~~~~~~~~~~~~~~~~~~~~~~
Tue 30 Sep 2025 03:30:01 PM PDT - Started Downloading images
Tue 30 Sep 2025 03:30:02 PM PDT - Completed downloading images
~~~~~~~~~~~~~~~~~~~~~~~~~~~~~~~~~~~~~~~~~~~~~~~~~
Tue 30 Sep 2025 04:00:01 PM PDT - Started Downloading images
Tue 30 Sep 2025 04:00:01 PM PDT - Completed downloading images
~~~~~~~~~~~~~~~~~~~~~~~~~~~~~~~~~~~~~~~~~~~~~~~~~
Tue 30 Sep 2025 04:30:02 PM PDT - Started Downloading images
Tue 30 Sep 2025 04:30:02 PM PDT - Completed downloading images
~~~~~~~~~~~~~~~~~~~~~~~~~~~~~~~~~~~~~~~~~~~~~~~~~
Tue 30 Sep 2025 05:00:01 PM PDT - Started Downloading images
Tue 30 Sep 2025 05:00:02 PM PDT - Completed downloading images
~~~~~~~~~~~~~~~~~~~~~~~~~~~~~~~~~~~~~~~~~~~~~~~~~
Tue 30 Sep 2025 05:30:01 PM PDT - Started Downloading images
Tue 30 Sep 2025 05:30:01 PM PDT - Completed downloading images
~~~~~~~~~~~~~~~~~~~~~~~~~~~~~~~~~~~~~~~~~~~~~~~~~
Tue 30 Sep 2025 06:00:01 PM PDT - Started Downloading images
Tue 30 Sep 2025 06:00:02 PM PDT - Completed downloading images
~~~~~~~~~~~~~~~~~~~~~~~~~~~~~~~~~~~~~~~~~~~~~~~~~
Tue 30 Sep 2025 06:30:01 PM PDT - Started Downloading images
Tue 30 Sep 2025 06:30:01 PM PDT - Completed downloading images
~~~~~~~~~~~~~~~~~~~~~~~~~~~~~~~~~~~~~~~~~~~~~~~~~
Tue 30 Sep 2025 07:00:01 PM PDT - Started Downloading images
Tue 30 Sep 2025 07:00:02 PM PDT - Completed downloading images
~~~~~~~~~~~~~~~~~~~~~~~~~~~~~~~~~~~~~~~~~~~~~~~~~
Tue 30 Sep 2025 07:30:01 PM PDT - Started Downloading images
Tue 30 Sep 2025 07:30:01 PM PDT - Completed downloading images
~~~~~~~~~~~~~~~~~~~~~~~~~~~~~~~~~~~~~~~~~~~~~~~~~
Tue 30 Sep 2025 08:00:01 PM PDT - Started Downloading images
Tue 30 Sep 2025 08:00:02 PM PDT - Completed downloading images
~~~~~~~~~~~~~~~~~~~~~~~~~~~~~~~~~~~~~~~~~~~~~~~~~
Tue 30 Sep 2025 08:30:01 PM PDT - Started Downloading images
Tue 30 Sep 2025 08:30:01 PM PDT - Completed downloading images
~~~~~~~~~~~~~~~~~~~~~~~~~~~~~~~~~~~~~~~~~~~~~~~~~
Tue 30 Sep 2025 09:00:01 PM PDT - Started Downloading images
Tue 30 Sep 2025 09:00:02 PM PDT - Completed downloading images
~~~~~~~~~~~~~~~~~~~~~~~~~~~~~~~~~~~~~~~~~~~~~~~~~
Tue 30 Sep 2025 09:30:01 PM PDT - Started Downloading images
Tue 30 Sep 2025 09:30:01 PM PDT - Completed downloading images
~~~~~~~~~~~~~~~~~~~~~~~~~~~~~~~~~~~~~~~~~~~~~~~~~
Tue 30 Sep 2025 10:00:01 PM PDT - Started Downloading images
Tue 30 Sep 2025 10:00:02 PM PDT - Completed downloading images
~~~~~~~~~~~~~~~~~~~~~~~~~~~~~~~~~~~~~~~~~~~~~~~~~
Tue 30 Sep 2025 10:30:01 PM PDT - Started Downloading images
Tue 30 Sep 2025 10:30:01 PM PDT - Completed downloading images
~~~~~~~~~~~~~~~~~~~~~~~~~~~~~~~~~~~~~~~~~~~~~~~~~
Tue 30 Sep 2025 11:00:01 PM PDT - Started Downloading images
Tue 30 Sep 2025 11:00:01 PM PDT - Completed downloading images
~~~~~~~~~~~~~~~~~~~~~~~~~~~~~~~~~~~~~~~~~~~~~~~~~
Tue 30 Sep 2025 11:30:01 PM PDT - Started Downloading images
Tue 30 Sep 2025 11:30:02 PM PDT - Completed downloading images
~~~~~~~~~~~~~~~~~~~~~~~~~~~~~~~~~~~~~~~~~~~~~~~~~
Wed 01 Oct 2025 12:00:01 AM PDT - Started Downloading images
Wed 01 Oct 2025 12:00:01 AM PDT - Completed downloading images
~~~~~~~~~~~~~~~~~~~~~~~~~~~~~~~~~~~~~~~~~~~~~~~~~
Wed 01 Oct 2025 12:30:01 AM PDT - Started Downloading images
Wed 01 Oct 2025 12:30:02 AM PDT - Completed downloading images
~~~~~~~~~~~~~~~~~~~~~~~~~~~~~~~~~~~~~~~~~~~~~~~~~
Wed 01 Oct 2025 01:00:01 AM PDT - Started Downloading images
Wed 01 Oct 2025 01:00:01 AM PDT - Completed downloading images
~~~~~~~~~~~~~~~~~~~~~~~~~~~~~~~~~~~~~~~~~~~~~~~~~
Wed 01 Oct 2025 01:30:01 AM PDT - Started Downloading images
Wed 01 Oct 2025 01:30:02 AM PDT - Completed downloading images
~~~~~~~~~~~~~~~~~~~~~~~~~~~~~~~~~~~~~~~~~~~~~~~~~
Wed 01 Oct 2025 02:00:01 AM PDT - Started Downloading images
Wed 01 Oct 2025 02:00:01 AM PDT - Completed downloading images
~~~~~~~~~~~~~~~~~~~~~~~~~~~~~~~~~~~~~~~~~~~~~~~~~
Wed 01 Oct 2025 02:30:01 AM PDT - Started Downloading images
Wed 01 Oct 2025 02:30:02 AM PDT - Completed downloading images
~~~~~~~~~~~~~~~~~~~~~~~~~~~~~~~~~~~~~~~~~~~~~~~~~
Wed 01 Oct 2025 03:00:01 AM PDT - Started Downloading images
Wed 01 Oct 2025 03:00:02 AM PDT - Completed downloading images
~~~~~~~~~~~~~~~~~~~~~~~~~~~~~~~~~~~~~~~~~~~~~~~~~
Wed 01 Oct 2025 03:30:01 AM PDT - Started Downloading images
Wed 01 Oct 2025 03:30:01 AM PDT - Completed downloading images
~~~~~~~~~~~~~~~~~~~~~~~~~~~~~~~~~~~~~~~~~~~~~~~~~
Wed 01 Oct 2025 04:00:01 AM PDT - Started Downloading images
Wed 01 Oct 2025 04:00:02 AM PDT - Completed downloading images
~~~~~~~~~~~~~~~~~~~~~~~~~~~~~~~~~~~~~~~~~~~~~~~~~
Wed 01 Oct 2025 04:30:01 AM PDT - Started Downloading images
Wed 01 Oct 2025 04:30:01 AM PDT - Completed downloading images
~~~~~~~~~~~~~~~~~~~~~~~~~~~~~~~~~~~~~~~~~~~~~~~~~
Wed 01 Oct 2025 05:00:01 AM PDT - Started Downloading images
Wed 01 Oct 2025 05:00:02 AM PDT - Completed downloading images
~~~~~~~~~~~~~~~~~~~~~~~~~~~~~~~~~~~~~~~~~~~~~~~~~
Wed 01 Oct 2025 05:30:01 AM PDT - Started Downloading images
Wed 01 Oct 2025 05:30:01 AM PDT - Completed downloading images
~~~~~~~~~~~~~~~~~~~~~~~~~~~~~~~~~~~~~~~~~~~~~~~~~
Wed 01 Oct 2025 06:00:01 AM PDT - Started Downloading images
Wed 01 Oct 2025 06:00:01 AM PDT - Completed downloading images
~~~~~~~~~~~~~~~~~~~~~~~~~~~~~~~~~~~~~~~~~~~~~~~~~
Wed 01 Oct 2025 06:30:01 AM PDT - Started Downloading images
Wed 01 Oct 2025 06:30:02 AM PDT - Completed downloading images
~~~~~~~~~~~~~~~~~~~~~~~~~~~~~~~~~~~~~~~~~~~~~~~~~
Wed 01 Oct 2025 07:00:01 AM PDT - Started Downloading images
Wed 01 Oct 2025 07:00:01 AM PDT - Completed downloading images
~~~~~~~~~~~~~~~~~~~~~~~~~~~~~~~~~~~~~~~~~~~~~~~~~
Wed 01 Oct 2025 07:30:01 AM PDT - Started Downloading images
Wed 01 Oct 2025 07:30:01 AM PDT - Completed downloading images
~~~~~~~~~~~~~~~~~~~~~~~~~~~~~~~~~~~~~~~~~~~~~~~~~
Wed 01 Oct 2025 08:00:01 AM PDT - Started Downloading images
Wed 01 Oct 2025 08:00:02 AM PDT - Completed downloading images
~~~~~~~~~~~~~~~~~~~~~~~~~~~~~~~~~~~~~~~~~~~~~~~~~
Wed 01 Oct 2025 08:30:01 AM PDT - Started Downloading images
Wed 01 Oct 2025 08:30:01 AM PDT - Completed downloading images
~~~~~~~~~~~~~~~~~~~~~~~~~~~~~~~~~~~~~~~~~~~~~~~~~
Wed 01 Oct 2025 09:00:01 AM PDT - Started Downloading images
Wed 01 Oct 2025 09:00:02 AM PDT - Completed downloading images
~~~~~~~~~~~~~~~~~~~~~~~~~~~~~~~~~~~~~~~~~~~~~~~~~
Wed 01 Oct 2025 09:30:01 AM PDT - Started Downloading images
Wed 01 Oct 2025 09:30:01 AM PDT - Completed downloading images
~~~~~~~~~~~~~~~~~~~~~~~~~~~~~~~~~~~~~~~~~~~~~~~~~
Wed 01 Oct 2025 10:00:01 AM PDT - Started Downloading images
Wed 01 Oct 2025 10:00:02 AM PDT - Completed downloading images
~~~~~~~~~~~~~~~~~~~~~~~~~~~~~~~~~~~~~~~~~~~~~~~~~
Wed 01 Oct 2025 10:30:01 AM PDT - Started Downloading images
Wed 01 Oct 2025 10:30:01 AM PDT - Completed downloading images
~~~~~~~~~~~~~~~~~~~~~~~~~~~~~~~~~~~~~~~~~~~~~~~~~
Wed 01 Oct 2025 11:00:01 AM PDT - Started Downloading images
Wed 01 Oct 2025 11:00:02 AM PDT - Completed downloading images
~~~~~~~~~~~~~~~~~~~~~~~~~~~~~~~~~~~~~~~~~~~~~~~~~
Wed 01 Oct 2025 11:30:01 AM PDT - Started Downloading images
Wed 01 Oct 2025 11:30:01 AM PDT - Completed downloading images
~~~~~~~~~~~~~~~~~~~~~~~~~~~~~~~~~~~~~~~~~~~~~~~~~
Wed 01 Oct 2025 12:00:01 PM PDT - Started Downloading images
Wed 01 Oct 2025 12:00:02 PM PDT - Completed downloading images
~~~~~~~~~~~~~~~~~~~~~~~~~~~~~~~~~~~~~~~~~~~~~~~~~
Wed 01 Oct 2025 12:30:01 PM PDT - Started Downloading images
Wed 01 Oct 2025 12:30:01 PM PDT - Completed downloading images
~~~~~~~~~~~~~~~~~~~~~~~~~~~~~~~~~~~~~~~~~~~~~~~~~
Wed 01 Oct 2025 01:00:01 PM PDT - Started Downloading images
Wed 01 Oct 2025 01:00:02 PM PDT - Completed downloading images
~~~~~~~~~~~~~~~~~~~~~~~~~~~~~~~~~~~~~~~~~~~~~~~~~
Wed 01 Oct 2025 01:30:01 PM PDT - Started Downloading images
Wed 01 Oct 2025 01:30:01 PM PDT - Completed downloading images
~~~~~~~~~~~~~~~~~~~~~~~~~~~~~~~~~~~~~~~~~~~~~~~~~
Wed 01 Oct 2025 02:00:02 PM PDT - Started Downloading images
Wed 01 Oct 2025 02:00:02 PM PDT - Completed downloading images
~~~~~~~~~~~~~~~~~~~~~~~~~~~~~~~~~~~~~~~~~~~~~~~~~
Wed 01 Oct 2025 02:30:01 PM PDT - Started Downloading images
Wed 01 Oct 2025 02:30:02 PM PDT - Completed downloading images
~~~~~~~~~~~~~~~~~~~~~~~~~~~~~~~~~~~~~~~~~~~~~~~~~
Wed 01 Oct 2025 03:00:01 PM PDT - Started Downloading images
Wed 01 Oct 2025 03:00:01 PM PDT - Completed downloading images
~~~~~~~~~~~~~~~~~~~~~~~~~~~~~~~~~~~~~~~~~~~~~~~~~
Wed 01 Oct 2025 03:30:01 PM PDT - Started Downloading images
Wed 01 Oct 2025 03:30:02 PM PDT - Completed downloading images
~~~~~~~~~~~~~~~~~~~~~~~~~~~~~~~~~~~~~~~~~~~~~~~~~
Wed 01 Oct 2025 04:00:01 PM PDT - Started Downloading images
Wed 01 Oct 2025 04:00:01 PM PDT - Completed downloading images
~~~~~~~~~~~~~~~~~~~~~~~~~~~~~~~~~~~~~~~~~~~~~~~~~
Wed 01 Oct 2025 04:30:01 PM PDT - Started Downloading images
Wed 01 Oct 2025 04:30:02 PM PDT - Completed downloading images
~~~~~~~~~~~~~~~~~~~~~~~~~~~~~~~~~~~~~~~~~~~~~~~~~
Wed 01 Oct 2025 05:00:01 PM PDT - Started Downloading images
Wed 01 Oct 2025 05:00:01 PM PDT - Completed downloading images
~~~~~~~~~~~~~~~~~~~~~~~~~~~~~~~~~~~~~~~~~~~~~~~~~
Wed 01 Oct 2025 05:30:01 PM PDT - Started Downloading images
Wed 01 Oct 2025 05:30:02 PM PDT - Completed downloading images
~~~~~~~~~~~~~~~~~~~~~~~~~~~~~~~~~~~~~~~~~~~~~~~~~
Wed 01 Oct 2025 06:00:01 PM PDT - Started Downloading images
Wed 01 Oct 2025 06:00:01 PM PDT - Completed downloading images
~~~~~~~~~~~~~~~~~~~~~~~~~~~~~~~~~~~~~~~~~~~~~~~~~
Wed 01 Oct 2025 06:30:01 PM PDT - Started Downloading images
Wed 01 Oct 2025 06:30:02 PM PDT - Completed downloading images
~~~~~~~~~~~~~~~~~~~~~~~~~~~~~~~~~~~~~~~~~~~~~~~~~
Wed 01 Oct 2025 07:00:01 PM PDT - Started Downloading images
Wed 01 Oct 2025 07:00:01 PM PDT - Completed downloading images
~~~~~~~~~~~~~~~~~~~~~~~~~~~~~~~~~~~~~~~~~~~~~~~~~
Wed 01 Oct 2025 07:30:01 PM PDT - Started Downloading images
Wed 01 Oct 2025 07:30:02 PM PDT - Completed downloading images
~~~~~~~~~~~~~~~~~~~~~~~~~~~~~~~~~~~~~~~~~~~~~~~~~
Wed 01 Oct 2025 08:00:01 PM PDT - Started Downloading images
Wed 01 Oct 2025 08:00:01 PM PDT - Completed downloading images
~~~~~~~~~~~~~~~~~~~~~~~~~~~~~~~~~~~~~~~~~~~~~~~~~
Wed 01 Oct 2025 08:30:01 PM PDT - Started Downloading images
Wed 01 Oct 2025 08:30:02 PM PDT - Completed downloading images
~~~~~~~~~~~~~~~~~~~~~~~~~~~~~~~~~~~~~~~~~~~~~~~~~
Wed 01 Oct 2025 09:00:01 PM PDT - Started Downloading images
Wed 01 Oct 2025 09:00:01 PM PDT - Completed downloading images
~~~~~~~~~~~~~~~~~~~~~~~~~~~~~~~~~~~~~~~~~~~~~~~~~
Wed 01 Oct 2025 09:30:01 PM PDT - Started Downloading images
Wed 01 Oct 2025 09:30:02 PM PDT - Completed downloading images
~~~~~~~~~~~~~~~~~~~~~~~~~~~~~~~~~~~~~~~~~~~~~~~~~
Wed 01 Oct 2025 10:00:01 PM PDT - Started Downloading images
Wed 01 Oct 2025 10:00:01 PM PDT - Completed downloading images
~~~~~~~~~~~~~~~~~~~~~~~~~~~~~~~~~~~~~~~~~~~~~~~~~
Wed 01 Oct 2025 10:30:01 PM PDT - Started Downloading images
Wed 01 Oct 2025 10:30:02 PM PDT - Completed downloading images
~~~~~~~~~~~~~~~~~~~~~~~~~~~~~~~~~~~~~~~~~~~~~~~~~
Wed 01 Oct 2025 11:00:01 PM PDT - Started Downloading images
Wed 01 Oct 2025 11:00:01 PM PDT - Completed downloading images
~~~~~~~~~~~~~~~~~~~~~~~~~~~~~~~~~~~~~~~~~~~~~~~~~
Wed 01 Oct 2025 11:30:01 PM PDT - Started Downloading images
Wed 01 Oct 2025 11:30:02 PM PDT - Completed downloading images
~~~~~~~~~~~~~~~~~~~~~~~~~~~~~~~~~~~~~~~~~~~~~~~~~
Thu 02 Oct 2025 12:00:01 AM PDT - Started Downloading images
Thu 02 Oct 2025 12:00:01 AM PDT - Completed downloading images
~~~~~~~~~~~~~~~~~~~~~~~~~~~~~~~~~~~~~~~~~~~~~~~~~
Thu 02 Oct 2025 12:30:01 AM PDT - Started Downloading images
Thu 02 Oct 2025 12:30:02 AM PDT - Completed downloading images
~~~~~~~~~~~~~~~~~~~~~~~~~~~~~~~~~~~~~~~~~~~~~~~~~
Thu 02 Oct 2025 01:00:01 AM PDT - Started Downloading images
Thu 02 Oct 2025 01:00:01 AM PDT - Completed downloading images
~~~~~~~~~~~~~~~~~~~~~~~~~~~~~~~~~~~~~~~~~~~~~~~~~
Thu 02 Oct 2025 01:30:01 AM PDT - Started Downloading images
Thu 02 Oct 2025 01:30:02 AM PDT - Completed downloading images
~~~~~~~~~~~~~~~~~~~~~~~~~~~~~~~~~~~~~~~~~~~~~~~~~
Thu 02 Oct 2025 02:00:01 AM PDT - Started Downloading images
Thu 02 Oct 2025 02:00:01 AM PDT - Completed downloading images
~~~~~~~~~~~~~~~~~~~~~~~~~~~~~~~~~~~~~~~~~~~~~~~~~
Thu 02 Oct 2025 02:30:01 AM PDT - Started Downloading images
Thu 02 Oct 2025 02:30:01 AM PDT - Completed downloading images
~~~~~~~~~~~~~~~~~~~~~~~~~~~~~~~~~~~~~~~~~~~~~~~~~
Thu 02 Oct 2025 03:00:01 AM PDT - Started Downloading images
Thu 02 Oct 2025 03:00:02 AM PDT - Completed downloading images
~~~~~~~~~~~~~~~~~~~~~~~~~~~~~~~~~~~~~~~~~~~~~~~~~
Thu 02 Oct 2025 03:30:01 AM PDT - Started Downloading images
Thu 02 Oct 2025 03:30:01 AM PDT - Completed downloading images
~~~~~~~~~~~~~~~~~~~~~~~~~~~~~~~~~~~~~~~~~~~~~~~~~
Thu 02 Oct 2025 04:00:01 AM PDT - Started Downloading images
Thu 02 Oct 2025 04:00:01 AM PDT - Completed downloading images
~~~~~~~~~~~~~~~~~~~~~~~~~~~~~~~~~~~~~~~~~~~~~~~~~
Thu 02 Oct 2025 04:30:01 AM PDT - Started Downloading images
Thu 02 Oct 2025 04:30:02 AM PDT - Completed downloading images
~~~~~~~~~~~~~~~~~~~~~~~~~~~~~~~~~~~~~~~~~~~~~~~~~
Thu 02 Oct 2025 05:00:01 AM PDT - Started Downloading images
Thu 02 Oct 2025 05:00:01 AM PDT - Completed downloading images
~~~~~~~~~~~~~~~~~~~~~~~~~~~~~~~~~~~~~~~~~~~~~~~~~
Thu 02 Oct 2025 05:30:01 AM PDT - Started Downloading images
Thu 02 Oct 2025 05:30:02 AM PDT - Completed downloading images
~~~~~~~~~~~~~~~~~~~~~~~~~~~~~~~~~~~~~~~~~~~~~~~~~
Thu 02 Oct 2025 06:00:01 AM PDT - Started Downloading images
Thu 02 Oct 2025 06:00:01 AM PDT - Completed downloading images
~~~~~~~~~~~~~~~~~~~~~~~~~~~~~~~~~~~~~~~~~~~~~~~~~
Thu 02 Oct 2025 06:30:01 AM PDT - Started Downloading images
Thu 02 Oct 2025 06:30:01 AM PDT - Completed downloading images
~~~~~~~~~~~~~~~~~~~~~~~~~~~~~~~~~~~~~~~~~~~~~~~~~
Thu 02 Oct 2025 07:00:01 AM PDT - Started Downloading images
Thu 02 Oct 2025 07:00:02 AM PDT - Completed downloading images
~~~~~~~~~~~~~~~~~~~~~~~~~~~~~~~~~~~~~~~~~~~~~~~~~
Thu 02 Oct 2025 07:30:01 AM PDT - Started Downloading images
Thu 02 Oct 2025 07:30:01 AM PDT - Completed downloading images
~~~~~~~~~~~~~~~~~~~~~~~~~~~~~~~~~~~~~~~~~~~~~~~~~
Thu 02 Oct 2025 08:00:01 AM PDT - Started Downloading images
Thu 02 Oct 2025 08:00:02 AM PDT - Completed downloading images
~~~~~~~~~~~~~~~~~~~~~~~~~~~~~~~~~~~~~~~~~~~~~~~~~
Thu 02 Oct 2025 08:30:01 AM PDT - Started Downloading images
Thu 02 Oct 2025 08:30:01 AM PDT - Completed downloading images
~~~~~~~~~~~~~~~~~~~~~~~~~~~~~~~~~~~~~~~~~~~~~~~~~
Thu 02 Oct 2025 09:00:01 AM PDT - Started Downloading images
Thu 02 Oct 2025 09:00:02 AM PDT - Completed downloading images
~~~~~~~~~~~~~~~~~~~~~~~~~~~~~~~~~~~~~~~~~~~~~~~~~
Thu 02 Oct 2025 09:30:01 AM PDT - Started Downloading images
Thu 02 Oct 2025 09:30:01 AM PDT - Completed downloading images
~~~~~~~~~~~~~~~~~~~~~~~~~~~~~~~~~~~~~~~~~~~~~~~~~
Thu 02 Oct 2025 10:00:01 AM PDT - Started Downloading images
Thu 02 Oct 2025 10:00:02 AM PDT - Completed downloading images
~~~~~~~~~~~~~~~~~~~~~~~~~~~~~~~~~~~~~~~~~~~~~~~~~
Thu 02 Oct 2025 10:30:01 AM PDT - Started Downloading images
Thu 02 Oct 2025 10:30:01 AM PDT - Completed downloading images
~~~~~~~~~~~~~~~~~~~~~~~~~~~~~~~~~~~~~~~~~~~~~~~~~
Thu 02 Oct 2025 11:00:01 AM PDT - Started Downloading images
Thu 02 Oct 2025 11:00:02 AM PDT - Completed downloading images
~~~~~~~~~~~~~~~~~~~~~~~~~~~~~~~~~~~~~~~~~~~~~~~~~
Thu 02 Oct 2025 11:30:01 AM PDT - Started Downloading images
Thu 02 Oct 2025 11:30:01 AM PDT - Completed downloading images
~~~~~~~~~~~~~~~~~~~~~~~~~~~~~~~~~~~~~~~~~~~~~~~~~
Thu 02 Oct 2025 12:00:01 PM PDT - Started Downloading images
Thu 02 Oct 2025 12:00:02 PM PDT - Completed downloading images
~~~~~~~~~~~~~~~~~~~~~~~~~~~~~~~~~~~~~~~~~~~~~~~~~
Thu 02 Oct 2025 12:30:01 PM PDT - Started Downloading images
Thu 02 Oct 2025 12:30:01 PM PDT - Completed downloading images
~~~~~~~~~~~~~~~~~~~~~~~~~~~~~~~~~~~~~~~~~~~~~~~~~
Thu 02 Oct 2025 01:00:01 PM PDT - Started Downloading images
Thu 02 Oct 2025 01:00:02 PM PDT - Completed downloading images
~~~~~~~~~~~~~~~~~~~~~~~~~~~~~~~~~~~~~~~~~~~~~~~~~
Thu 02 Oct 2025 01:30:01 PM PDT - Started Downloading images
Thu 02 Oct 2025 01:30:01 PM PDT - Completed downloading images
~~~~~~~~~~~~~~~~~~~~~~~~~~~~~~~~~~~~~~~~~~~~~~~~~
Thu 02 Oct 2025 02:00:01 PM PDT - Started Downloading images
Thu 02 Oct 2025 02:00:02 PM PDT - Completed downloading images
~~~~~~~~~~~~~~~~~~~~~~~~~~~~~~~~~~~~~~~~~~~~~~~~~
Thu 02 Oct 2025 02:30:01 PM PDT - Started Downloading images
Thu 02 Oct 2025 02:30:02 PM PDT - Completed downloading images
~~~~~~~~~~~~~~~~~~~~~~~~~~~~~~~~~~~~~~~~~~~~~~~~~
Thu 02 Oct 2025 03:00:01 PM PDT - Started Downloading images
Thu 02 Oct 2025 03:00:01 PM PDT - Completed downloading images
~~~~~~~~~~~~~~~~~~~~~~~~~~~~~~~~~~~~~~~~~~~~~~~~~
Thu 02 Oct 2025 03:30:01 PM PDT - Started Downloading images
Thu 02 Oct 2025 03:30:02 PM PDT - Completed downloading images
~~~~~~~~~~~~~~~~~~~~~~~~~~~~~~~~~~~~~~~~~~~~~~~~~
Thu 02 Oct 2025 04:00:01 PM PDT - Started Downloading images
Thu 02 Oct 2025 04:00:01 PM PDT - Completed downloading images
~~~~~~~~~~~~~~~~~~~~~~~~~~~~~~~~~~~~~~~~~~~~~~~~~
Thu 02 Oct 2025 04:30:01 PM PDT - Started Downloading images
Thu 02 Oct 2025 04:30:02 PM PDT - Completed downloading images
~~~~~~~~~~~~~~~~~~~~~~~~~~~~~~~~~~~~~~~~~~~~~~~~~
Thu 02 Oct 2025 05:00:01 PM PDT - Started Downloading images
Thu 02 Oct 2025 05:00:01 PM PDT - Completed downloading images
~~~~~~~~~~~~~~~~~~~~~~~~~~~~~~~~~~~~~~~~~~~~~~~~~
Thu 02 Oct 2025 05:30:01 PM PDT - Started Downloading images
Thu 02 Oct 2025 05:30:02 PM PDT - Completed downloading images
~~~~~~~~~~~~~~~~~~~~~~~~~~~~~~~~~~~~~~~~~~~~~~~~~
Thu 02 Oct 2025 06:00:01 PM PDT - Started Downloading images
Thu 02 Oct 2025 06:00:01 PM PDT - Completed downloading images
~~~~~~~~~~~~~~~~~~~~~~~~~~~~~~~~~~~~~~~~~~~~~~~~~
Thu 02 Oct 2025 06:30:01 PM PDT - Started Downloading images
Thu 02 Oct 2025 06:30:02 PM PDT - Completed downloading images
~~~~~~~~~~~~~~~~~~~~~~~~~~~~~~~~~~~~~~~~~~~~~~~~~
Thu 02 Oct 2025 07:00:01 PM PDT - Started Downloading images
Thu 02 Oct 2025 07:00:01 PM PDT - Completed downloading images
~~~~~~~~~~~~~~~~~~~~~~~~~~~~~~~~~~~~~~~~~~~~~~~~~
Thu 02 Oct 2025 07:30:01 PM PDT - Started Downloading images
Thu 02 Oct 2025 07:30:02 PM PDT - Completed downloading images
~~~~~~~~~~~~~~~~~~~~~~~~~~~~~~~~~~~~~~~~~~~~~~~~~
Thu 02 Oct 2025 08:00:01 PM PDT - Started Downloading images
Thu 02 Oct 2025 08:00:01 PM PDT - Completed downloading images
~~~~~~~~~~~~~~~~~~~~~~~~~~~~~~~~~~~~~~~~~~~~~~~~~
Thu 02 Oct 2025 08:30:01 PM PDT - Started Downloading images
Thu 02 Oct 2025 08:30:01 PM PDT - Completed downloading images
~~~~~~~~~~~~~~~~~~~~~~~~~~~~~~~~~~~~~~~~~~~~~~~~~
Thu 02 Oct 2025 09:00:01 PM PDT - Started Downloading images
Thu 02 Oct 2025 09:00:02 PM PDT - Completed downloading images
~~~~~~~~~~~~~~~~~~~~~~~~~~~~~~~~~~~~~~~~~~~~~~~~~
Thu 02 Oct 2025 09:30:01 PM PDT - Started Downloading images
Thu 02 Oct 2025 09:30:01 PM PDT - Completed downloading images
~~~~~~~~~~~~~~~~~~~~~~~~~~~~~~~~~~~~~~~~~~~~~~~~~
Thu 02 Oct 2025 10:00:01 PM PDT - Started Downloading images
Thu 02 Oct 2025 10:00:02 PM PDT - Completed downloading images
~~~~~~~~~~~~~~~~~~~~~~~~~~~~~~~~~~~~~~~~~~~~~~~~~
Thu 02 Oct 2025 10:30:01 PM PDT - Started Downloading images
Thu 02 Oct 2025 10:30:01 PM PDT - Completed downloading images
~~~~~~~~~~~~~~~~~~~~~~~~~~~~~~~~~~~~~~~~~~~~~~~~~
Thu 02 Oct 2025 11:00:01 PM PDT - Started Downloading images
Thu 02 Oct 2025 11:00:02 PM PDT - Completed downloading images
~~~~~~~~~~~~~~~~~~~~~~~~~~~~~~~~~~~~~~~~~~~~~~~~~
Thu 02 Oct 2025 11:30:01 PM PDT - Started Downloading images
Thu 02 Oct 2025 11:30:01 PM PDT - Completed downloading images
~~~~~~~~~~~~~~~~~~~~~~~~~~~~~~~~~~~~~~~~~~~~~~~~~
Fri 03 Oct 2025 12:00:02 AM PDT - Started Downloading images
Fri 03 Oct 2025 12:00:02 AM PDT - Completed downloading images
~~~~~~~~~~~~~~~~~~~~~~~~~~~~~~~~~~~~~~~~~~~~~~~~~
Fri 03 Oct 2025 12:30:01 AM PDT - Started Downloading images
Fri 03 Oct 2025 12:30:01 AM PDT - Completed downloading images
~~~~~~~~~~~~~~~~~~~~~~~~~~~~~~~~~~~~~~~~~~~~~~~~~
Fri 03 Oct 2025 01:00:01 AM PDT - Started Downloading images
Fri 03 Oct 2025 01:00:01 AM PDT - Completed downloading images
~~~~~~~~~~~~~~~~~~~~~~~~~~~~~~~~~~~~~~~~~~~~~~~~~
Fri 03 Oct 2025 01:30:01 AM PDT - Started Downloading images
Fri 03 Oct 2025 01:30:02 AM PDT - Completed downloading images
~~~~~~~~~~~~~~~~~~~~~~~~~~~~~~~~~~~~~~~~~~~~~~~~~
Fri 03 Oct 2025 02:00:01 AM PDT - Started Downloading images
Fri 03 Oct 2025 02:00:01 AM PDT - Completed downloading images
~~~~~~~~~~~~~~~~~~~~~~~~~~~~~~~~~~~~~~~~~~~~~~~~~
Fri 03 Oct 2025 02:30:01 AM PDT - Started Downloading images
Fri 03 Oct 2025 02:30:02 AM PDT - Completed downloading images
~~~~~~~~~~~~~~~~~~~~~~~~~~~~~~~~~~~~~~~~~~~~~~~~~
Fri 03 Oct 2025 03:00:01 AM PDT - Started Downloading images
Fri 03 Oct 2025 03:00:01 AM PDT - Completed downloading images
~~~~~~~~~~~~~~~~~~~~~~~~~~~~~~~~~~~~~~~~~~~~~~~~~
Fri 03 Oct 2025 03:30:01 AM PDT - Started Downloading images
Fri 03 Oct 2025 03:30:02 AM PDT - Completed downloading images
~~~~~~~~~~~~~~~~~~~~~~~~~~~~~~~~~~~~~~~~~~~~~~~~~
Fri 03 Oct 2025 04:00:01 AM PDT - Started Downloading images
Fri 03 Oct 2025 04:00:01 AM PDT - Completed downloading images
~~~~~~~~~~~~~~~~~~~~~~~~~~~~~~~~~~~~~~~~~~~~~~~~~
Fri 03 Oct 2025 04:30:01 AM PDT - Started Downloading images
Fri 03 Oct 2025 04:30:02 AM PDT - Completed downloading images
~~~~~~~~~~~~~~~~~~~~~~~~~~~~~~~~~~~~~~~~~~~~~~~~~
Fri 03 Oct 2025 05:00:01 AM PDT - Started Downloading images
Fri 03 Oct 2025 05:00:01 AM PDT - Completed downloading images
~~~~~~~~~~~~~~~~~~~~~~~~~~~~~~~~~~~~~~~~~~~~~~~~~
Fri 03 Oct 2025 05:30:01 AM PDT - Started Downloading images
Fri 03 Oct 2025 05:30:02 AM PDT - Completed downloading images
~~~~~~~~~~~~~~~~~~~~~~~~~~~~~~~~~~~~~~~~~~~~~~~~~
Fri 03 Oct 2025 06:00:01 AM PDT - Started Downloading images
Fri 03 Oct 2025 06:00:01 AM PDT - Completed downloading images
~~~~~~~~~~~~~~~~~~~~~~~~~~~~~~~~~~~~~~~~~~~~~~~~~
Fri 03 Oct 2025 06:30:01 AM PDT - Started Downloading images
Fri 03 Oct 2025 06:30:01 AM PDT - Completed downloading images
~~~~~~~~~~~~~~~~~~~~~~~~~~~~~~~~~~~~~~~~~~~~~~~~~
Fri 03 Oct 2025 07:00:01 AM PDT - Started Downloading images
Fri 03 Oct 2025 07:00:02 AM PDT - Completed downloading images
~~~~~~~~~~~~~~~~~~~~~~~~~~~~~~~~~~~~~~~~~~~~~~~~~
Fri 03 Oct 2025 07:30:01 AM PDT - Started Downloading images
Fri 03 Oct 2025 07:30:01 AM PDT - Completed downloading images
~~~~~~~~~~~~~~~~~~~~~~~~~~~~~~~~~~~~~~~~~~~~~~~~~
Fri 03 Oct 2025 08:00:01 AM PDT - Started Downloading images
Fri 03 Oct 2025 08:00:02 AM PDT - Completed downloading images
~~~~~~~~~~~~~~~~~~~~~~~~~~~~~~~~~~~~~~~~~~~~~~~~~
Fri 03 Oct 2025 08:30:01 AM PDT - Started Downloading images
Fri 03 Oct 2025 08:30:01 AM PDT - Completed downloading images
~~~~~~~~~~~~~~~~~~~~~~~~~~~~~~~~~~~~~~~~~~~~~~~~~
Fri 03 Oct 2025 09:00:01 AM PDT - Started Downloading images
Fri 03 Oct 2025 09:00:02 AM PDT - Completed downloading images
~~~~~~~~~~~~~~~~~~~~~~~~~~~~~~~~~~~~~~~~~~~~~~~~~
Fri 03 Oct 2025 09:30:01 AM PDT - Started Downloading images
Fri 03 Oct 2025 09:30:01 AM PDT - Completed downloading images
~~~~~~~~~~~~~~~~~~~~~~~~~~~~~~~~~~~~~~~~~~~~~~~~~
Fri 03 Oct 2025 10:00:01 AM PDT - Started Downloading images
Fri 03 Oct 2025 10:00:02 AM PDT - Completed downloading images
~~~~~~~~~~~~~~~~~~~~~~~~~~~~~~~~~~~~~~~~~~~~~~~~~
Fri 03 Oct 2025 10:30:01 AM PDT - Started Downloading images
Fri 03 Oct 2025 10:30:01 AM PDT - Completed downloading images
~~~~~~~~~~~~~~~~~~~~~~~~~~~~~~~~~~~~~~~~~~~~~~~~~
Fri 03 Oct 2025 11:00:01 AM PDT - Started Downloading images
Fri 03 Oct 2025 11:00:02 AM PDT - Completed downloading images
~~~~~~~~~~~~~~~~~~~~~~~~~~~~~~~~~~~~~~~~~~~~~~~~~
Fri 03 Oct 2025 11:30:01 AM PDT - Started Downloading images
Fri 03 Oct 2025 11:30:01 AM PDT - Completed downloading images
~~~~~~~~~~~~~~~~~~~~~~~~~~~~~~~~~~~~~~~~~~~~~~~~~
Fri 03 Oct 2025 12:00:01 PM PDT - Started Downloading images
Fri 03 Oct 2025 12:00:02 PM PDT - Completed downloading images
~~~~~~~~~~~~~~~~~~~~~~~~~~~~~~~~~~~~~~~~~~~~~~~~~
Fri 03 Oct 2025 12:30:01 PM PDT - Started Downloading images
Fri 03 Oct 2025 12:30:01 PM PDT - Completed downloading images
~~~~~~~~~~~~~~~~~~~~~~~~~~~~~~~~~~~~~~~~~~~~~~~~~
Fri 03 Oct 2025 01:00:01 PM PDT - Started Downloading images
Fri 03 Oct 2025 01:00:01 PM PDT - Completed downloading images
~~~~~~~~~~~~~~~~~~~~~~~~~~~~~~~~~~~~~~~~~~~~~~~~~
Fri 03 Oct 2025 01:30:01 PM PDT - Started Downloading images
Fri 03 Oct 2025 01:30:02 PM PDT - Completed downloading images
~~~~~~~~~~~~~~~~~~~~~~~~~~~~~~~~~~~~~~~~~~~~~~~~~
Fri 03 Oct 2025 02:00:01 PM PDT - Started Downloading images
Fri 03 Oct 2025 02:00:01 PM PDT - Completed downloading images
~~~~~~~~~~~~~~~~~~~~~~~~~~~~~~~~~~~~~~~~~~~~~~~~~
Fri 03 Oct 2025 02:30:01 PM PDT - Started Downloading images
Fri 03 Oct 2025 02:30:02 PM PDT - Completed downloading images
~~~~~~~~~~~~~~~~~~~~~~~~~~~~~~~~~~~~~~~~~~~~~~~~~
Fri 03 Oct 2025 03:00:01 PM PDT - Started Downloading images
Fri 03 Oct 2025 03:00:01 PM PDT - Completed downloading images
~~~~~~~~~~~~~~~~~~~~~~~~~~~~~~~~~~~~~~~~~~~~~~~~~
Fri 03 Oct 2025 03:30:01 PM PDT - Started Downloading images
Fri 03 Oct 2025 03:30:02 PM PDT - Completed downloading images
~~~~~~~~~~~~~~~~~~~~~~~~~~~~~~~~~~~~~~~~~~~~~~~~~
Fri 03 Oct 2025 04:00:01 PM PDT - Started Downloading images
Fri 03 Oct 2025 04:00:01 PM PDT - Completed downloading images
~~~~~~~~~~~~~~~~~~~~~~~~~~~~~~~~~~~~~~~~~~~~~~~~~
Fri 03 Oct 2025 04:30:01 PM PDT - Started Downloading images
Fri 03 Oct 2025 04:30:02 PM PDT - Completed downloading images
~~~~~~~~~~~~~~~~~~~~~~~~~~~~~~~~~~~~~~~~~~~~~~~~~
Fri 03 Oct 2025 05:00:01 PM PDT - Started Downloading images
Fri 03 Oct 2025 05:00:01 PM PDT - Completed downloading images
~~~~~~~~~~~~~~~~~~~~~~~~~~~~~~~~~~~~~~~~~~~~~~~~~
Fri 03 Oct 2025 05:30:01 PM PDT - Started Downloading images
Fri 03 Oct 2025 05:30:02 PM PDT - Completed downloading images
~~~~~~~~~~~~~~~~~~~~~~~~~~~~~~~~~~~~~~~~~~~~~~~~~
Fri 03 Oct 2025 06:00:01 PM PDT - Started Downloading images
Fri 03 Oct 2025 06:00:01 PM PDT - Completed downloading images
~~~~~~~~~~~~~~~~~~~~~~~~~~~~~~~~~~~~~~~~~~~~~~~~~
Fri 03 Oct 2025 06:30:01 PM PDT - Started Downloading images
Fri 03 Oct 2025 06:30:02 PM PDT - Completed downloading images
~~~~~~~~~~~~~~~~~~~~~~~~~~~~~~~~~~~~~~~~~~~~~~~~~
Fri 03 Oct 2025 07:00:01 PM PDT - Started Downloading images
Fri 03 Oct 2025 07:00:01 PM PDT - Completed downloading images
~~~~~~~~~~~~~~~~~~~~~~~~~~~~~~~~~~~~~~~~~~~~~~~~~
Fri 03 Oct 2025 07:30:01 PM PDT - Started Downloading images
Fri 03 Oct 2025 07:30:01 PM PDT - Completed downloading images
~~~~~~~~~~~~~~~~~~~~~~~~~~~~~~~~~~~~~~~~~~~~~~~~~
Fri 03 Oct 2025 08:00:01 PM PDT - Started Downloading images
Fri 03 Oct 2025 08:00:02 PM PDT - Completed downloading images
~~~~~~~~~~~~~~~~~~~~~~~~~~~~~~~~~~~~~~~~~~~~~~~~~
Fri 03 Oct 2025 08:30:01 PM PDT - Started Downloading images
Fri 03 Oct 2025 08:30:01 PM PDT - Completed downloading images
~~~~~~~~~~~~~~~~~~~~~~~~~~~~~~~~~~~~~~~~~~~~~~~~~
Fri 03 Oct 2025 09:00:01 PM PDT - Started Downloading images
Fri 03 Oct 2025 09:00:02 PM PDT - Completed downloading images
~~~~~~~~~~~~~~~~~~~~~~~~~~~~~~~~~~~~~~~~~~~~~~~~~
Fri 03 Oct 2025 09:30:01 PM PDT - Started Downloading images
Fri 03 Oct 2025 09:30:01 PM PDT - Completed downloading images
~~~~~~~~~~~~~~~~~~~~~~~~~~~~~~~~~~~~~~~~~~~~~~~~~
Fri 03 Oct 2025 10:00:01 PM PDT - Started Downloading images
Fri 03 Oct 2025 10:00:02 PM PDT - Completed downloading images
~~~~~~~~~~~~~~~~~~~~~~~~~~~~~~~~~~~~~~~~~~~~~~~~~
Fri 03 Oct 2025 10:30:01 PM PDT - Started Downloading images
Fri 03 Oct 2025 10:30:01 PM PDT - Completed downloading images
~~~~~~~~~~~~~~~~~~~~~~~~~~~~~~~~~~~~~~~~~~~~~~~~~
Fri 03 Oct 2025 11:00:01 PM PDT - Started Downloading images
Fri 03 Oct 2025 11:00:02 PM PDT - Completed downloading images
~~~~~~~~~~~~~~~~~~~~~~~~~~~~~~~~~~~~~~~~~~~~~~~~~
Fri 03 Oct 2025 11:30:01 PM PDT - Started Downloading images
Fri 03 Oct 2025 11:30:01 PM PDT - Completed downloading images
~~~~~~~~~~~~~~~~~~~~~~~~~~~~~~~~~~~~~~~~~~~~~~~~~
Sat 04 Oct 2025 12:00:02 AM PDT - Started Downloading images
Sat 04 Oct 2025 12:00:02 AM PDT - Completed downloading images
~~~~~~~~~~~~~~~~~~~~~~~~~~~~~~~~~~~~~~~~~~~~~~~~~
Sat 04 Oct 2025 12:30:01 AM PDT - Started Downloading images
Sat 04 Oct 2025 12:30:01 AM PDT - Completed downloading images
~~~~~~~~~~~~~~~~~~~~~~~~~~~~~~~~~~~~~~~~~~~~~~~~~
Sat 04 Oct 2025 01:00:01 AM PDT - Started Downloading images
Sat 04 Oct 2025 01:00:01 AM PDT - Completed downloading images
~~~~~~~~~~~~~~~~~~~~~~~~~~~~~~~~~~~~~~~~~~~~~~~~~
Sat 04 Oct 2025 01:30:01 AM PDT - Started Downloading images
Sat 04 Oct 2025 01:30:02 AM PDT - Completed downloading images
~~~~~~~~~~~~~~~~~~~~~~~~~~~~~~~~~~~~~~~~~~~~~~~~~
Sat 04 Oct 2025 02:00:01 AM PDT - Started Downloading images
Sat 04 Oct 2025 02:00:01 AM PDT - Completed downloading images
~~~~~~~~~~~~~~~~~~~~~~~~~~~~~~~~~~~~~~~~~~~~~~~~~
Sat 04 Oct 2025 02:30:01 AM PDT - Started Downloading images
Sat 04 Oct 2025 02:30:02 AM PDT - Completed downloading images
~~~~~~~~~~~~~~~~~~~~~~~~~~~~~~~~~~~~~~~~~~~~~~~~~
Sat 04 Oct 2025 03:00:01 AM PDT - Started Downloading images
Sat 04 Oct 2025 03:00:01 AM PDT - Completed downloading images
~~~~~~~~~~~~~~~~~~~~~~~~~~~~~~~~~~~~~~~~~~~~~~~~~
Sat 04 Oct 2025 03:30:01 AM PDT - Started Downloading images
Sat 04 Oct 2025 03:30:02 AM PDT - Completed downloading images
~~~~~~~~~~~~~~~~~~~~~~~~~~~~~~~~~~~~~~~~~~~~~~~~~
Sat 04 Oct 2025 04:00:01 AM PDT - Started Downloading images
Sat 04 Oct 2025 04:00:02 AM PDT - Completed downloading images
~~~~~~~~~~~~~~~~~~~~~~~~~~~~~~~~~~~~~~~~~~~~~~~~~
Sat 04 Oct 2025 04:30:01 AM PDT - Started Downloading images
Sat 04 Oct 2025 04:30:01 AM PDT - Completed downloading images
~~~~~~~~~~~~~~~~~~~~~~~~~~~~~~~~~~~~~~~~~~~~~~~~~
Sat 04 Oct 2025 05:00:01 AM PDT - Started Downloading images
Sat 04 Oct 2025 05:00:02 AM PDT - Completed downloading images
~~~~~~~~~~~~~~~~~~~~~~~~~~~~~~~~~~~~~~~~~~~~~~~~~
Sat 04 Oct 2025 05:30:01 AM PDT - Started Downloading images
Sat 04 Oct 2025 05:30:01 AM PDT - Completed downloading images
~~~~~~~~~~~~~~~~~~~~~~~~~~~~~~~~~~~~~~~~~~~~~~~~~
Sat 04 Oct 2025 06:00:01 AM PDT - Started Downloading images
Sat 04 Oct 2025 06:00:02 AM PDT - Completed downloading images
~~~~~~~~~~~~~~~~~~~~~~~~~~~~~~~~~~~~~~~~~~~~~~~~~
Sat 04 Oct 2025 06:30:01 AM PDT - Started Downloading images
Sat 04 Oct 2025 06:30:02 AM PDT - Completed downloading images
~~~~~~~~~~~~~~~~~~~~~~~~~~~~~~~~~~~~~~~~~~~~~~~~~
Sat 04 Oct 2025 07:00:01 AM PDT - Started Downloading images
Sat 04 Oct 2025 07:00:01 AM PDT - Completed downloading images
~~~~~~~~~~~~~~~~~~~~~~~~~~~~~~~~~~~~~~~~~~~~~~~~~
Sat 04 Oct 2025 07:30:01 AM PDT - Started Downloading images
Sat 04 Oct 2025 07:30:02 AM PDT - Completed downloading images
~~~~~~~~~~~~~~~~~~~~~~~~~~~~~~~~~~~~~~~~~~~~~~~~~
Sat 04 Oct 2025 08:00:01 AM PDT - Started Downloading images
Sat 04 Oct 2025 08:00:01 AM PDT - Completed downloading images
~~~~~~~~~~~~~~~~~~~~~~~~~~~~~~~~~~~~~~~~~~~~~~~~~
Sat 04 Oct 2025 08:30:01 AM PDT - Started Downloading images
Sat 04 Oct 2025 08:30:02 AM PDT - Completed downloading images
~~~~~~~~~~~~~~~~~~~~~~~~~~~~~~~~~~~~~~~~~~~~~~~~~
Sat 04 Oct 2025 09:00:01 AM PDT - Started Downloading images
Sat 04 Oct 2025 09:00:01 AM PDT - Completed downloading images
~~~~~~~~~~~~~~~~~~~~~~~~~~~~~~~~~~~~~~~~~~~~~~~~~
Sat 04 Oct 2025 09:30:01 AM PDT - Started Downloading images
Sat 04 Oct 2025 09:30:02 AM PDT - Completed downloading images
~~~~~~~~~~~~~~~~~~~~~~~~~~~~~~~~~~~~~~~~~~~~~~~~~
Sat 04 Oct 2025 10:00:01 AM PDT - Started Downloading images
Sat 04 Oct 2025 10:00:01 AM PDT - Completed downloading images
~~~~~~~~~~~~~~~~~~~~~~~~~~~~~~~~~~~~~~~~~~~~~~~~~
Sat 04 Oct 2025 10:30:01 AM PDT - Started Downloading images
Sat 04 Oct 2025 10:30:02 AM PDT - Completed downloading images
~~~~~~~~~~~~~~~~~~~~~~~~~~~~~~~~~~~~~~~~~~~~~~~~~
Sat 04 Oct 2025 11:00:01 AM PDT - Started Downloading images
Sat 04 Oct 2025 11:00:01 AM PDT - Completed downloading images
~~~~~~~~~~~~~~~~~~~~~~~~~~~~~~~~~~~~~~~~~~~~~~~~~
Sat 04 Oct 2025 11:30:01 AM PDT - Started Downloading images
Sat 04 Oct 2025 11:30:02 AM PDT - Completed downloading images
~~~~~~~~~~~~~~~~~~~~~~~~~~~~~~~~~~~~~~~~~~~~~~~~~
Sat 04 Oct 2025 12:00:01 PM PDT - Started Downloading images
Sat 04 Oct 2025 12:00:01 PM PDT - Completed downloading images
~~~~~~~~~~~~~~~~~~~~~~~~~~~~~~~~~~~~~~~~~~~~~~~~~
Sat 04 Oct 2025 12:30:01 PM PDT - Started Downloading images
Sat 04 Oct 2025 12:30:02 PM PDT - Completed downloading images
~~~~~~~~~~~~~~~~~~~~~~~~~~~~~~~~~~~~~~~~~~~~~~~~~
Sat 04 Oct 2025 01:00:01 PM PDT - Started Downloading images
Sat 04 Oct 2025 01:00:01 PM PDT - Completed downloading images
~~~~~~~~~~~~~~~~~~~~~~~~~~~~~~~~~~~~~~~~~~~~~~~~~
Sat 04 Oct 2025 01:30:01 PM PDT - Started Downloading images
Sat 04 Oct 2025 01:30:02 PM PDT - Completed downloading images
~~~~~~~~~~~~~~~~~~~~~~~~~~~~~~~~~~~~~~~~~~~~~~~~~
Sat 04 Oct 2025 02:00:01 PM PDT - Started Downloading images
Sat 04 Oct 2025 02:00:01 PM PDT - Completed downloading images
~~~~~~~~~~~~~~~~~~~~~~~~~~~~~~~~~~~~~~~~~~~~~~~~~
Sat 04 Oct 2025 02:30:01 PM PDT - Started Downloading images
Sat 04 Oct 2025 02:30:02 PM PDT - Completed downloading images
~~~~~~~~~~~~~~~~~~~~~~~~~~~~~~~~~~~~~~~~~~~~~~~~~
Sat 04 Oct 2025 03:00:01 PM PDT - Started Downloading images
Sat 04 Oct 2025 03:00:02 PM PDT - Completed downloading images
~~~~~~~~~~~~~~~~~~~~~~~~~~~~~~~~~~~~~~~~~~~~~~~~~
Sat 04 Oct 2025 03:30:01 PM PDT - Started Downloading images
Sat 04 Oct 2025 03:30:01 PM PDT - Completed downloading images
~~~~~~~~~~~~~~~~~~~~~~~~~~~~~~~~~~~~~~~~~~~~~~~~~
Sat 04 Oct 2025 04:00:01 PM PDT - Started Downloading images
Sat 04 Oct 2025 04:00:02 PM PDT - Completed downloading images
~~~~~~~~~~~~~~~~~~~~~~~~~~~~~~~~~~~~~~~~~~~~~~~~~
Sat 04 Oct 2025 04:30:01 PM PDT - Started Downloading images
Sat 04 Oct 2025 04:30:01 PM PDT - Completed downloading images
~~~~~~~~~~~~~~~~~~~~~~~~~~~~~~~~~~~~~~~~~~~~~~~~~
Sat 04 Oct 2025 05:00:01 PM PDT - Started Downloading images
Sat 04 Oct 2025 05:00:02 PM PDT - Completed downloading images
~~~~~~~~~~~~~~~~~~~~~~~~~~~~~~~~~~~~~~~~~~~~~~~~~
Sat 04 Oct 2025 05:30:01 PM PDT - Started Downloading images
Sat 04 Oct 2025 05:30:01 PM PDT - Completed downloading images
~~~~~~~~~~~~~~~~~~~~~~~~~~~~~~~~~~~~~~~~~~~~~~~~~
Sat 04 Oct 2025 06:00:01 PM PDT - Started Downloading images
Sat 04 Oct 2025 06:00:02 PM PDT - Completed downloading images
~~~~~~~~~~~~~~~~~~~~~~~~~~~~~~~~~~~~~~~~~~~~~~~~~
Sat 04 Oct 2025 06:30:01 PM PDT - Started Downloading images
Sat 04 Oct 2025 06:30:01 PM PDT - Completed downloading images
~~~~~~~~~~~~~~~~~~~~~~~~~~~~~~~~~~~~~~~~~~~~~~~~~
Sat 04 Oct 2025 07:00:01 PM PDT - Started Downloading images
Sat 04 Oct 2025 07:00:02 PM PDT - Completed downloading images
~~~~~~~~~~~~~~~~~~~~~~~~~~~~~~~~~~~~~~~~~~~~~~~~~
Sat 04 Oct 2025 07:30:01 PM PDT - Started Downloading images
Sat 04 Oct 2025 07:30:01 PM PDT - Completed downloading images
~~~~~~~~~~~~~~~~~~~~~~~~~~~~~~~~~~~~~~~~~~~~~~~~~
Sat 04 Oct 2025 08:00:01 PM PDT - Started Downloading images
Sat 04 Oct 2025 08:00:02 PM PDT - Completed downloading images
~~~~~~~~~~~~~~~~~~~~~~~~~~~~~~~~~~~~~~~~~~~~~~~~~
Sat 04 Oct 2025 08:30:01 PM PDT - Started Downloading images
Sat 04 Oct 2025 08:30:02 PM PDT - Completed downloading images
~~~~~~~~~~~~~~~~~~~~~~~~~~~~~~~~~~~~~~~~~~~~~~~~~
Sat 04 Oct 2025 09:00:01 PM PDT - Started Downloading images
Sat 04 Oct 2025 09:00:01 PM PDT - Completed downloading images
~~~~~~~~~~~~~~~~~~~~~~~~~~~~~~~~~~~~~~~~~~~~~~~~~
Sat 04 Oct 2025 09:30:01 PM PDT - Started Downloading images
Sat 04 Oct 2025 09:30:01 PM PDT - Completed downloading images
~~~~~~~~~~~~~~~~~~~~~~~~~~~~~~~~~~~~~~~~~~~~~~~~~
Sat 04 Oct 2025 10:00:01 PM PDT - Started Downloading images
Sat 04 Oct 2025 10:00:02 PM PDT - Completed downloading images
~~~~~~~~~~~~~~~~~~~~~~~~~~~~~~~~~~~~~~~~~~~~~~~~~
Sat 04 Oct 2025 10:30:01 PM PDT - Started Downloading images
Sat 04 Oct 2025 10:30:01 PM PDT - Completed downloading images
~~~~~~~~~~~~~~~~~~~~~~~~~~~~~~~~~~~~~~~~~~~~~~~~~
Sat 04 Oct 2025 11:00:01 PM PDT - Started Downloading images
Sat 04 Oct 2025 11:00:02 PM PDT - Completed downloading images
~~~~~~~~~~~~~~~~~~~~~~~~~~~~~~~~~~~~~~~~~~~~~~~~~
Sat 04 Oct 2025 11:30:01 PM PDT - Started Downloading images
Sat 04 Oct 2025 11:30:01 PM PDT - Completed downloading images
~~~~~~~~~~~~~~~~~~~~~~~~~~~~~~~~~~~~~~~~~~~~~~~~~
Sun 05 Oct 2025 12:00:01 AM PDT - Started Downloading images
Sun 05 Oct 2025 12:00:02 AM PDT - Completed downloading images
~~~~~~~~~~~~~~~~~~~~~~~~~~~~~~~~~~~~~~~~~~~~~~~~~
Sun 05 Oct 2025 12:30:01 AM PDT - Started Downloading images
Sun 05 Oct 2025 12:30:01 AM PDT - Completed downloading images
~~~~~~~~~~~~~~~~~~~~~~~~~~~~~~~~~~~~~~~~~~~~~~~~~
Sun 05 Oct 2025 01:00:01 AM PDT - Started Downloading images
Sun 05 Oct 2025 01:00:02 AM PDT - Completed downloading images
~~~~~~~~~~~~~~~~~~~~~~~~~~~~~~~~~~~~~~~~~~~~~~~~~
Sun 05 Oct 2025 01:30:01 AM PDT - Started Downloading images
Sun 05 Oct 2025 01:30:01 AM PDT - Completed downloading images
~~~~~~~~~~~~~~~~~~~~~~~~~~~~~~~~~~~~~~~~~~~~~~~~~
Sun 05 Oct 2025 02:00:01 AM PDT - Started Downloading images
Sun 05 Oct 2025 02:00:02 AM PDT - Completed downloading images
~~~~~~~~~~~~~~~~~~~~~~~~~~~~~~~~~~~~~~~~~~~~~~~~~
Sun 05 Oct 2025 02:30:01 AM PDT - Started Downloading images
Sun 05 Oct 2025 02:30:01 AM PDT - Completed downloading images
~~~~~~~~~~~~~~~~~~~~~~~~~~~~~~~~~~~~~~~~~~~~~~~~~
Sun 05 Oct 2025 03:00:01 AM PDT - Started Downloading images
Sun 05 Oct 2025 03:00:02 AM PDT - Completed downloading images
~~~~~~~~~~~~~~~~~~~~~~~~~~~~~~~~~~~~~~~~~~~~~~~~~
Sun 05 Oct 2025 03:30:01 AM PDT - Started Downloading images
Sun 05 Oct 2025 03:30:02 AM PDT - Completed downloading images
~~~~~~~~~~~~~~~~~~~~~~~~~~~~~~~~~~~~~~~~~~~~~~~~~
Sun 05 Oct 2025 04:00:01 AM PDT - Started Downloading images
Sun 05 Oct 2025 04:00:01 AM PDT - Completed downloading images
~~~~~~~~~~~~~~~~~~~~~~~~~~~~~~~~~~~~~~~~~~~~~~~~~
Sun 05 Oct 2025 04:30:01 AM PDT - Started Downloading images
Sun 05 Oct 2025 04:30:02 AM PDT - Completed downloading images
~~~~~~~~~~~~~~~~~~~~~~~~~~~~~~~~~~~~~~~~~~~~~~~~~
Sun 05 Oct 2025 05:00:01 AM PDT - Started Downloading images
Sun 05 Oct 2025 05:00:01 AM PDT - Completed downloading images
~~~~~~~~~~~~~~~~~~~~~~~~~~~~~~~~~~~~~~~~~~~~~~~~~
Sun 05 Oct 2025 05:30:01 AM PDT - Started Downloading images
Sun 05 Oct 2025 05:30:02 AM PDT - Completed downloading images
~~~~~~~~~~~~~~~~~~~~~~~~~~~~~~~~~~~~~~~~~~~~~~~~~
Sun 05 Oct 2025 06:00:01 AM PDT - Started Downloading images
Sun 05 Oct 2025 06:00:01 AM PDT - Completed downloading images
~~~~~~~~~~~~~~~~~~~~~~~~~~~~~~~~~~~~~~~~~~~~~~~~~
Sun 05 Oct 2025 06:30:01 AM PDT - Started Downloading images
Sun 05 Oct 2025 06:30:01 AM PDT - Completed downloading images
~~~~~~~~~~~~~~~~~~~~~~~~~~~~~~~~~~~~~~~~~~~~~~~~~
Sun 05 Oct 2025 07:00:01 AM PDT - Started Downloading images
Sun 05 Oct 2025 07:00:02 AM PDT - Completed downloading images
~~~~~~~~~~~~~~~~~~~~~~~~~~~~~~~~~~~~~~~~~~~~~~~~~
Sun 05 Oct 2025 07:30:01 AM PDT - Started Downloading images
Sun 05 Oct 2025 07:30:01 AM PDT - Completed downloading images
~~~~~~~~~~~~~~~~~~~~~~~~~~~~~~~~~~~~~~~~~~~~~~~~~
Sun 05 Oct 2025 08:00:01 AM PDT - Started Downloading images
Sun 05 Oct 2025 08:00:02 AM PDT - Completed downloading images
~~~~~~~~~~~~~~~~~~~~~~~~~~~~~~~~~~~~~~~~~~~~~~~~~
Sun 05 Oct 2025 08:30:01 AM PDT - Started Downloading images
Sun 05 Oct 2025 08:30:01 AM PDT - Completed downloading images
~~~~~~~~~~~~~~~~~~~~~~~~~~~~~~~~~~~~~~~~~~~~~~~~~
Sun 05 Oct 2025 09:00:01 AM PDT - Started Downloading images
Sun 05 Oct 2025 09:00:02 AM PDT - Completed downloading images
~~~~~~~~~~~~~~~~~~~~~~~~~~~~~~~~~~~~~~~~~~~~~~~~~
Sun 05 Oct 2025 09:30:01 AM PDT - Started Downloading images
Sun 05 Oct 2025 09:30:01 AM PDT - Completed downloading images
~~~~~~~~~~~~~~~~~~~~~~~~~~~~~~~~~~~~~~~~~~~~~~~~~
Sun 05 Oct 2025 10:00:01 AM PDT - Started Downloading images
Sun 05 Oct 2025 10:00:02 AM PDT - Completed downloading images
~~~~~~~~~~~~~~~~~~~~~~~~~~~~~~~~~~~~~~~~~~~~~~~~~
Sun 05 Oct 2025 10:30:01 AM PDT - Started Downloading images
Sun 05 Oct 2025 10:30:01 AM PDT - Completed downloading images
~~~~~~~~~~~~~~~~~~~~~~~~~~~~~~~~~~~~~~~~~~~~~~~~~
Sun 05 Oct 2025 11:00:01 AM PDT - Started Downloading images
Sun 05 Oct 2025 11:00:02 AM PDT - Completed downloading images
~~~~~~~~~~~~~~~~~~~~~~~~~~~~~~~~~~~~~~~~~~~~~~~~~
Sun 05 Oct 2025 11:30:01 AM PDT - Started Downloading images
Sun 05 Oct 2025 11:30:01 AM PDT - Completed downloading images
~~~~~~~~~~~~~~~~~~~~~~~~~~~~~~~~~~~~~~~~~~~~~~~~~
Sun 05 Oct 2025 12:00:01 PM PDT - Started Downloading images
Sun 05 Oct 2025 12:00:02 PM PDT - Completed downloading images
~~~~~~~~~~~~~~~~~~~~~~~~~~~~~~~~~~~~~~~~~~~~~~~~~
Sun 05 Oct 2025 12:30:01 PM PDT - Started Downloading images
Sun 05 Oct 2025 12:30:02 PM PDT - Completed downloading images
~~~~~~~~~~~~~~~~~~~~~~~~~~~~~~~~~~~~~~~~~~~~~~~~~
Sun 05 Oct 2025 01:00:01 PM PDT - Started Downloading images
Sun 05 Oct 2025 01:00:01 PM PDT - Completed downloading images
~~~~~~~~~~~~~~~~~~~~~~~~~~~~~~~~~~~~~~~~~~~~~~~~~
Sun 05 Oct 2025 01:30:01 PM PDT - Started Downloading images
Sun 05 Oct 2025 01:30:02 PM PDT - Completed downloading images
~~~~~~~~~~~~~~~~~~~~~~~~~~~~~~~~~~~~~~~~~~~~~~~~~
Sun 05 Oct 2025 02:00:01 PM PDT - Started Downloading images
Sun 05 Oct 2025 02:00:01 PM PDT - Completed downloading images
~~~~~~~~~~~~~~~~~~~~~~~~~~~~~~~~~~~~~~~~~~~~~~~~~
Sun 05 Oct 2025 02:30:01 PM PDT - Started Downloading images
Sun 05 Oct 2025 02:30:02 PM PDT - Completed downloading images
~~~~~~~~~~~~~~~~~~~~~~~~~~~~~~~~~~~~~~~~~~~~~~~~~
Sun 05 Oct 2025 03:00:01 PM PDT - Started Downloading images
Sun 05 Oct 2025 03:00:01 PM PDT - Completed downloading images
~~~~~~~~~~~~~~~~~~~~~~~~~~~~~~~~~~~~~~~~~~~~~~~~~
Sun 05 Oct 2025 03:30:01 PM PDT - Started Downloading images
Sun 05 Oct 2025 03:30:02 PM PDT - Completed downloading images
~~~~~~~~~~~~~~~~~~~~~~~~~~~~~~~~~~~~~~~~~~~~~~~~~
Sun 05 Oct 2025 04:00:01 PM PDT - Started Downloading images
Sun 05 Oct 2025 04:00:01 PM PDT - Completed downloading images
~~~~~~~~~~~~~~~~~~~~~~~~~~~~~~~~~~~~~~~~~~~~~~~~~
Sun 05 Oct 2025 04:30:01 PM PDT - Started Downloading images
Sun 05 Oct 2025 04:30:02 PM PDT - Completed downloading images
~~~~~~~~~~~~~~~~~~~~~~~~~~~~~~~~~~~~~~~~~~~~~~~~~
Sun 05 Oct 2025 05:00:01 PM PDT - Started Downloading images
Sun 05 Oct 2025 05:00:01 PM PDT - Completed downloading images
~~~~~~~~~~~~~~~~~~~~~~~~~~~~~~~~~~~~~~~~~~~~~~~~~
Sun 05 Oct 2025 05:30:01 PM PDT - Started Downloading images
Sun 05 Oct 2025 05:30:02 PM PDT - Completed downloading images
~~~~~~~~~~~~~~~~~~~~~~~~~~~~~~~~~~~~~~~~~~~~~~~~~
Sun 05 Oct 2025 06:00:01 PM PDT - Started Downloading images
Sun 05 Oct 2025 06:00:01 PM PDT - Completed downloading images
~~~~~~~~~~~~~~~~~~~~~~~~~~~~~~~~~~~~~~~~~~~~~~~~~
Sun 05 Oct 2025 06:30:01 PM PDT - Started Downloading images
Sun 05 Oct 2025 06:30:02 PM PDT - Completed downloading images
~~~~~~~~~~~~~~~~~~~~~~~~~~~~~~~~~~~~~~~~~~~~~~~~~
Sun 05 Oct 2025 07:00:01 PM PDT - Started Downloading images
Sun 05 Oct 2025 07:00:01 PM PDT - Completed downloading images
~~~~~~~~~~~~~~~~~~~~~~~~~~~~~~~~~~~~~~~~~~~~~~~~~
Sun 05 Oct 2025 07:30:01 PM PDT - Started Downloading images
Sun 05 Oct 2025 07:30:02 PM PDT - Completed downloading images
~~~~~~~~~~~~~~~~~~~~~~~~~~~~~~~~~~~~~~~~~~~~~~~~~
Sun 05 Oct 2025 08:00:01 PM PDT - Started Downloading images
Sun 05 Oct 2025 08:00:01 PM PDT - Completed downloading images
~~~~~~~~~~~~~~~~~~~~~~~~~~~~~~~~~~~~~~~~~~~~~~~~~
Sun 05 Oct 2025 08:30:01 PM PDT - Started Downloading images
Sun 05 Oct 2025 08:30:01 PM PDT - Completed downloading images
~~~~~~~~~~~~~~~~~~~~~~~~~~~~~~~~~~~~~~~~~~~~~~~~~
Sun 05 Oct 2025 09:00:01 PM PDT - Started Downloading images
Sun 05 Oct 2025 09:00:02 PM PDT - Completed downloading images
~~~~~~~~~~~~~~~~~~~~~~~~~~~~~~~~~~~~~~~~~~~~~~~~~
Sun 05 Oct 2025 09:30:01 PM PDT - Started Downloading images
Sun 05 Oct 2025 09:30:01 PM PDT - Completed downloading images
~~~~~~~~~~~~~~~~~~~~~~~~~~~~~~~~~~~~~~~~~~~~~~~~~
Sun 05 Oct 2025 10:00:01 PM PDT - Started Downloading images
Sun 05 Oct 2025 10:00:02 PM PDT - Completed downloading images
~~~~~~~~~~~~~~~~~~~~~~~~~~~~~~~~~~~~~~~~~~~~~~~~~
Sun 05 Oct 2025 10:30:01 PM PDT - Started Downloading images
Sun 05 Oct 2025 10:30:01 PM PDT - Completed downloading images
~~~~~~~~~~~~~~~~~~~~~~~~~~~~~~~~~~~~~~~~~~~~~~~~~
Sun 05 Oct 2025 11:00:01 PM PDT - Started Downloading images
Sun 05 Oct 2025 11:00:02 PM PDT - Completed downloading images
~~~~~~~~~~~~~~~~~~~~~~~~~~~~~~~~~~~~~~~~~~~~~~~~~
Sun 05 Oct 2025 11:30:01 PM PDT - Started Downloading images
Sun 05 Oct 2025 11:30:01 PM PDT - Completed downloading images
~~~~~~~~~~~~~~~~~~~~~~~~~~~~~~~~~~~~~~~~~~~~~~~~~
Mon 06 Oct 2025 12:00:01 AM PDT - Started Downloading images
Mon 06 Oct 2025 12:00:02 AM PDT - Completed downloading images
~~~~~~~~~~~~~~~~~~~~~~~~~~~~~~~~~~~~~~~~~~~~~~~~~
Mon 06 Oct 2025 12:30:01 AM PDT - Started Downloading images
Mon 06 Oct 2025 12:30:01 AM PDT - Completed downloading images
~~~~~~~~~~~~~~~~~~~~~~~~~~~~~~~~~~~~~~~~~~~~~~~~~
Mon 06 Oct 2025 01:00:01 AM PDT - Started Downloading images
Mon 06 Oct 2025 01:00:02 AM PDT - Completed downloading images
~~~~~~~~~~~~~~~~~~~~~~~~~~~~~~~~~~~~~~~~~~~~~~~~~
Mon 06 Oct 2025 01:30:01 AM PDT - Started Downloading images
Mon 06 Oct 2025 01:30:01 AM PDT - Completed downloading images
~~~~~~~~~~~~~~~~~~~~~~~~~~~~~~~~~~~~~~~~~~~~~~~~~
Mon 06 Oct 2025 02:00:01 AM PDT - Started Downloading images
Mon 06 Oct 2025 02:00:02 AM PDT - Completed downloading images
~~~~~~~~~~~~~~~~~~~~~~~~~~~~~~~~~~~~~~~~~~~~~~~~~
Mon 06 Oct 2025 02:30:01 AM PDT - Started Downloading images
Mon 06 Oct 2025 02:30:01 AM PDT - Completed downloading images
~~~~~~~~~~~~~~~~~~~~~~~~~~~~~~~~~~~~~~~~~~~~~~~~~
Mon 06 Oct 2025 03:00:01 AM PDT - Started Downloading images
Mon 06 Oct 2025 03:00:02 AM PDT - Completed downloading images
~~~~~~~~~~~~~~~~~~~~~~~~~~~~~~~~~~~~~~~~~~~~~~~~~
Mon 06 Oct 2025 03:30:01 AM PDT - Started Downloading images
Mon 06 Oct 2025 03:30:02 AM PDT - Completed downloading images
~~~~~~~~~~~~~~~~~~~~~~~~~~~~~~~~~~~~~~~~~~~~~~~~~
Mon 06 Oct 2025 04:00:01 AM PDT - Started Downloading images
Mon 06 Oct 2025 04:00:02 AM PDT - Completed downloading images
~~~~~~~~~~~~~~~~~~~~~~~~~~~~~~~~~~~~~~~~~~~~~~~~~
Mon 06 Oct 2025 04:30:01 AM PDT - Started Downloading images
Mon 06 Oct 2025 04:30:01 AM PDT - Completed downloading images
~~~~~~~~~~~~~~~~~~~~~~~~~~~~~~~~~~~~~~~~~~~~~~~~~
Mon 06 Oct 2025 05:00:01 AM PDT - Started Downloading images
Mon 06 Oct 2025 05:00:02 AM PDT - Completed downloading images
~~~~~~~~~~~~~~~~~~~~~~~~~~~~~~~~~~~~~~~~~~~~~~~~~
Mon 06 Oct 2025 05:30:01 AM PDT - Started Downloading images
Mon 06 Oct 2025 05:30:01 AM PDT - Completed downloading images
~~~~~~~~~~~~~~~~~~~~~~~~~~~~~~~~~~~~~~~~~~~~~~~~~
Mon 06 Oct 2025 06:00:01 AM PDT - Started Downloading images
Mon 06 Oct 2025 06:00:02 AM PDT - Completed downloading images
~~~~~~~~~~~~~~~~~~~~~~~~~~~~~~~~~~~~~~~~~~~~~~~~~
Mon 06 Oct 2025 06:30:01 AM PDT - Started Downloading images
Mon 06 Oct 2025 06:30:02 AM PDT - Completed downloading images
~~~~~~~~~~~~~~~~~~~~~~~~~~~~~~~~~~~~~~~~~~~~~~~~~
Mon 06 Oct 2025 07:00:01 AM PDT - Started Downloading images
Mon 06 Oct 2025 07:00:01 AM PDT - Completed downloading images
~~~~~~~~~~~~~~~~~~~~~~~~~~~~~~~~~~~~~~~~~~~~~~~~~
Mon 06 Oct 2025 07:30:01 AM PDT - Started Downloading images
Mon 06 Oct 2025 07:30:02 AM PDT - Completed downloading images
~~~~~~~~~~~~~~~~~~~~~~~~~~~~~~~~~~~~~~~~~~~~~~~~~
Mon 06 Oct 2025 08:00:01 AM PDT - Started Downloading images
Mon 06 Oct 2025 08:00:01 AM PDT - Completed downloading images
~~~~~~~~~~~~~~~~~~~~~~~~~~~~~~~~~~~~~~~~~~~~~~~~~
Mon 06 Oct 2025 08:30:01 AM PDT - Started Downloading images
Mon 06 Oct 2025 08:30:02 AM PDT - Completed downloading images
~~~~~~~~~~~~~~~~~~~~~~~~~~~~~~~~~~~~~~~~~~~~~~~~~
Mon 06 Oct 2025 09:00:01 AM PDT - Started Downloading images
Mon 06 Oct 2025 09:00:01 AM PDT - Completed downloading images
~~~~~~~~~~~~~~~~~~~~~~~~~~~~~~~~~~~~~~~~~~~~~~~~~
Mon 06 Oct 2025 09:30:01 AM PDT - Started Downloading images
Mon 06 Oct 2025 09:30:02 AM PDT - Completed downloading images
~~~~~~~~~~~~~~~~~~~~~~~~~~~~~~~~~~~~~~~~~~~~~~~~~
Mon 06 Oct 2025 10:00:01 AM PDT - Started Downloading images
Mon 06 Oct 2025 10:00:01 AM PDT - Completed downloading images
~~~~~~~~~~~~~~~~~~~~~~~~~~~~~~~~~~~~~~~~~~~~~~~~~
Mon 06 Oct 2025 10:30:01 AM PDT - Started Downloading images
Mon 06 Oct 2025 10:30:02 AM PDT - Completed downloading images
~~~~~~~~~~~~~~~~~~~~~~~~~~~~~~~~~~~~~~~~~~~~~~~~~
Mon 06 Oct 2025 11:00:01 AM PDT - Started Downloading images
Mon 06 Oct 2025 11:00:01 AM PDT - Completed downloading images
~~~~~~~~~~~~~~~~~~~~~~~~~~~~~~~~~~~~~~~~~~~~~~~~~
Mon 06 Oct 2025 11:30:01 AM PDT - Started Downloading images
Mon 06 Oct 2025 11:30:02 AM PDT - Completed downloading images
~~~~~~~~~~~~~~~~~~~~~~~~~~~~~~~~~~~~~~~~~~~~~~~~~
Mon 06 Oct 2025 12:00:01 PM PDT - Started Downloading images
Mon 06 Oct 2025 12:00:01 PM PDT - Completed downloading images
~~~~~~~~~~~~~~~~~~~~~~~~~~~~~~~~~~~~~~~~~~~~~~~~~
Mon 06 Oct 2025 12:30:01 PM PDT - Started Downloading images
Mon 06 Oct 2025 12:30:02 PM PDT - Completed downloading images
~~~~~~~~~~~~~~~~~~~~~~~~~~~~~~~~~~~~~~~~~~~~~~~~~
Mon 06 Oct 2025 01:00:01 PM PDT - Started Downloading images
Mon 06 Oct 2025 01:00:02 PM PDT - Completed downloading images
~~~~~~~~~~~~~~~~~~~~~~~~~~~~~~~~~~~~~~~~~~~~~~~~~
Mon 06 Oct 2025 01:30:01 PM PDT - Started Downloading images
Mon 06 Oct 2025 01:30:01 PM PDT - Completed downloading images
~~~~~~~~~~~~~~~~~~~~~~~~~~~~~~~~~~~~~~~~~~~~~~~~~
Mon 06 Oct 2025 02:00:01 PM PDT - Started Downloading images
Mon 06 Oct 2025 02:00:02 PM PDT - Completed downloading images
~~~~~~~~~~~~~~~~~~~~~~~~~~~~~~~~~~~~~~~~~~~~~~~~~
Mon 06 Oct 2025 02:30:01 PM PDT - Started Downloading images
Mon 06 Oct 2025 02:30:01 PM PDT - Completed downloading images
~~~~~~~~~~~~~~~~~~~~~~~~~~~~~~~~~~~~~~~~~~~~~~~~~
Mon 06 Oct 2025 03:00:01 PM PDT - Started Downloading images
Mon 06 Oct 2025 03:00:02 PM PDT - Completed downloading images
~~~~~~~~~~~~~~~~~~~~~~~~~~~~~~~~~~~~~~~~~~~~~~~~~
Mon 06 Oct 2025 03:30:01 PM PDT - Started Downloading images
Mon 06 Oct 2025 03:30:01 PM PDT - Completed downloading images
~~~~~~~~~~~~~~~~~~~~~~~~~~~~~~~~~~~~~~~~~~~~~~~~~
Mon 06 Oct 2025 04:00:01 PM PDT - Started Downloading images
Mon 06 Oct 2025 04:00:02 PM PDT - Completed downloading images
~~~~~~~~~~~~~~~~~~~~~~~~~~~~~~~~~~~~~~~~~~~~~~~~~
Mon 06 Oct 2025 04:30:01 PM PDT - Started Downloading images
Mon 06 Oct 2025 04:30:01 PM PDT - Completed downloading images
~~~~~~~~~~~~~~~~~~~~~~~~~~~~~~~~~~~~~~~~~~~~~~~~~
Mon 06 Oct 2025 05:00:01 PM PDT - Started Downloading images
Mon 06 Oct 2025 05:00:02 PM PDT - Completed downloading images
~~~~~~~~~~~~~~~~~~~~~~~~~~~~~~~~~~~~~~~~~~~~~~~~~
Mon 06 Oct 2025 05:30:01 PM PDT - Started Downloading images
Mon 06 Oct 2025 05:30:01 PM PDT - Completed downloading images
~~~~~~~~~~~~~~~~~~~~~~~~~~~~~~~~~~~~~~~~~~~~~~~~~
Mon 06 Oct 2025 06:00:01 PM PDT - Started Downloading images
Mon 06 Oct 2025 06:00:02 PM PDT - Completed downloading images
~~~~~~~~~~~~~~~~~~~~~~~~~~~~~~~~~~~~~~~~~~~~~~~~~
Mon 06 Oct 2025 06:30:01 PM PDT - Started Downloading images
Mon 06 Oct 2025 06:30:01 PM PDT - Completed downloading images
~~~~~~~~~~~~~~~~~~~~~~~~~~~~~~~~~~~~~~~~~~~~~~~~~
Mon 06 Oct 2025 07:00:01 PM PDT - Started Downloading images
Mon 06 Oct 2025 07:00:02 PM PDT - Completed downloading images
~~~~~~~~~~~~~~~~~~~~~~~~~~~~~~~~~~~~~~~~~~~~~~~~~
Mon 06 Oct 2025 07:30:01 PM PDT - Started Downloading images
Mon 06 Oct 2025 07:30:01 PM PDT - Completed downloading images
~~~~~~~~~~~~~~~~~~~~~~~~~~~~~~~~~~~~~~~~~~~~~~~~~
Mon 06 Oct 2025 08:00:02 PM PDT - Started Downloading images
Mon 06 Oct 2025 08:00:02 PM PDT - Completed downloading images
~~~~~~~~~~~~~~~~~~~~~~~~~~~~~~~~~~~~~~~~~~~~~~~~~
Mon 06 Oct 2025 08:30:01 PM PDT - Started Downloading images
Mon 06 Oct 2025 08:30:01 PM PDT - Completed downloading images
~~~~~~~~~~~~~~~~~~~~~~~~~~~~~~~~~~~~~~~~~~~~~~~~~
Mon 06 Oct 2025 09:00:01 PM PDT - Started Downloading images
Mon 06 Oct 2025 09:00:02 PM PDT - Completed downloading images
~~~~~~~~~~~~~~~~~~~~~~~~~~~~~~~~~~~~~~~~~~~~~~~~~
Mon 06 Oct 2025 09:30:01 PM PDT - Started Downloading images
Mon 06 Oct 2025 09:30:01 PM PDT - Completed downloading images
~~~~~~~~~~~~~~~~~~~~~~~~~~~~~~~~~~~~~~~~~~~~~~~~~
Mon 06 Oct 2025 10:00:01 PM PDT - Started Downloading images
Mon 06 Oct 2025 10:00:02 PM PDT - Completed downloading images
~~~~~~~~~~~~~~~~~~~~~~~~~~~~~~~~~~~~~~~~~~~~~~~~~
Mon 06 Oct 2025 10:30:01 PM PDT - Started Downloading images
Mon 06 Oct 2025 10:30:01 PM PDT - Completed downloading images
~~~~~~~~~~~~~~~~~~~~~~~~~~~~~~~~~~~~~~~~~~~~~~~~~
Mon 06 Oct 2025 11:00:01 PM PDT - Started Downloading images
Mon 06 Oct 2025 11:00:02 PM PDT - Completed downloading images
~~~~~~~~~~~~~~~~~~~~~~~~~~~~~~~~~~~~~~~~~~~~~~~~~
Mon 06 Oct 2025 11:30:01 PM PDT - Started Downloading images
Mon 06 Oct 2025 11:30:01 PM PDT - Completed downloading images
~~~~~~~~~~~~~~~~~~~~~~~~~~~~~~~~~~~~~~~~~~~~~~~~~
Tue 07 Oct 2025 12:00:01 AM PDT - Started Downloading images
Tue 07 Oct 2025 12:00:02 AM PDT - Completed downloading images
~~~~~~~~~~~~~~~~~~~~~~~~~~~~~~~~~~~~~~~~~~~~~~~~~
Tue 07 Oct 2025 12:30:01 AM PDT - Started Downloading images
Tue 07 Oct 2025 12:30:01 AM PDT - Completed downloading images
~~~~~~~~~~~~~~~~~~~~~~~~~~~~~~~~~~~~~~~~~~~~~~~~~
Tue 07 Oct 2025 01:00:01 AM PDT - Started Downloading images
Tue 07 Oct 2025 01:00:02 AM PDT - Completed downloading images
~~~~~~~~~~~~~~~~~~~~~~~~~~~~~~~~~~~~~~~~~~~~~~~~~
Tue 07 Oct 2025 01:30:01 AM PDT - Started Downloading images
Tue 07 Oct 2025 01:30:02 AM PDT - Completed downloading images
~~~~~~~~~~~~~~~~~~~~~~~~~~~~~~~~~~~~~~~~~~~~~~~~~
Tue 07 Oct 2025 02:00:01 AM PDT - Started Downloading images
Tue 07 Oct 2025 02:00:01 AM PDT - Completed downloading images
~~~~~~~~~~~~~~~~~~~~~~~~~~~~~~~~~~~~~~~~~~~~~~~~~
Tue 07 Oct 2025 02:30:01 AM PDT - Started Downloading images
Tue 07 Oct 2025 02:30:02 AM PDT - Completed downloading images
~~~~~~~~~~~~~~~~~~~~~~~~~~~~~~~~~~~~~~~~~~~~~~~~~
Tue 07 Oct 2025 03:00:01 AM PDT - Started Downloading images
Tue 07 Oct 2025 03:00:01 AM PDT - Completed downloading images
~~~~~~~~~~~~~~~~~~~~~~~~~~~~~~~~~~~~~~~~~~~~~~~~~
Tue 07 Oct 2025 03:30:01 AM PDT - Started Downloading images
Tue 07 Oct 2025 03:30:01 AM PDT - Completed downloading images
~~~~~~~~~~~~~~~~~~~~~~~~~~~~~~~~~~~~~~~~~~~~~~~~~
Tue 07 Oct 2025 04:00:01 AM PDT - Started Downloading images
Tue 07 Oct 2025 04:00:02 AM PDT - Completed downloading images
~~~~~~~~~~~~~~~~~~~~~~~~~~~~~~~~~~~~~~~~~~~~~~~~~
Tue 07 Oct 2025 04:30:01 AM PDT - Started Downloading images
Tue 07 Oct 2025 04:30:01 AM PDT - Completed downloading images
~~~~~~~~~~~~~~~~~~~~~~~~~~~~~~~~~~~~~~~~~~~~~~~~~
Tue 07 Oct 2025 05:00:01 AM PDT - Started Downloading images
Tue 07 Oct 2025 05:00:02 AM PDT - Completed downloading images
~~~~~~~~~~~~~~~~~~~~~~~~~~~~~~~~~~~~~~~~~~~~~~~~~
Tue 07 Oct 2025 05:30:01 AM PDT - Started Downloading images
Tue 07 Oct 2025 05:30:01 AM PDT - Completed downloading images
~~~~~~~~~~~~~~~~~~~~~~~~~~~~~~~~~~~~~~~~~~~~~~~~~
Tue 07 Oct 2025 06:00:01 AM PDT - Started Downloading images
Tue 07 Oct 2025 06:00:02 AM PDT - Completed downloading images
~~~~~~~~~~~~~~~~~~~~~~~~~~~~~~~~~~~~~~~~~~~~~~~~~
Tue 07 Oct 2025 06:30:01 AM PDT - Started Downloading images
Tue 07 Oct 2025 06:30:02 AM PDT - Completed downloading images
~~~~~~~~~~~~~~~~~~~~~~~~~~~~~~~~~~~~~~~~~~~~~~~~~
Tue 07 Oct 2025 07:00:01 AM PDT - Started Downloading images
Tue 07 Oct 2025 07:00:01 AM PDT - Completed downloading images
~~~~~~~~~~~~~~~~~~~~~~~~~~~~~~~~~~~~~~~~~~~~~~~~~
Tue 07 Oct 2025 07:30:01 AM PDT - Started Downloading images
Tue 07 Oct 2025 07:30:02 AM PDT - Completed downloading images
~~~~~~~~~~~~~~~~~~~~~~~~~~~~~~~~~~~~~~~~~~~~~~~~~
Tue 07 Oct 2025 08:00:01 AM PDT - Started Downloading images
Tue 07 Oct 2025 08:00:01 AM PDT - Completed downloading images
~~~~~~~~~~~~~~~~~~~~~~~~~~~~~~~~~~~~~~~~~~~~~~~~~
Tue 07 Oct 2025 08:30:01 AM PDT - Started Downloading images
Tue 07 Oct 2025 08:30:02 AM PDT - Completed downloading images
~~~~~~~~~~~~~~~~~~~~~~~~~~~~~~~~~~~~~~~~~~~~~~~~~
Tue 07 Oct 2025 09:00:01 AM PDT - Started Downloading images
Tue 07 Oct 2025 09:00:01 AM PDT - Completed downloading images
~~~~~~~~~~~~~~~~~~~~~~~~~~~~~~~~~~~~~~~~~~~~~~~~~
Tue 07 Oct 2025 09:30:02 AM PDT - Started Downloading images
Tue 07 Oct 2025 09:30:02 AM PDT - Completed downloading images
~~~~~~~~~~~~~~~~~~~~~~~~~~~~~~~~~~~~~~~~~~~~~~~~~
Tue 07 Oct 2025 10:00:01 AM PDT - Started Downloading images
Tue 07 Oct 2025 10:00:02 AM PDT - Completed downloading images
~~~~~~~~~~~~~~~~~~~~~~~~~~~~~~~~~~~~~~~~~~~~~~~~~
Tue 07 Oct 2025 10:30:01 AM PDT - Started Downloading images
Tue 07 Oct 2025 10:30:01 AM PDT - Completed downloading images
~~~~~~~~~~~~~~~~~~~~~~~~~~~~~~~~~~~~~~~~~~~~~~~~~
Tue 07 Oct 2025 11:00:01 AM PDT - Started Downloading images
Tue 07 Oct 2025 11:00:02 AM PDT - Completed downloading images
~~~~~~~~~~~~~~~~~~~~~~~~~~~~~~~~~~~~~~~~~~~~~~~~~
Tue 07 Oct 2025 11:30:01 AM PDT - Started Downloading images
Tue 07 Oct 2025 11:30:01 AM PDT - Completed downloading images
~~~~~~~~~~~~~~~~~~~~~~~~~~~~~~~~~~~~~~~~~~~~~~~~~
Tue 07 Oct 2025 12:00:01 PM PDT - Started Downloading images
Tue 07 Oct 2025 12:00:02 PM PDT - Completed downloading images
~~~~~~~~~~~~~~~~~~~~~~~~~~~~~~~~~~~~~~~~~~~~~~~~~
Tue 07 Oct 2025 12:30:01 PM PDT - Started Downloading images
Tue 07 Oct 2025 12:30:01 PM PDT - Completed downloading images
~~~~~~~~~~~~~~~~~~~~~~~~~~~~~~~~~~~~~~~~~~~~~~~~~
Tue 07 Oct 2025 01:00:01 PM PDT - Started Downloading images
Tue 07 Oct 2025 01:00:02 PM PDT - Completed downloading images
~~~~~~~~~~~~~~~~~~~~~~~~~~~~~~~~~~~~~~~~~~~~~~~~~
Tue 07 Oct 2025 01:30:01 PM PDT - Started Downloading images
Tue 07 Oct 2025 01:30:01 PM PDT - Completed downloading images
~~~~~~~~~~~~~~~~~~~~~~~~~~~~~~~~~~~~~~~~~~~~~~~~~
Tue 07 Oct 2025 02:00:01 PM PDT - Started Downloading images
Tue 07 Oct 2025 02:00:02 PM PDT - Completed downloading images
~~~~~~~~~~~~~~~~~~~~~~~~~~~~~~~~~~~~~~~~~~~~~~~~~
Tue 07 Oct 2025 02:30:01 PM PDT - Started Downloading images
Tue 07 Oct 2025 02:30:01 PM PDT - Completed downloading images
~~~~~~~~~~~~~~~~~~~~~~~~~~~~~~~~~~~~~~~~~~~~~~~~~
Tue 07 Oct 2025 03:00:01 PM PDT - Started Downloading images
Tue 07 Oct 2025 03:00:02 PM PDT - Completed downloading images
~~~~~~~~~~~~~~~~~~~~~~~~~~~~~~~~~~~~~~~~~~~~~~~~~
Tue 07 Oct 2025 03:30:01 PM PDT - Started Downloading images
Tue 07 Oct 2025 03:30:02 PM PDT - Completed downloading images
~~~~~~~~~~~~~~~~~~~~~~~~~~~~~~~~~~~~~~~~~~~~~~~~~
Tue 07 Oct 2025 04:00:01 PM PDT - Started Downloading images
Tue 07 Oct 2025 04:00:01 PM PDT - Completed downloading images
~~~~~~~~~~~~~~~~~~~~~~~~~~~~~~~~~~~~~~~~~~~~~~~~~
Tue 07 Oct 2025 04:30:01 PM PDT - Started Downloading images
Tue 07 Oct 2025 04:30:02 PM PDT - Completed downloading images
~~~~~~~~~~~~~~~~~~~~~~~~~~~~~~~~~~~~~~~~~~~~~~~~~
Tue 07 Oct 2025 05:00:01 PM PDT - Started Downloading images
Tue 07 Oct 2025 05:00:01 PM PDT - Completed downloading images
~~~~~~~~~~~~~~~~~~~~~~~~~~~~~~~~~~~~~~~~~~~~~~~~~
Tue 07 Oct 2025 05:30:01 PM PDT - Started Downloading images
Tue 07 Oct 2025 05:30:02 PM PDT - Completed downloading images
~~~~~~~~~~~~~~~~~~~~~~~~~~~~~~~~~~~~~~~~~~~~~~~~~
Tue 07 Oct 2025 06:00:01 PM PDT - Started Downloading images
Tue 07 Oct 2025 06:00:01 PM PDT - Completed downloading images
~~~~~~~~~~~~~~~~~~~~~~~~~~~~~~~~~~~~~~~~~~~~~~~~~
Tue 07 Oct 2025 06:30:01 PM PDT - Started Downloading images
Tue 07 Oct 2025 06:30:02 PM PDT - Completed downloading images
~~~~~~~~~~~~~~~~~~~~~~~~~~~~~~~~~~~~~~~~~~~~~~~~~
Tue 07 Oct 2025 07:00:01 PM PDT - Started Downloading images
Tue 07 Oct 2025 07:00:01 PM PDT - Completed downloading images
~~~~~~~~~~~~~~~~~~~~~~~~~~~~~~~~~~~~~~~~~~~~~~~~~
Tue 07 Oct 2025 07:30:01 PM PDT - Started Downloading images
Tue 07 Oct 2025 07:30:02 PM PDT - Completed downloading images
~~~~~~~~~~~~~~~~~~~~~~~~~~~~~~~~~~~~~~~~~~~~~~~~~
Tue 07 Oct 2025 08:00:01 PM PDT - Started Downloading images
Tue 07 Oct 2025 08:00:01 PM PDT - Completed downloading images
~~~~~~~~~~~~~~~~~~~~~~~~~~~~~~~~~~~~~~~~~~~~~~~~~
Tue 07 Oct 2025 08:30:01 PM PDT - Started Downloading images
Tue 07 Oct 2025 08:30:01 PM PDT - Completed downloading images
~~~~~~~~~~~~~~~~~~~~~~~~~~~~~~~~~~~~~~~~~~~~~~~~~
Tue 07 Oct 2025 09:00:01 PM PDT - Started Downloading images
Tue 07 Oct 2025 09:00:01 PM PDT - Completed downloading images
~~~~~~~~~~~~~~~~~~~~~~~~~~~~~~~~~~~~~~~~~~~~~~~~~
Tue 07 Oct 2025 09:30:01 PM PDT - Started Downloading images
Tue 07 Oct 2025 09:30:02 PM PDT - Completed downloading images
~~~~~~~~~~~~~~~~~~~~~~~~~~~~~~~~~~~~~~~~~~~~~~~~~
Tue 07 Oct 2025 10:00:01 PM PDT - Started Downloading images
Tue 07 Oct 2025 10:00:01 PM PDT - Completed downloading images
~~~~~~~~~~~~~~~~~~~~~~~~~~~~~~~~~~~~~~~~~~~~~~~~~
Tue 07 Oct 2025 10:30:01 PM PDT - Started Downloading images
Tue 07 Oct 2025 10:30:02 PM PDT - Completed downloading images
~~~~~~~~~~~~~~~~~~~~~~~~~~~~~~~~~~~~~~~~~~~~~~~~~
Tue 07 Oct 2025 11:00:01 PM PDT - Started Downloading images
Tue 07 Oct 2025 11:00:01 PM PDT - Completed downloading images
~~~~~~~~~~~~~~~~~~~~~~~~~~~~~~~~~~~~~~~~~~~~~~~~~
Tue 07 Oct 2025 11:30:01 PM PDT - Started Downloading images
Tue 07 Oct 2025 11:30:02 PM PDT - Completed downloading images
~~~~~~~~~~~~~~~~~~~~~~~~~~~~~~~~~~~~~~~~~~~~~~~~~
Wed 08 Oct 2025 12:00:01 AM PDT - Started Downloading images
Wed 08 Oct 2025 12:00:01 AM PDT - Completed downloading images
~~~~~~~~~~~~~~~~~~~~~~~~~~~~~~~~~~~~~~~~~~~~~~~~~
Wed 08 Oct 2025 12:30:01 AM PDT - Started Downloading images
Wed 08 Oct 2025 12:30:02 AM PDT - Completed downloading images
~~~~~~~~~~~~~~~~~~~~~~~~~~~~~~~~~~~~~~~~~~~~~~~~~
Wed 08 Oct 2025 01:00:01 AM PDT - Started Downloading images
Wed 08 Oct 2025 01:00:01 AM PDT - Completed downloading images
~~~~~~~~~~~~~~~~~~~~~~~~~~~~~~~~~~~~~~~~~~~~~~~~~
Wed 08 Oct 2025 01:30:01 AM PDT - Started Downloading images
Wed 08 Oct 2025 01:30:02 AM PDT - Completed downloading images
~~~~~~~~~~~~~~~~~~~~~~~~~~~~~~~~~~~~~~~~~~~~~~~~~
Wed 08 Oct 2025 02:00:01 AM PDT - Started Downloading images
Wed 08 Oct 2025 02:00:01 AM PDT - Completed downloading images
~~~~~~~~~~~~~~~~~~~~~~~~~~~~~~~~~~~~~~~~~~~~~~~~~
Wed 08 Oct 2025 02:30:01 AM PDT - Started Downloading images
Wed 08 Oct 2025 02:30:02 AM PDT - Completed downloading images
~~~~~~~~~~~~~~~~~~~~~~~~~~~~~~~~~~~~~~~~~~~~~~~~~
Wed 08 Oct 2025 03:00:01 AM PDT - Started Downloading images
Wed 08 Oct 2025 03:00:01 AM PDT - Completed downloading images
~~~~~~~~~~~~~~~~~~~~~~~~~~~~~~~~~~~~~~~~~~~~~~~~~
Wed 08 Oct 2025 03:30:01 AM PDT - Started Downloading images
Wed 08 Oct 2025 03:30:02 AM PDT - Completed downloading images
~~~~~~~~~~~~~~~~~~~~~~~~~~~~~~~~~~~~~~~~~~~~~~~~~
Wed 08 Oct 2025 04:00:01 AM PDT - Started Downloading images
Wed 08 Oct 2025 04:00:01 AM PDT - Completed downloading images
~~~~~~~~~~~~~~~~~~~~~~~~~~~~~~~~~~~~~~~~~~~~~~~~~
Wed 08 Oct 2025 04:30:01 AM PDT - Started Downloading images
Wed 08 Oct 2025 04:30:02 AM PDT - Completed downloading images
~~~~~~~~~~~~~~~~~~~~~~~~~~~~~~~~~~~~~~~~~~~~~~~~~
Wed 08 Oct 2025 05:00:01 AM PDT - Started Downloading images
Wed 08 Oct 2025 05:00:01 AM PDT - Completed downloading images
~~~~~~~~~~~~~~~~~~~~~~~~~~~~~~~~~~~~~~~~~~~~~~~~~
Wed 08 Oct 2025 05:30:01 AM PDT - Started Downloading images
Wed 08 Oct 2025 05:30:02 AM PDT - Completed downloading images
~~~~~~~~~~~~~~~~~~~~~~~~~~~~~~~~~~~~~~~~~~~~~~~~~
Wed 08 Oct 2025 06:00:01 AM PDT - Started Downloading images
Wed 08 Oct 2025 06:00:01 AM PDT - Completed downloading images
~~~~~~~~~~~~~~~~~~~~~~~~~~~~~~~~~~~~~~~~~~~~~~~~~
Wed 08 Oct 2025 06:30:01 AM PDT - Started Downloading images
Wed 08 Oct 2025 06:30:01 AM PDT - Completed downloading images
~~~~~~~~~~~~~~~~~~~~~~~~~~~~~~~~~~~~~~~~~~~~~~~~~
Wed 08 Oct 2025 07:00:01 AM PDT - Started Downloading images
Wed 08 Oct 2025 07:00:01 AM PDT - Completed downloading images
~~~~~~~~~~~~~~~~~~~~~~~~~~~~~~~~~~~~~~~~~~~~~~~~~
Wed 08 Oct 2025 07:30:01 AM PDT - Started Downloading images
Wed 08 Oct 2025 07:30:01 AM PDT - Completed downloading images
~~~~~~~~~~~~~~~~~~~~~~~~~~~~~~~~~~~~~~~~~~~~~~~~~
Wed 08 Oct 2025 08:00:01 AM PDT - Started Downloading images
Wed 08 Oct 2025 08:00:02 AM PDT - Completed downloading images
~~~~~~~~~~~~~~~~~~~~~~~~~~~~~~~~~~~~~~~~~~~~~~~~~
Wed 08 Oct 2025 08:30:01 AM PDT - Started Downloading images
Wed 08 Oct 2025 08:30:01 AM PDT - Completed downloading images
~~~~~~~~~~~~~~~~~~~~~~~~~~~~~~~~~~~~~~~~~~~~~~~~~
Wed 08 Oct 2025 09:00:01 AM PDT - Started Downloading images
Wed 08 Oct 2025 09:00:02 AM PDT - Completed downloading images
~~~~~~~~~~~~~~~~~~~~~~~~~~~~~~~~~~~~~~~~~~~~~~~~~
Wed 08 Oct 2025 09:30:01 AM PDT - Started Downloading images
Wed 08 Oct 2025 09:30:01 AM PDT - Completed downloading images
~~~~~~~~~~~~~~~~~~~~~~~~~~~~~~~~~~~~~~~~~~~~~~~~~
Wed 08 Oct 2025 10:00:01 AM PDT - Started Downloading images
Wed 08 Oct 2025 10:00:02 AM PDT - Completed downloading images
~~~~~~~~~~~~~~~~~~~~~~~~~~~~~~~~~~~~~~~~~~~~~~~~~
Wed 08 Oct 2025 10:30:01 AM PDT - Started Downloading images
Wed 08 Oct 2025 10:30:01 AM PDT - Completed downloading images
~~~~~~~~~~~~~~~~~~~~~~~~~~~~~~~~~~~~~~~~~~~~~~~~~
Wed 08 Oct 2025 11:00:01 AM PDT - Started Downloading images
Wed 08 Oct 2025 11:00:02 AM PDT - Completed downloading images
~~~~~~~~~~~~~~~~~~~~~~~~~~~~~~~~~~~~~~~~~~~~~~~~~
Wed 08 Oct 2025 11:30:01 AM PDT - Started Downloading images
Wed 08 Oct 2025 11:30:01 AM PDT - Completed downloading images
~~~~~~~~~~~~~~~~~~~~~~~~~~~~~~~~~~~~~~~~~~~~~~~~~
Wed 08 Oct 2025 12:00:01 PM PDT - Started Downloading images
Wed 08 Oct 2025 12:00:02 PM PDT - Completed downloading images
~~~~~~~~~~~~~~~~~~~~~~~~~~~~~~~~~~~~~~~~~~~~~~~~~
Wed 08 Oct 2025 12:30:01 PM PDT - Started Downloading images
Wed 08 Oct 2025 12:30:01 PM PDT - Completed downloading images
~~~~~~~~~~~~~~~~~~~~~~~~~~~~~~~~~~~~~~~~~~~~~~~~~
Wed 08 Oct 2025 01:00:02 PM PDT - Started Downloading images
Wed 08 Oct 2025 01:00:02 PM PDT - Completed downloading images
~~~~~~~~~~~~~~~~~~~~~~~~~~~~~~~~~~~~~~~~~~~~~~~~~
Wed 08 Oct 2025 01:30:01 PM PDT - Started Downloading images
Wed 08 Oct 2025 01:30:02 PM PDT - Completed downloading images
~~~~~~~~~~~~~~~~~~~~~~~~~~~~~~~~~~~~~~~~~~~~~~~~~
Wed 08 Oct 2025 02:00:01 PM PDT - Started Downloading images
Wed 08 Oct 2025 02:00:01 PM PDT - Completed downloading images
~~~~~~~~~~~~~~~~~~~~~~~~~~~~~~~~~~~~~~~~~~~~~~~~~
Wed 08 Oct 2025 02:30:01 PM PDT - Started Downloading images
Wed 08 Oct 2025 02:30:02 PM PDT - Completed downloading images
~~~~~~~~~~~~~~~~~~~~~~~~~~~~~~~~~~~~~~~~~~~~~~~~~
Wed 08 Oct 2025 03:00:01 PM PDT - Started Downloading images
Wed 08 Oct 2025 03:00:01 PM PDT - Completed downloading images
~~~~~~~~~~~~~~~~~~~~~~~~~~~~~~~~~~~~~~~~~~~~~~~~~
Wed 08 Oct 2025 03:30:01 PM PDT - Started Downloading images
Wed 08 Oct 2025 03:30:02 PM PDT - Completed downloading images
~~~~~~~~~~~~~~~~~~~~~~~~~~~~~~~~~~~~~~~~~~~~~~~~~
Wed 08 Oct 2025 04:00:01 PM PDT - Started Downloading images
Wed 08 Oct 2025 04:00:01 PM PDT - Completed downloading images
~~~~~~~~~~~~~~~~~~~~~~~~~~~~~~~~~~~~~~~~~~~~~~~~~
Wed 08 Oct 2025 04:30:01 PM PDT - Started Downloading images
Wed 08 Oct 2025 04:30:02 PM PDT - Completed downloading images
~~~~~~~~~~~~~~~~~~~~~~~~~~~~~~~~~~~~~~~~~~~~~~~~~
Wed 08 Oct 2025 05:00:01 PM PDT - Started Downloading images
Wed 08 Oct 2025 05:00:01 PM PDT - Completed downloading images
~~~~~~~~~~~~~~~~~~~~~~~~~~~~~~~~~~~~~~~~~~~~~~~~~
Wed 08 Oct 2025 05:30:01 PM PDT - Started Downloading images
Wed 08 Oct 2025 05:30:02 PM PDT - Completed downloading images
~~~~~~~~~~~~~~~~~~~~~~~~~~~~~~~~~~~~~~~~~~~~~~~~~
Wed 08 Oct 2025 06:00:01 PM PDT - Started Downloading images
Wed 08 Oct 2025 06:00:01 PM PDT - Completed downloading images
~~~~~~~~~~~~~~~~~~~~~~~~~~~~~~~~~~~~~~~~~~~~~~~~~
Wed 08 Oct 2025 06:30:01 PM PDT - Started Downloading images
Wed 08 Oct 2025 06:30:02 PM PDT - Completed downloading images
~~~~~~~~~~~~~~~~~~~~~~~~~~~~~~~~~~~~~~~~~~~~~~~~~
Wed 08 Oct 2025 07:00:01 PM PDT - Started Downloading images
Wed 08 Oct 2025 07:00:01 PM PDT - Completed downloading images
~~~~~~~~~~~~~~~~~~~~~~~~~~~~~~~~~~~~~~~~~~~~~~~~~
Wed 08 Oct 2025 07:30:01 PM PDT - Started Downloading images
Wed 08 Oct 2025 07:30:02 PM PDT - Completed downloading images
~~~~~~~~~~~~~~~~~~~~~~~~~~~~~~~~~~~~~~~~~~~~~~~~~
Wed 08 Oct 2025 08:00:01 PM PDT - Started Downloading images
Wed 08 Oct 2025 08:00:01 PM PDT - Completed downloading images
~~~~~~~~~~~~~~~~~~~~~~~~~~~~~~~~~~~~~~~~~~~~~~~~~
Wed 08 Oct 2025 08:30:01 PM PDT - Started Downloading images
Wed 08 Oct 2025 08:30:01 PM PDT - Completed downloading images
~~~~~~~~~~~~~~~~~~~~~~~~~~~~~~~~~~~~~~~~~~~~~~~~~
Wed 08 Oct 2025 09:00:01 PM PDT - Started Downloading images
Wed 08 Oct 2025 09:00:02 PM PDT - Completed downloading images
~~~~~~~~~~~~~~~~~~~~~~~~~~~~~~~~~~~~~~~~~~~~~~~~~
Wed 08 Oct 2025 09:30:01 PM PDT - Started Downloading images
Wed 08 Oct 2025 09:30:01 PM PDT - Completed downloading images
~~~~~~~~~~~~~~~~~~~~~~~~~~~~~~~~~~~~~~~~~~~~~~~~~
Wed 08 Oct 2025 10:00:01 PM PDT - Started Downloading images
Wed 08 Oct 2025 10:00:02 PM PDT - Completed downloading images
~~~~~~~~~~~~~~~~~~~~~~~~~~~~~~~~~~~~~~~~~~~~~~~~~
Wed 08 Oct 2025 10:30:01 PM PDT - Started Downloading images
Wed 08 Oct 2025 10:30:01 PM PDT - Completed downloading images
~~~~~~~~~~~~~~~~~~~~~~~~~~~~~~~~~~~~~~~~~~~~~~~~~
Wed 08 Oct 2025 11:00:01 PM PDT - Started Downloading images
Wed 08 Oct 2025 11:00:02 PM PDT - Completed downloading images
~~~~~~~~~~~~~~~~~~~~~~~~~~~~~~~~~~~~~~~~~~~~~~~~~
Wed 08 Oct 2025 11:30:01 PM PDT - Started Downloading images
Wed 08 Oct 2025 11:30:01 PM PDT - Completed downloading images
~~~~~~~~~~~~~~~~~~~~~~~~~~~~~~~~~~~~~~~~~~~~~~~~~
Thu 09 Oct 2025 12:00:01 AM PDT - Started Downloading images
Thu 09 Oct 2025 12:00:02 AM PDT - Completed downloading images
~~~~~~~~~~~~~~~~~~~~~~~~~~~~~~~~~~~~~~~~~~~~~~~~~
Thu 09 Oct 2025 12:30:01 AM PDT - Started Downloading images
Thu 09 Oct 2025 12:30:01 AM PDT - Completed downloading images
~~~~~~~~~~~~~~~~~~~~~~~~~~~~~~~~~~~~~~~~~~~~~~~~~
Thu 09 Oct 2025 01:00:01 AM PDT - Started Downloading images
Thu 09 Oct 2025 01:00:02 AM PDT - Completed downloading images
~~~~~~~~~~~~~~~~~~~~~~~~~~~~~~~~~~~~~~~~~~~~~~~~~
Thu 09 Oct 2025 01:30:01 AM PDT - Started Downloading images
Thu 09 Oct 2025 01:30:02 AM PDT - Completed downloading images
~~~~~~~~~~~~~~~~~~~~~~~~~~~~~~~~~~~~~~~~~~~~~~~~~
Thu 09 Oct 2025 02:00:01 AM PDT - Started Downloading images
Thu 09 Oct 2025 02:00:01 AM PDT - Completed downloading images
~~~~~~~~~~~~~~~~~~~~~~~~~~~~~~~~~~~~~~~~~~~~~~~~~
Thu 09 Oct 2025 02:30:01 AM PDT - Started Downloading images
Thu 09 Oct 2025 02:30:02 AM PDT - Completed downloading images
~~~~~~~~~~~~~~~~~~~~~~~~~~~~~~~~~~~~~~~~~~~~~~~~~
Thu 09 Oct 2025 03:00:01 AM PDT - Started Downloading images
Thu 09 Oct 2025 03:00:02 AM PDT - Completed downloading images
~~~~~~~~~~~~~~~~~~~~~~~~~~~~~~~~~~~~~~~~~~~~~~~~~
Thu 09 Oct 2025 03:30:01 AM PDT - Started Downloading images
Thu 09 Oct 2025 03:30:02 AM PDT - Completed downloading images
~~~~~~~~~~~~~~~~~~~~~~~~~~~~~~~~~~~~~~~~~~~~~~~~~
Thu 09 Oct 2025 04:00:01 AM PDT - Started Downloading images
Thu 09 Oct 2025 04:00:01 AM PDT - Completed downloading images
~~~~~~~~~~~~~~~~~~~~~~~~~~~~~~~~~~~~~~~~~~~~~~~~~
Thu 09 Oct 2025 04:30:01 AM PDT - Started Downloading images
Thu 09 Oct 2025 04:30:02 AM PDT - Completed downloading images
~~~~~~~~~~~~~~~~~~~~~~~~~~~~~~~~~~~~~~~~~~~~~~~~~
Thu 09 Oct 2025 05:00:01 AM PDT - Started Downloading images
Thu 09 Oct 2025 05:00:01 AM PDT - Completed downloading images
~~~~~~~~~~~~~~~~~~~~~~~~~~~~~~~~~~~~~~~~~~~~~~~~~
Thu 09 Oct 2025 05:30:01 AM PDT - Started Downloading images
Thu 09 Oct 2025 05:30:02 AM PDT - Completed downloading images
~~~~~~~~~~~~~~~~~~~~~~~~~~~~~~~~~~~~~~~~~~~~~~~~~
Thu 09 Oct 2025 06:00:01 AM PDT - Started Downloading images
Thu 09 Oct 2025 06:00:01 AM PDT - Completed downloading images
~~~~~~~~~~~~~~~~~~~~~~~~~~~~~~~~~~~~~~~~~~~~~~~~~
Thu 09 Oct 2025 06:30:01 AM PDT - Started Downloading images
Thu 09 Oct 2025 06:30:01 AM PDT - Completed downloading images
~~~~~~~~~~~~~~~~~~~~~~~~~~~~~~~~~~~~~~~~~~~~~~~~~
Thu 09 Oct 2025 07:00:01 AM PDT - Started Downloading images
Thu 09 Oct 2025 07:00:02 AM PDT - Completed downloading images
~~~~~~~~~~~~~~~~~~~~~~~~~~~~~~~~~~~~~~~~~~~~~~~~~
Thu 09 Oct 2025 07:30:01 AM PDT - Started Downloading images
Thu 09 Oct 2025 07:30:01 AM PDT - Completed downloading images
~~~~~~~~~~~~~~~~~~~~~~~~~~~~~~~~~~~~~~~~~~~~~~~~~
Thu 09 Oct 2025 08:00:01 AM PDT - Started Downloading images
Thu 09 Oct 2025 08:00:02 AM PDT - Completed downloading images
~~~~~~~~~~~~~~~~~~~~~~~~~~~~~~~~~~~~~~~~~~~~~~~~~
Thu 09 Oct 2025 08:30:01 AM PDT - Started Downloading images
Thu 09 Oct 2025 08:30:01 AM PDT - Completed downloading images
~~~~~~~~~~~~~~~~~~~~~~~~~~~~~~~~~~~~~~~~~~~~~~~~~
Thu 09 Oct 2025 09:00:01 AM PDT - Started Downloading images
Thu 09 Oct 2025 09:00:02 AM PDT - Completed downloading images
~~~~~~~~~~~~~~~~~~~~~~~~~~~~~~~~~~~~~~~~~~~~~~~~~
Thu 09 Oct 2025 09:30:01 AM PDT - Started Downloading images
Thu 09 Oct 2025 09:30:01 AM PDT - Completed downloading images
~~~~~~~~~~~~~~~~~~~~~~~~~~~~~~~~~~~~~~~~~~~~~~~~~
Thu 09 Oct 2025 10:00:01 AM PDT - Started Downloading images
Thu 09 Oct 2025 10:00:02 AM PDT - Completed downloading images
~~~~~~~~~~~~~~~~~~~~~~~~~~~~~~~~~~~~~~~~~~~~~~~~~
Thu 09 Oct 2025 10:30:01 AM PDT - Started Downloading images
Thu 09 Oct 2025 10:30:01 AM PDT - Completed downloading images
~~~~~~~~~~~~~~~~~~~~~~~~~~~~~~~~~~~~~~~~~~~~~~~~~
Thu 09 Oct 2025 11:00:01 AM PDT - Started Downloading images
Thu 09 Oct 2025 11:00:02 AM PDT - Completed downloading images
~~~~~~~~~~~~~~~~~~~~~~~~~~~~~~~~~~~~~~~~~~~~~~~~~
Thu 09 Oct 2025 11:30:01 AM PDT - Started Downloading images
Thu 09 Oct 2025 11:30:01 AM PDT - Completed downloading images
~~~~~~~~~~~~~~~~~~~~~~~~~~~~~~~~~~~~~~~~~~~~~~~~~
Thu 09 Oct 2025 12:00:01 PM PDT - Started Downloading images
Thu 09 Oct 2025 12:00:02 PM PDT - Completed downloading images
~~~~~~~~~~~~~~~~~~~~~~~~~~~~~~~~~~~~~~~~~~~~~~~~~
Thu 09 Oct 2025 12:30:01 PM PDT - Started Downloading images
Thu 09 Oct 2025 12:30:01 PM PDT - Completed downloading images
~~~~~~~~~~~~~~~~~~~~~~~~~~~~~~~~~~~~~~~~~~~~~~~~~
Thu 09 Oct 2025 01:00:01 PM PDT - Started Downloading images
Thu 09 Oct 2025 01:00:01 PM PDT - Completed downloading images
~~~~~~~~~~~~~~~~~~~~~~~~~~~~~~~~~~~~~~~~~~~~~~~~~
Thu 09 Oct 2025 01:30:01 PM PDT - Started Downloading images
Thu 09 Oct 2025 01:30:02 PM PDT - Completed downloading images
~~~~~~~~~~~~~~~~~~~~~~~~~~~~~~~~~~~~~~~~~~~~~~~~~
Thu 09 Oct 2025 02:00:01 PM PDT - Started Downloading images
Thu 09 Oct 2025 02:00:01 PM PDT - Completed downloading images
~~~~~~~~~~~~~~~~~~~~~~~~~~~~~~~~~~~~~~~~~~~~~~~~~
Thu 09 Oct 2025 02:30:01 PM PDT - Started Downloading images
Thu 09 Oct 2025 02:30:02 PM PDT - Completed downloading images
~~~~~~~~~~~~~~~~~~~~~~~~~~~~~~~~~~~~~~~~~~~~~~~~~
Thu 09 Oct 2025 03:00:01 PM PDT - Started Downloading images
Thu 09 Oct 2025 03:00:01 PM PDT - Completed downloading images
~~~~~~~~~~~~~~~~~~~~~~~~~~~~~~~~~~~~~~~~~~~~~~~~~
Thu 09 Oct 2025 03:30:01 PM PDT - Started Downloading images
Thu 09 Oct 2025 03:30:02 PM PDT - Completed downloading images
~~~~~~~~~~~~~~~~~~~~~~~~~~~~~~~~~~~~~~~~~~~~~~~~~
Thu 09 Oct 2025 04:00:01 PM PDT - Started Downloading images
Thu 09 Oct 2025 04:00:01 PM PDT - Completed downloading images
~~~~~~~~~~~~~~~~~~~~~~~~~~~~~~~~~~~~~~~~~~~~~~~~~
Thu 09 Oct 2025 04:30:01 PM PDT - Started Downloading images
Thu 09 Oct 2025 04:30:02 PM PDT - Completed downloading images
~~~~~~~~~~~~~~~~~~~~~~~~~~~~~~~~~~~~~~~~~~~~~~~~~
Thu 09 Oct 2025 05:00:01 PM PDT - Started Downloading images
Thu 09 Oct 2025 05:00:01 PM PDT - Completed downloading images
~~~~~~~~~~~~~~~~~~~~~~~~~~~~~~~~~~~~~~~~~~~~~~~~~
Thu 09 Oct 2025 05:30:01 PM PDT - Started Downloading images
Thu 09 Oct 2025 05:30:02 PM PDT - Completed downloading images
~~~~~~~~~~~~~~~~~~~~~~~~~~~~~~~~~~~~~~~~~~~~~~~~~
Thu 09 Oct 2025 06:00:01 PM PDT - Started Downloading images
Thu 09 Oct 2025 06:00:01 PM PDT - Completed downloading images
~~~~~~~~~~~~~~~~~~~~~~~~~~~~~~~~~~~~~~~~~~~~~~~~~
Thu 09 Oct 2025 06:30:01 PM PDT - Started Downloading images
Thu 09 Oct 2025 06:30:02 PM PDT - Completed downloading images
~~~~~~~~~~~~~~~~~~~~~~~~~~~~~~~~~~~~~~~~~~~~~~~~~
Thu 09 Oct 2025 07:00:01 PM PDT - Started Downloading images
Thu 09 Oct 2025 07:00:01 PM PDT - Completed downloading images
~~~~~~~~~~~~~~~~~~~~~~~~~~~~~~~~~~~~~~~~~~~~~~~~~
Thu 09 Oct 2025 07:30:01 PM PDT - Started Downloading images
Thu 09 Oct 2025 07:30:01 PM PDT - Completed downloading images
~~~~~~~~~~~~~~~~~~~~~~~~~~~~~~~~~~~~~~~~~~~~~~~~~
Thu 09 Oct 2025 08:00:01 PM PDT - Started Downloading images
Thu 09 Oct 2025 08:00:02 PM PDT - Completed downloading images
~~~~~~~~~~~~~~~~~~~~~~~~~~~~~~~~~~~~~~~~~~~~~~~~~
Thu 09 Oct 2025 08:30:01 PM PDT - Started Downloading images
Thu 09 Oct 2025 08:30:01 PM PDT - Completed downloading images
~~~~~~~~~~~~~~~~~~~~~~~~~~~~~~~~~~~~~~~~~~~~~~~~~
Thu 09 Oct 2025 09:00:01 PM PDT - Started Downloading images
Thu 09 Oct 2025 09:00:02 PM PDT - Completed downloading images
~~~~~~~~~~~~~~~~~~~~~~~~~~~~~~~~~~~~~~~~~~~~~~~~~
Thu 09 Oct 2025 09:30:01 PM PDT - Started Downloading images
Thu 09 Oct 2025 09:30:01 PM PDT - Completed downloading images
~~~~~~~~~~~~~~~~~~~~~~~~~~~~~~~~~~~~~~~~~~~~~~~~~
Thu 09 Oct 2025 10:00:01 PM PDT - Started Downloading images
Thu 09 Oct 2025 10:00:02 PM PDT - Completed downloading images
~~~~~~~~~~~~~~~~~~~~~~~~~~~~~~~~~~~~~~~~~~~~~~~~~
Thu 09 Oct 2025 10:30:01 PM PDT - Started Downloading images
Thu 09 Oct 2025 10:30:01 PM PDT - Completed downloading images
~~~~~~~~~~~~~~~~~~~~~~~~~~~~~~~~~~~~~~~~~~~~~~~~~
Thu 09 Oct 2025 11:00:01 PM PDT - Started Downloading images
Thu 09 Oct 2025 11:00:01 PM PDT - Completed downloading images
~~~~~~~~~~~~~~~~~~~~~~~~~~~~~~~~~~~~~~~~~~~~~~~~~
Thu 09 Oct 2025 11:30:01 PM PDT - Started Downloading images
Thu 09 Oct 2025 11:30:01 PM PDT - Completed downloading images
~~~~~~~~~~~~~~~~~~~~~~~~~~~~~~~~~~~~~~~~~~~~~~~~~
Fri 10 Oct 2025 12:00:01 AM PDT - Started Downloading images
Fri 10 Oct 2025 12:00:01 AM PDT - Completed downloading images
~~~~~~~~~~~~~~~~~~~~~~~~~~~~~~~~~~~~~~~~~~~~~~~~~
Fri 10 Oct 2025 12:30:01 AM PDT - Started Downloading images
Fri 10 Oct 2025 12:30:02 AM PDT - Completed downloading images
~~~~~~~~~~~~~~~~~~~~~~~~~~~~~~~~~~~~~~~~~~~~~~~~~
Fri 10 Oct 2025 01:00:01 AM PDT - Started Downloading images
Fri 10 Oct 2025 01:00:01 AM PDT - Completed downloading images
~~~~~~~~~~~~~~~~~~~~~~~~~~~~~~~~~~~~~~~~~~~~~~~~~
Fri 10 Oct 2025 01:30:01 AM PDT - Started Downloading images
Fri 10 Oct 2025 01:30:02 AM PDT - Completed downloading images
~~~~~~~~~~~~~~~~~~~~~~~~~~~~~~~~~~~~~~~~~~~~~~~~~
Fri 10 Oct 2025 02:00:01 AM PDT - Started Downloading images
Fri 10 Oct 2025 02:00:01 AM PDT - Completed downloading images
~~~~~~~~~~~~~~~~~~~~~~~~~~~~~~~~~~~~~~~~~~~~~~~~~
Fri 10 Oct 2025 02:30:01 AM PDT - Started Downloading images
Fri 10 Oct 2025 02:30:02 AM PDT - Completed downloading images
~~~~~~~~~~~~~~~~~~~~~~~~~~~~~~~~~~~~~~~~~~~~~~~~~
Fri 10 Oct 2025 03:00:01 AM PDT - Started Downloading images
Fri 10 Oct 2025 03:00:01 AM PDT - Completed downloading images
~~~~~~~~~~~~~~~~~~~~~~~~~~~~~~~~~~~~~~~~~~~~~~~~~
Fri 10 Oct 2025 03:30:01 AM PDT - Started Downloading images
Fri 10 Oct 2025 03:30:02 AM PDT - Completed downloading images
~~~~~~~~~~~~~~~~~~~~~~~~~~~~~~~~~~~~~~~~~~~~~~~~~
Fri 10 Oct 2025 04:00:01 AM PDT - Started Downloading images
Fri 10 Oct 2025 04:00:02 AM PDT - Completed downloading images
~~~~~~~~~~~~~~~~~~~~~~~~~~~~~~~~~~~~~~~~~~~~~~~~~
Fri 10 Oct 2025 04:30:01 AM PDT - Started Downloading images
Fri 10 Oct 2025 04:30:01 AM PDT - Completed downloading images
~~~~~~~~~~~~~~~~~~~~~~~~~~~~~~~~~~~~~~~~~~~~~~~~~
Fri 10 Oct 2025 05:00:01 AM PDT - Started Downloading images
Fri 10 Oct 2025 05:00:02 AM PDT - Completed downloading images
~~~~~~~~~~~~~~~~~~~~~~~~~~~~~~~~~~~~~~~~~~~~~~~~~
Fri 10 Oct 2025 05:30:01 AM PDT - Started Downloading images
Fri 10 Oct 2025 05:30:01 AM PDT - Completed downloading images
~~~~~~~~~~~~~~~~~~~~~~~~~~~~~~~~~~~~~~~~~~~~~~~~~
Fri 10 Oct 2025 06:00:01 AM PDT - Started Downloading images
Fri 10 Oct 2025 06:00:02 AM PDT - Completed downloading images
~~~~~~~~~~~~~~~~~~~~~~~~~~~~~~~~~~~~~~~~~~~~~~~~~
Fri 10 Oct 2025 06:30:01 AM PDT - Started Downloading images
Fri 10 Oct 2025 06:30:02 AM PDT - Completed downloading images
~~~~~~~~~~~~~~~~~~~~~~~~~~~~~~~~~~~~~~~~~~~~~~~~~
Fri 10 Oct 2025 07:00:01 AM PDT - Started Downloading images
Fri 10 Oct 2025 07:00:01 AM PDT - Completed downloading images
~~~~~~~~~~~~~~~~~~~~~~~~~~~~~~~~~~~~~~~~~~~~~~~~~
Fri 10 Oct 2025 07:30:01 AM PDT - Started Downloading images
Fri 10 Oct 2025 07:30:02 AM PDT - Completed downloading images
~~~~~~~~~~~~~~~~~~~~~~~~~~~~~~~~~~~~~~~~~~~~~~~~~
Fri 10 Oct 2025 08:00:01 AM PDT - Started Downloading images
Fri 10 Oct 2025 08:00:01 AM PDT - Completed downloading images
~~~~~~~~~~~~~~~~~~~~~~~~~~~~~~~~~~~~~~~~~~~~~~~~~
Fri 10 Oct 2025 08:30:01 AM PDT - Started Downloading images
Fri 10 Oct 2025 08:30:02 AM PDT - Completed downloading images
~~~~~~~~~~~~~~~~~~~~~~~~~~~~~~~~~~~~~~~~~~~~~~~~~
Fri 10 Oct 2025 09:00:01 AM PDT - Started Downloading images
Fri 10 Oct 2025 09:00:01 AM PDT - Completed downloading images
~~~~~~~~~~~~~~~~~~~~~~~~~~~~~~~~~~~~~~~~~~~~~~~~~
Fri 10 Oct 2025 09:30:01 AM PDT - Started Downloading images
Fri 10 Oct 2025 09:30:02 AM PDT - Completed downloading images
~~~~~~~~~~~~~~~~~~~~~~~~~~~~~~~~~~~~~~~~~~~~~~~~~
Fri 10 Oct 2025 10:00:01 AM PDT - Started Downloading images
Fri 10 Oct 2025 10:00:01 AM PDT - Completed downloading images
~~~~~~~~~~~~~~~~~~~~~~~~~~~~~~~~~~~~~~~~~~~~~~~~~
Fri 10 Oct 2025 10:30:01 AM PDT - Started Downloading images
Fri 10 Oct 2025 10:30:02 AM PDT - Completed downloading images
~~~~~~~~~~~~~~~~~~~~~~~~~~~~~~~~~~~~~~~~~~~~~~~~~
Fri 10 Oct 2025 11:00:01 AM PDT - Started Downloading images
Fri 10 Oct 2025 11:00:01 AM PDT - Completed downloading images
~~~~~~~~~~~~~~~~~~~~~~~~~~~~~~~~~~~~~~~~~~~~~~~~~
Fri 10 Oct 2025 11:30:01 AM PDT - Started Downloading images
Fri 10 Oct 2025 11:30:02 AM PDT - Completed downloading images
~~~~~~~~~~~~~~~~~~~~~~~~~~~~~~~~~~~~~~~~~~~~~~~~~
Fri 10 Oct 2025 12:00:01 PM PDT - Started Downloading images
Fri 10 Oct 2025 12:00:01 PM PDT - Completed downloading images
~~~~~~~~~~~~~~~~~~~~~~~~~~~~~~~~~~~~~~~~~~~~~~~~~
Fri 10 Oct 2025 12:30:01 PM PDT - Started Downloading images
Fri 10 Oct 2025 12:30:02 PM PDT - Completed downloading images
~~~~~~~~~~~~~~~~~~~~~~~~~~~~~~~~~~~~~~~~~~~~~~~~~
Fri 10 Oct 2025 01:00:01 PM PDT - Started Downloading images
Fri 10 Oct 2025 01:00:01 PM PDT - Completed downloading images
~~~~~~~~~~~~~~~~~~~~~~~~~~~~~~~~~~~~~~~~~~~~~~~~~
Fri 10 Oct 2025 01:30:01 PM PDT - Started Downloading images
Fri 10 Oct 2025 01:30:01 PM PDT - Completed downloading images
~~~~~~~~~~~~~~~~~~~~~~~~~~~~~~~~~~~~~~~~~~~~~~~~~
Fri 10 Oct 2025 02:00:01 PM PDT - Started Downloading images
Fri 10 Oct 2025 02:00:02 PM PDT - Completed downloading images
~~~~~~~~~~~~~~~~~~~~~~~~~~~~~~~~~~~~~~~~~~~~~~~~~
Fri 10 Oct 2025 02:30:01 PM PDT - Started Downloading images
Fri 10 Oct 2025 02:30:01 PM PDT - Completed downloading images
~~~~~~~~~~~~~~~~~~~~~~~~~~~~~~~~~~~~~~~~~~~~~~~~~
Fri 10 Oct 2025 03:00:01 PM PDT - Started Downloading images
Fri 10 Oct 2025 03:00:02 PM PDT - Completed downloading images
~~~~~~~~~~~~~~~~~~~~~~~~~~~~~~~~~~~~~~~~~~~~~~~~~
Fri 10 Oct 2025 03:30:01 PM PDT - Started Downloading images
Fri 10 Oct 2025 03:30:01 PM PDT - Completed downloading images
~~~~~~~~~~~~~~~~~~~~~~~~~~~~~~~~~~~~~~~~~~~~~~~~~
Fri 10 Oct 2025 04:00:01 PM PDT - Started Downloading images
Fri 10 Oct 2025 04:00:01 PM PDT - Completed downloading images
~~~~~~~~~~~~~~~~~~~~~~~~~~~~~~~~~~~~~~~~~~~~~~~~~
Fri 10 Oct 2025 04:30:01 PM PDT - Started Downloading images
Fri 10 Oct 2025 04:30:02 PM PDT - Completed downloading images
~~~~~~~~~~~~~~~~~~~~~~~~~~~~~~~~~~~~~~~~~~~~~~~~~
Fri 10 Oct 2025 05:00:01 PM PDT - Started Downloading images
Fri 10 Oct 2025 05:00:01 PM PDT - Completed downloading images
~~~~~~~~~~~~~~~~~~~~~~~~~~~~~~~~~~~~~~~~~~~~~~~~~
Fri 10 Oct 2025 05:30:01 PM PDT - Started Downloading images
Fri 10 Oct 2025 05:30:02 PM PDT - Completed downloading images
~~~~~~~~~~~~~~~~~~~~~~~~~~~~~~~~~~~~~~~~~~~~~~~~~
Fri 10 Oct 2025 06:00:01 PM PDT - Started Downloading images
Fri 10 Oct 2025 06:00:01 PM PDT - Completed downloading images
~~~~~~~~~~~~~~~~~~~~~~~~~~~~~~~~~~~~~~~~~~~~~~~~~
Fri 10 Oct 2025 06:30:01 PM PDT - Started Downloading images
Fri 10 Oct 2025 06:30:02 PM PDT - Completed downloading images
~~~~~~~~~~~~~~~~~~~~~~~~~~~~~~~~~~~~~~~~~~~~~~~~~
Fri 10 Oct 2025 07:00:01 PM PDT - Started Downloading images
Fri 10 Oct 2025 07:00:01 PM PDT - Completed downloading images
~~~~~~~~~~~~~~~~~~~~~~~~~~~~~~~~~~~~~~~~~~~~~~~~~
Fri 10 Oct 2025 07:30:01 PM PDT - Started Downloading images
Fri 10 Oct 2025 07:30:02 PM PDT - Completed downloading images
~~~~~~~~~~~~~~~~~~~~~~~~~~~~~~~~~~~~~~~~~~~~~~~~~
Fri 10 Oct 2025 08:00:01 PM PDT - Started Downloading images
Fri 10 Oct 2025 08:00:01 PM PDT - Completed downloading images
~~~~~~~~~~~~~~~~~~~~~~~~~~~~~~~~~~~~~~~~~~~~~~~~~
Fri 10 Oct 2025 08:30:01 PM PDT - Started Downloading images
Fri 10 Oct 2025 08:30:02 PM PDT - Completed downloading images
~~~~~~~~~~~~~~~~~~~~~~~~~~~~~~~~~~~~~~~~~~~~~~~~~
Fri 10 Oct 2025 09:00:01 PM PDT - Started Downloading images
Fri 10 Oct 2025 09:00:01 PM PDT - Completed downloading images
~~~~~~~~~~~~~~~~~~~~~~~~~~~~~~~~~~~~~~~~~~~~~~~~~
Fri 10 Oct 2025 09:30:01 PM PDT - Started Downloading images
Fri 10 Oct 2025 09:30:02 PM PDT - Completed downloading images
~~~~~~~~~~~~~~~~~~~~~~~~~~~~~~~~~~~~~~~~~~~~~~~~~
Fri 10 Oct 2025 10:00:01 PM PDT - Started Downloading images
Fri 10 Oct 2025 10:00:01 PM PDT - Completed downloading images
~~~~~~~~~~~~~~~~~~~~~~~~~~~~~~~~~~~~~~~~~~~~~~~~~
Fri 10 Oct 2025 10:30:01 PM PDT - Started Downloading images
Fri 10 Oct 2025 10:30:02 PM PDT - Completed downloading images
~~~~~~~~~~~~~~~~~~~~~~~~~~~~~~~~~~~~~~~~~~~~~~~~~
Fri 10 Oct 2025 11:00:01 PM PDT - Started Downloading images
Fri 10 Oct 2025 11:00:01 PM PDT - Completed downloading images
~~~~~~~~~~~~~~~~~~~~~~~~~~~~~~~~~~~~~~~~~~~~~~~~~
Fri 10 Oct 2025 11:30:01 PM PDT - Started Downloading images
Fri 10 Oct 2025 11:30:02 PM PDT - Completed downloading images
~~~~~~~~~~~~~~~~~~~~~~~~~~~~~~~~~~~~~~~~~~~~~~~~~
Sat 11 Oct 2025 12:00:01 AM PDT - Started Downloading images
Sat 11 Oct 2025 12:00:01 AM PDT - Completed downloading images
~~~~~~~~~~~~~~~~~~~~~~~~~~~~~~~~~~~~~~~~~~~~~~~~~
Sat 11 Oct 2025 12:30:01 AM PDT - Started Downloading images
Sat 11 Oct 2025 12:30:02 AM PDT - Completed downloading images
~~~~~~~~~~~~~~~~~~~~~~~~~~~~~~~~~~~~~~~~~~~~~~~~~
Sat 11 Oct 2025 01:00:01 AM PDT - Started Downloading images
Sat 11 Oct 2025 01:00:01 AM PDT - Completed downloading images
~~~~~~~~~~~~~~~~~~~~~~~~~~~~~~~~~~~~~~~~~~~~~~~~~
Sat 11 Oct 2025 01:30:02 AM PDT - Started Downloading images
Sat 11 Oct 2025 01:30:02 AM PDT - Completed downloading images
~~~~~~~~~~~~~~~~~~~~~~~~~~~~~~~~~~~~~~~~~~~~~~~~~
Sat 11 Oct 2025 02:00:01 AM PDT - Started Downloading images
Sat 11 Oct 2025 02:00:01 AM PDT - Completed downloading images
~~~~~~~~~~~~~~~~~~~~~~~~~~~~~~~~~~~~~~~~~~~~~~~~~
Sat 11 Oct 2025 02:30:01 AM PDT - Started Downloading images
Sat 11 Oct 2025 02:30:01 AM PDT - Completed downloading images
~~~~~~~~~~~~~~~~~~~~~~~~~~~~~~~~~~~~~~~~~~~~~~~~~
Sat 11 Oct 2025 03:00:01 AM PDT - Started Downloading images
Sat 11 Oct 2025 03:00:02 AM PDT - Completed downloading images
~~~~~~~~~~~~~~~~~~~~~~~~~~~~~~~~~~~~~~~~~~~~~~~~~
Sat 11 Oct 2025 03:30:01 AM PDT - Started Downloading images
Sat 11 Oct 2025 03:30:02 AM PDT - Completed downloading images
~~~~~~~~~~~~~~~~~~~~~~~~~~~~~~~~~~~~~~~~~~~~~~~~~
Sat 11 Oct 2025 04:00:01 AM PDT - Started Downloading images
Sat 11 Oct 2025 04:00:01 AM PDT - Completed downloading images
~~~~~~~~~~~~~~~~~~~~~~~~~~~~~~~~~~~~~~~~~~~~~~~~~
Sat 11 Oct 2025 04:30:01 AM PDT - Started Downloading images
Sat 11 Oct 2025 04:30:02 AM PDT - Completed downloading images
~~~~~~~~~~~~~~~~~~~~~~~~~~~~~~~~~~~~~~~~~~~~~~~~~
Sat 11 Oct 2025 05:00:01 AM PDT - Started Downloading images
Sat 11 Oct 2025 05:00:01 AM PDT - Completed downloading images
~~~~~~~~~~~~~~~~~~~~~~~~~~~~~~~~~~~~~~~~~~~~~~~~~
Sat 11 Oct 2025 05:30:01 AM PDT - Started Downloading images
Sat 11 Oct 2025 05:30:02 AM PDT - Completed downloading images
~~~~~~~~~~~~~~~~~~~~~~~~~~~~~~~~~~~~~~~~~~~~~~~~~
Sat 11 Oct 2025 06:00:01 AM PDT - Started Downloading images
Sat 11 Oct 2025 06:00:01 AM PDT - Completed downloading images
~~~~~~~~~~~~~~~~~~~~~~~~~~~~~~~~~~~~~~~~~~~~~~~~~
Sat 11 Oct 2025 06:30:01 AM PDT - Started Downloading images
Sat 11 Oct 2025 06:30:01 AM PDT - Completed downloading images
~~~~~~~~~~~~~~~~~~~~~~~~~~~~~~~~~~~~~~~~~~~~~~~~~
Sat 11 Oct 2025 07:00:01 AM PDT - Started Downloading images
Sat 11 Oct 2025 07:00:02 AM PDT - Completed downloading images
~~~~~~~~~~~~~~~~~~~~~~~~~~~~~~~~~~~~~~~~~~~~~~~~~
Sat 11 Oct 2025 07:30:01 AM PDT - Started Downloading images
Sat 11 Oct 2025 07:30:01 AM PDT - Completed downloading images
~~~~~~~~~~~~~~~~~~~~~~~~~~~~~~~~~~~~~~~~~~~~~~~~~
Sat 11 Oct 2025 08:00:01 AM PDT - Started Downloading images
Sat 11 Oct 2025 08:00:02 AM PDT - Completed downloading images
~~~~~~~~~~~~~~~~~~~~~~~~~~~~~~~~~~~~~~~~~~~~~~~~~
Sat 11 Oct 2025 08:30:01 AM PDT - Started Downloading images
Sat 11 Oct 2025 08:30:01 AM PDT - Completed downloading images
~~~~~~~~~~~~~~~~~~~~~~~~~~~~~~~~~~~~~~~~~~~~~~~~~
Sat 11 Oct 2025 09:00:01 AM PDT - Started Downloading images
Sat 11 Oct 2025 09:00:02 AM PDT - Completed downloading images
~~~~~~~~~~~~~~~~~~~~~~~~~~~~~~~~~~~~~~~~~~~~~~~~~
Sat 11 Oct 2025 09:30:01 AM PDT - Started Downloading images
Sat 11 Oct 2025 09:30:01 AM PDT - Completed downloading images
~~~~~~~~~~~~~~~~~~~~~~~~~~~~~~~~~~~~~~~~~~~~~~~~~
Sat 11 Oct 2025 10:00:01 AM PDT - Started Downloading images
Sat 11 Oct 2025 10:00:02 AM PDT - Completed downloading images
~~~~~~~~~~~~~~~~~~~~~~~~~~~~~~~~~~~~~~~~~~~~~~~~~
Sat 11 Oct 2025 10:30:01 AM PDT - Started Downloading images
Sat 11 Oct 2025 10:30:01 AM PDT - Completed downloading images
~~~~~~~~~~~~~~~~~~~~~~~~~~~~~~~~~~~~~~~~~~~~~~~~~
Sat 11 Oct 2025 11:00:01 AM PDT - Started Downloading images
Sat 11 Oct 2025 11:00:02 AM PDT - Completed downloading images
~~~~~~~~~~~~~~~~~~~~~~~~~~~~~~~~~~~~~~~~~~~~~~~~~
Sat 11 Oct 2025 11:30:01 AM PDT - Started Downloading images
Sat 11 Oct 2025 11:30:01 AM PDT - Completed downloading images
~~~~~~~~~~~~~~~~~~~~~~~~~~~~~~~~~~~~~~~~~~~~~~~~~
Sat 11 Oct 2025 12:00:01 PM PDT - Started Downloading images
Sat 11 Oct 2025 12:00:02 PM PDT - Completed downloading images
~~~~~~~~~~~~~~~~~~~~~~~~~~~~~~~~~~~~~~~~~~~~~~~~~
Sat 11 Oct 2025 12:30:01 PM PDT - Started Downloading images
Sat 11 Oct 2025 12:30:01 PM PDT - Completed downloading images
~~~~~~~~~~~~~~~~~~~~~~~~~~~~~~~~~~~~~~~~~~~~~~~~~
Sat 11 Oct 2025 01:00:01 PM PDT - Started Downloading images
Sat 11 Oct 2025 01:00:02 PM PDT - Completed downloading images
~~~~~~~~~~~~~~~~~~~~~~~~~~~~~~~~~~~~~~~~~~~~~~~~~
Sat 11 Oct 2025 01:30:01 PM PDT - Started Downloading images
Sat 11 Oct 2025 01:30:01 PM PDT - Completed downloading images
~~~~~~~~~~~~~~~~~~~~~~~~~~~~~~~~~~~~~~~~~~~~~~~~~
Sat 11 Oct 2025 02:00:01 PM PDT - Started Downloading images
Sat 11 Oct 2025 02:00:02 PM PDT - Completed downloading images
~~~~~~~~~~~~~~~~~~~~~~~~~~~~~~~~~~~~~~~~~~~~~~~~~
Sat 11 Oct 2025 02:30:01 PM PDT - Started Downloading images
Sat 11 Oct 2025 02:30:01 PM PDT - Completed downloading images
~~~~~~~~~~~~~~~~~~~~~~~~~~~~~~~~~~~~~~~~~~~~~~~~~
Sat 11 Oct 2025 03:00:01 PM PDT - Started Downloading images
Sat 11 Oct 2025 03:00:02 PM PDT - Completed downloading images
~~~~~~~~~~~~~~~~~~~~~~~~~~~~~~~~~~~~~~~~~~~~~~~~~
Sat 11 Oct 2025 03:30:01 PM PDT - Started Downloading images
Sat 11 Oct 2025 03:30:01 PM PDT - Completed downloading images
~~~~~~~~~~~~~~~~~~~~~~~~~~~~~~~~~~~~~~~~~~~~~~~~~
Sat 11 Oct 2025 04:00:01 PM PDT - Started Downloading images
Sat 11 Oct 2025 04:00:02 PM PDT - Completed downloading images
~~~~~~~~~~~~~~~~~~~~~~~~~~~~~~~~~~~~~~~~~~~~~~~~~
Sat 11 Oct 2025 04:30:01 PM PDT - Started Downloading images
Sat 11 Oct 2025 04:30:01 PM PDT - Completed downloading images
~~~~~~~~~~~~~~~~~~~~~~~~~~~~~~~~~~~~~~~~~~~~~~~~~
Sat 11 Oct 2025 05:00:01 PM PDT - Started Downloading images
Sat 11 Oct 2025 05:00:02 PM PDT - Completed downloading images
~~~~~~~~~~~~~~~~~~~~~~~~~~~~~~~~~~~~~~~~~~~~~~~~~
Sat 11 Oct 2025 05:30:01 PM PDT - Started Downloading images
Sat 11 Oct 2025 05:30:01 PM PDT - Completed downloading images
~~~~~~~~~~~~~~~~~~~~~~~~~~~~~~~~~~~~~~~~~~~~~~~~~
Sat 11 Oct 2025 06:00:02 PM PDT - Started Downloading images
Sat 11 Oct 2025 06:00:02 PM PDT - Completed downloading images
~~~~~~~~~~~~~~~~~~~~~~~~~~~~~~~~~~~~~~~~~~~~~~~~~
Sat 11 Oct 2025 06:30:01 PM PDT - Started Downloading images
Sat 11 Oct 2025 06:30:02 PM PDT - Completed downloading images
~~~~~~~~~~~~~~~~~~~~~~~~~~~~~~~~~~~~~~~~~~~~~~~~~
Sat 11 Oct 2025 07:00:01 PM PDT - Started Downloading images
Sat 11 Oct 2025 07:00:01 PM PDT - Completed downloading images
~~~~~~~~~~~~~~~~~~~~~~~~~~~~~~~~~~~~~~~~~~~~~~~~~
Sat 11 Oct 2025 07:30:01 PM PDT - Started Downloading images
Sat 11 Oct 2025 07:30:02 PM PDT - Completed downloading images
~~~~~~~~~~~~~~~~~~~~~~~~~~~~~~~~~~~~~~~~~~~~~~~~~
Sat 11 Oct 2025 08:00:01 PM PDT - Started Downloading images
Sat 11 Oct 2025 08:00:01 PM PDT - Completed downloading images
~~~~~~~~~~~~~~~~~~~~~~~~~~~~~~~~~~~~~~~~~~~~~~~~~
Sat 11 Oct 2025 08:30:01 PM PDT - Started Downloading images
Sat 11 Oct 2025 08:30:01 PM PDT - Completed downloading images
~~~~~~~~~~~~~~~~~~~~~~~~~~~~~~~~~~~~~~~~~~~~~~~~~
Sat 11 Oct 2025 09:00:01 PM PDT - Started Downloading images
Sat 11 Oct 2025 09:00:02 PM PDT - Completed downloading images
~~~~~~~~~~~~~~~~~~~~~~~~~~~~~~~~~~~~~~~~~~~~~~~~~
Sat 11 Oct 2025 09:30:01 PM PDT - Started Downloading images
Sat 11 Oct 2025 09:30:01 PM PDT - Completed downloading images
~~~~~~~~~~~~~~~~~~~~~~~~~~~~~~~~~~~~~~~~~~~~~~~~~
Sat 11 Oct 2025 10:00:01 PM PDT - Started Downloading images
Sat 11 Oct 2025 10:00:02 PM PDT - Completed downloading images
~~~~~~~~~~~~~~~~~~~~~~~~~~~~~~~~~~~~~~~~~~~~~~~~~
Sat 11 Oct 2025 10:30:01 PM PDT - Started Downloading images
Sat 11 Oct 2025 10:30:01 PM PDT - Completed downloading images
~~~~~~~~~~~~~~~~~~~~~~~~~~~~~~~~~~~~~~~~~~~~~~~~~
Sat 11 Oct 2025 11:00:01 PM PDT - Started Downloading images
Sat 11 Oct 2025 11:00:02 PM PDT - Completed downloading images
~~~~~~~~~~~~~~~~~~~~~~~~~~~~~~~~~~~~~~~~~~~~~~~~~
Sat 11 Oct 2025 11:30:01 PM PDT - Started Downloading images
Sat 11 Oct 2025 11:30:01 PM PDT - Completed downloading images
~~~~~~~~~~~~~~~~~~~~~~~~~~~~~~~~~~~~~~~~~~~~~~~~~
Sun 12 Oct 2025 12:00:01 AM PDT - Started Downloading images
Sun 12 Oct 2025 12:00:02 AM PDT - Completed downloading images
~~~~~~~~~~~~~~~~~~~~~~~~~~~~~~~~~~~~~~~~~~~~~~~~~
Sun 12 Oct 2025 12:30:01 AM PDT - Started Downloading images
Sun 12 Oct 2025 12:30:01 AM PDT - Completed downloading images
~~~~~~~~~~~~~~~~~~~~~~~~~~~~~~~~~~~~~~~~~~~~~~~~~
Sun 12 Oct 2025 01:00:01 AM PDT - Started Downloading images
Sun 12 Oct 2025 01:00:02 AM PDT - Completed downloading images
~~~~~~~~~~~~~~~~~~~~~~~~~~~~~~~~~~~~~~~~~~~~~~~~~
Sun 12 Oct 2025 01:30:01 AM PDT - Started Downloading images
Sun 12 Oct 2025 01:30:01 AM PDT - Completed downloading images
~~~~~~~~~~~~~~~~~~~~~~~~~~~~~~~~~~~~~~~~~~~~~~~~~
Sun 12 Oct 2025 02:00:01 AM PDT - Started Downloading images
Sun 12 Oct 2025 02:00:02 AM PDT - Completed downloading images
~~~~~~~~~~~~~~~~~~~~~~~~~~~~~~~~~~~~~~~~~~~~~~~~~
Sun 12 Oct 2025 02:30:01 AM PDT - Started Downloading images
Sun 12 Oct 2025 02:30:01 AM PDT - Completed downloading images
~~~~~~~~~~~~~~~~~~~~~~~~~~~~~~~~~~~~~~~~~~~~~~~~~
Sun 12 Oct 2025 03:00:01 AM PDT - Started Downloading images
Sun 12 Oct 2025 03:00:02 AM PDT - Completed downloading images
~~~~~~~~~~~~~~~~~~~~~~~~~~~~~~~~~~~~~~~~~~~~~~~~~
Sun 12 Oct 2025 03:30:01 AM PDT - Started Downloading images
Sun 12 Oct 2025 03:30:02 AM PDT - Completed downloading images
~~~~~~~~~~~~~~~~~~~~~~~~~~~~~~~~~~~~~~~~~~~~~~~~~
Sun 12 Oct 2025 04:00:01 AM PDT - Started Downloading images
Sun 12 Oct 2025 04:00:02 AM PDT - Completed downloading images
~~~~~~~~~~~~~~~~~~~~~~~~~~~~~~~~~~~~~~~~~~~~~~~~~
Sun 12 Oct 2025 04:30:01 AM PDT - Started Downloading images
Sun 12 Oct 2025 04:30:01 AM PDT - Completed downloading images
~~~~~~~~~~~~~~~~~~~~~~~~~~~~~~~~~~~~~~~~~~~~~~~~~
Sun 12 Oct 2025 05:00:01 AM PDT - Started Downloading images
Sun 12 Oct 2025 05:00:02 AM PDT - Completed downloading images
~~~~~~~~~~~~~~~~~~~~~~~~~~~~~~~~~~~~~~~~~~~~~~~~~
Sun 12 Oct 2025 05:30:01 AM PDT - Started Downloading images
Sun 12 Oct 2025 05:30:01 AM PDT - Completed downloading images
~~~~~~~~~~~~~~~~~~~~~~~~~~~~~~~~~~~~~~~~~~~~~~~~~
Sun 12 Oct 2025 06:00:01 AM PDT - Started Downloading images
Sun 12 Oct 2025 06:00:02 AM PDT - Completed downloading images
~~~~~~~~~~~~~~~~~~~~~~~~~~~~~~~~~~~~~~~~~~~~~~~~~
Sun 12 Oct 2025 06:30:01 AM PDT - Started Downloading images
Sun 12 Oct 2025 06:30:02 AM PDT - Completed downloading images
~~~~~~~~~~~~~~~~~~~~~~~~~~~~~~~~~~~~~~~~~~~~~~~~~
Sun 12 Oct 2025 07:00:01 AM PDT - Started Downloading images
Sun 12 Oct 2025 07:00:01 AM PDT - Completed downloading images
~~~~~~~~~~~~~~~~~~~~~~~~~~~~~~~~~~~~~~~~~~~~~~~~~
Sun 12 Oct 2025 07:30:01 AM PDT - Started Downloading images
Sun 12 Oct 2025 07:30:02 AM PDT - Completed downloading images
~~~~~~~~~~~~~~~~~~~~~~~~~~~~~~~~~~~~~~~~~~~~~~~~~
Sun 12 Oct 2025 08:00:01 AM PDT - Started Downloading images
Sun 12 Oct 2025 08:00:01 AM PDT - Completed downloading images
~~~~~~~~~~~~~~~~~~~~~~~~~~~~~~~~~~~~~~~~~~~~~~~~~
Sun 12 Oct 2025 08:30:01 AM PDT - Started Downloading images
Sun 12 Oct 2025 08:30:02 AM PDT - Completed downloading images
~~~~~~~~~~~~~~~~~~~~~~~~~~~~~~~~~~~~~~~~~~~~~~~~~
Sun 12 Oct 2025 09:00:01 AM PDT - Started Downloading images
Sun 12 Oct 2025 09:00:01 AM PDT - Completed downloading images
~~~~~~~~~~~~~~~~~~~~~~~~~~~~~~~~~~~~~~~~~~~~~~~~~
Sun 12 Oct 2025 09:30:01 AM PDT - Started Downloading images
Sun 12 Oct 2025 09:30:02 AM PDT - Completed downloading images
~~~~~~~~~~~~~~~~~~~~~~~~~~~~~~~~~~~~~~~~~~~~~~~~~
Sun 12 Oct 2025 10:00:01 AM PDT - Started Downloading images
Sun 12 Oct 2025 10:00:01 AM PDT - Completed downloading images
~~~~~~~~~~~~~~~~~~~~~~~~~~~~~~~~~~~~~~~~~~~~~~~~~
Sun 12 Oct 2025 10:30:01 AM PDT - Started Downloading images
Sun 12 Oct 2025 10:30:02 AM PDT - Completed downloading images
~~~~~~~~~~~~~~~~~~~~~~~~~~~~~~~~~~~~~~~~~~~~~~~~~
Sun 12 Oct 2025 11:00:01 AM PDT - Started Downloading images
Sun 12 Oct 2025 11:00:01 AM PDT - Completed downloading images
~~~~~~~~~~~~~~~~~~~~~~~~~~~~~~~~~~~~~~~~~~~~~~~~~
Sun 12 Oct 2025 11:30:01 AM PDT - Started Downloading images
Sun 12 Oct 2025 11:30:02 AM PDT - Completed downloading images
~~~~~~~~~~~~~~~~~~~~~~~~~~~~~~~~~~~~~~~~~~~~~~~~~
Sun 12 Oct 2025 12:00:01 PM PDT - Started Downloading images
Sun 12 Oct 2025 12:00:01 PM PDT - Completed downloading images
~~~~~~~~~~~~~~~~~~~~~~~~~~~~~~~~~~~~~~~~~~~~~~~~~
Sun 12 Oct 2025 12:30:01 PM PDT - Started Downloading images
Sun 12 Oct 2025 12:30:02 PM PDT - Completed downloading images
~~~~~~~~~~~~~~~~~~~~~~~~~~~~~~~~~~~~~~~~~~~~~~~~~
Sun 12 Oct 2025 01:00:01 PM PDT - Started Downloading images
Sun 12 Oct 2025 01:00:01 PM PDT - Completed downloading images
~~~~~~~~~~~~~~~~~~~~~~~~~~~~~~~~~~~~~~~~~~~~~~~~~
Sun 12 Oct 2025 01:30:01 PM PDT - Started Downloading images
Sun 12 Oct 2025 01:30:02 PM PDT - Completed downloading images
~~~~~~~~~~~~~~~~~~~~~~~~~~~~~~~~~~~~~~~~~~~~~~~~~
Sun 12 Oct 2025 02:00:01 PM PDT - Started Downloading images
Sun 12 Oct 2025 02:00:01 PM PDT - Completed downloading images
~~~~~~~~~~~~~~~~~~~~~~~~~~~~~~~~~~~~~~~~~~~~~~~~~
Sun 12 Oct 2025 02:30:01 PM PDT - Started Downloading images
Sun 12 Oct 2025 02:30:02 PM PDT - Completed downloading images
~~~~~~~~~~~~~~~~~~~~~~~~~~~~~~~~~~~~~~~~~~~~~~~~~
Sun 12 Oct 2025 03:00:01 PM PDT - Started Downloading images
Sun 12 Oct 2025 03:00:01 PM PDT - Completed downloading images
~~~~~~~~~~~~~~~~~~~~~~~~~~~~~~~~~~~~~~~~~~~~~~~~~
Sun 12 Oct 2025 03:30:02 PM PDT - Started Downloading images
Sun 12 Oct 2025 03:30:02 PM PDT - Completed downloading images
~~~~~~~~~~~~~~~~~~~~~~~~~~~~~~~~~~~~~~~~~~~~~~~~~
Sun 12 Oct 2025 04:00:01 PM PDT - Started Downloading images
Sun 12 Oct 2025 04:00:01 PM PDT - Completed downloading images
~~~~~~~~~~~~~~~~~~~~~~~~~~~~~~~~~~~~~~~~~~~~~~~~~
Sun 12 Oct 2025 04:30:02 PM PDT - Started Downloading images
Sun 12 Oct 2025 04:30:02 PM PDT - Completed downloading images
~~~~~~~~~~~~~~~~~~~~~~~~~~~~~~~~~~~~~~~~~~~~~~~~~
Sun 12 Oct 2025 05:00:01 PM PDT - Started Downloading images
Sun 12 Oct 2025 05:00:01 PM PDT - Completed downloading images
~~~~~~~~~~~~~~~~~~~~~~~~~~~~~~~~~~~~~~~~~~~~~~~~~
Sun 12 Oct 2025 05:30:01 PM PDT - Started Downloading images
Sun 12 Oct 2025 05:30:01 PM PDT - Completed downloading images
~~~~~~~~~~~~~~~~~~~~~~~~~~~~~~~~~~~~~~~~~~~~~~~~~
Sun 12 Oct 2025 06:00:01 PM PDT - Started Downloading images
Sun 12 Oct 2025 06:00:02 PM PDT - Completed downloading images
~~~~~~~~~~~~~~~~~~~~~~~~~~~~~~~~~~~~~~~~~~~~~~~~~
Sun 12 Oct 2025 06:30:01 PM PDT - Started Downloading images
Sun 12 Oct 2025 06:30:01 PM PDT - Completed downloading images
~~~~~~~~~~~~~~~~~~~~~~~~~~~~~~~~~~~~~~~~~~~~~~~~~
Sun 12 Oct 2025 07:00:01 PM PDT - Started Downloading images
Sun 12 Oct 2025 07:00:02 PM PDT - Completed downloading images
~~~~~~~~~~~~~~~~~~~~~~~~~~~~~~~~~~~~~~~~~~~~~~~~~
Sun 12 Oct 2025 07:30:01 PM PDT - Started Downloading images
Sun 12 Oct 2025 07:30:01 PM PDT - Completed downloading images
~~~~~~~~~~~~~~~~~~~~~~~~~~~~~~~~~~~~~~~~~~~~~~~~~
Sun 12 Oct 2025 08:00:01 PM PDT - Started Downloading images
Sun 12 Oct 2025 08:00:02 PM PDT - Completed downloading images
~~~~~~~~~~~~~~~~~~~~~~~~~~~~~~~~~~~~~~~~~~~~~~~~~
Sun 12 Oct 2025 08:30:01 PM PDT - Started Downloading images
Sun 12 Oct 2025 08:30:01 PM PDT - Completed downloading images
~~~~~~~~~~~~~~~~~~~~~~~~~~~~~~~~~~~~~~~~~~~~~~~~~
Sun 12 Oct 2025 09:00:01 PM PDT - Started Downloading images
Sun 12 Oct 2025 09:00:02 PM PDT - Completed downloading images
~~~~~~~~~~~~~~~~~~~~~~~~~~~~~~~~~~~~~~~~~~~~~~~~~
Sun 12 Oct 2025 09:30:01 PM PDT - Started Downloading images
Sun 12 Oct 2025 09:30:01 PM PDT - Completed downloading images
~~~~~~~~~~~~~~~~~~~~~~~~~~~~~~~~~~~~~~~~~~~~~~~~~
Sun 12 Oct 2025 10:00:01 PM PDT - Started Downloading images
Sun 12 Oct 2025 10:00:02 PM PDT - Completed downloading images
~~~~~~~~~~~~~~~~~~~~~~~~~~~~~~~~~~~~~~~~~~~~~~~~~
Sun 12 Oct 2025 10:30:01 PM PDT - Started Downloading images
Sun 12 Oct 2025 10:30:01 PM PDT - Completed downloading images
~~~~~~~~~~~~~~~~~~~~~~~~~~~~~~~~~~~~~~~~~~~~~~~~~
Sun 12 Oct 2025 11:00:01 PM PDT - Started Downloading images
Sun 12 Oct 2025 11:00:02 PM PDT - Completed downloading images
~~~~~~~~~~~~~~~~~~~~~~~~~~~~~~~~~~~~~~~~~~~~~~~~~
Sun 12 Oct 2025 11:30:01 PM PDT - Started Downloading images
Sun 12 Oct 2025 11:30:01 PM PDT - Completed downloading images
~~~~~~~~~~~~~~~~~~~~~~~~~~~~~~~~~~~~~~~~~~~~~~~~~
Mon 13 Oct 2025 12:00:01 AM PDT - Started Downloading images
Mon 13 Oct 2025 12:00:02 AM PDT - Completed downloading images
~~~~~~~~~~~~~~~~~~~~~~~~~~~~~~~~~~~~~~~~~~~~~~~~~
Mon 13 Oct 2025 12:30:01 AM PDT - Started Downloading images
Mon 13 Oct 2025 12:30:02 AM PDT - Completed downloading images
~~~~~~~~~~~~~~~~~~~~~~~~~~~~~~~~~~~~~~~~~~~~~~~~~
Mon 13 Oct 2025 01:00:01 AM PDT - Started Downloading images
Mon 13 Oct 2025 01:00:01 AM PDT - Completed downloading images
~~~~~~~~~~~~~~~~~~~~~~~~~~~~~~~~~~~~~~~~~~~~~~~~~
Mon 13 Oct 2025 01:30:01 AM PDT - Started Downloading images
Mon 13 Oct 2025 01:30:02 AM PDT - Completed downloading images
~~~~~~~~~~~~~~~~~~~~~~~~~~~~~~~~~~~~~~~~~~~~~~~~~
Mon 13 Oct 2025 02:00:01 AM PDT - Started Downloading images
Mon 13 Oct 2025 02:00:01 AM PDT - Completed downloading images
~~~~~~~~~~~~~~~~~~~~~~~~~~~~~~~~~~~~~~~~~~~~~~~~~
Mon 13 Oct 2025 02:30:01 AM PDT - Started Downloading images
Mon 13 Oct 2025 02:30:02 AM PDT - Completed downloading images
~~~~~~~~~~~~~~~~~~~~~~~~~~~~~~~~~~~~~~~~~~~~~~~~~
Mon 13 Oct 2025 03:00:01 AM PDT - Started Downloading images
Mon 13 Oct 2025 03:00:01 AM PDT - Completed downloading images
~~~~~~~~~~~~~~~~~~~~~~~~~~~~~~~~~~~~~~~~~~~~~~~~~
Mon 13 Oct 2025 03:30:01 AM PDT - Started Downloading images
Mon 13 Oct 2025 03:30:02 AM PDT - Completed downloading images
~~~~~~~~~~~~~~~~~~~~~~~~~~~~~~~~~~~~~~~~~~~~~~~~~
Mon 13 Oct 2025 04:00:01 AM PDT - Started Downloading images
Mon 13 Oct 2025 04:00:01 AM PDT - Completed downloading images
~~~~~~~~~~~~~~~~~~~~~~~~~~~~~~~~~~~~~~~~~~~~~~~~~
Mon 13 Oct 2025 04:30:01 AM PDT - Started Downloading images
Mon 13 Oct 2025 04:30:02 AM PDT - Completed downloading images
~~~~~~~~~~~~~~~~~~~~~~~~~~~~~~~~~~~~~~~~~~~~~~~~~
Mon 13 Oct 2025 05:00:01 AM PDT - Started Downloading images
Mon 13 Oct 2025 05:00:01 AM PDT - Completed downloading images
~~~~~~~~~~~~~~~~~~~~~~~~~~~~~~~~~~~~~~~~~~~~~~~~~
Mon 13 Oct 2025 05:30:01 AM PDT - Started Downloading images
Mon 13 Oct 2025 05:30:02 AM PDT - Completed downloading images
~~~~~~~~~~~~~~~~~~~~~~~~~~~~~~~~~~~~~~~~~~~~~~~~~
Mon 13 Oct 2025 06:00:01 AM PDT - Started Downloading images
Mon 13 Oct 2025 06:00:01 AM PDT - Completed downloading images
~~~~~~~~~~~~~~~~~~~~~~~~~~~~~~~~~~~~~~~~~~~~~~~~~
Mon 13 Oct 2025 06:30:01 AM PDT - Started Downloading images
Mon 13 Oct 2025 06:30:01 AM PDT - Completed downloading images
~~~~~~~~~~~~~~~~~~~~~~~~~~~~~~~~~~~~~~~~~~~~~~~~~
Mon 13 Oct 2025 07:00:01 AM PDT - Started Downloading images
Mon 13 Oct 2025 07:00:02 AM PDT - Completed downloading images
~~~~~~~~~~~~~~~~~~~~~~~~~~~~~~~~~~~~~~~~~~~~~~~~~
Mon 13 Oct 2025 07:30:01 AM PDT - Started Downloading images
Mon 13 Oct 2025 07:30:01 AM PDT - Completed downloading images
~~~~~~~~~~~~~~~~~~~~~~~~~~~~~~~~~~~~~~~~~~~~~~~~~
Mon 13 Oct 2025 08:00:01 AM PDT - Started Downloading images
Mon 13 Oct 2025 08:00:02 AM PDT - Completed downloading images
~~~~~~~~~~~~~~~~~~~~~~~~~~~~~~~~~~~~~~~~~~~~~~~~~
Mon 13 Oct 2025 08:30:01 AM PDT - Started Downloading images
Mon 13 Oct 2025 08:30:01 AM PDT - Completed downloading images
~~~~~~~~~~~~~~~~~~~~~~~~~~~~~~~~~~~~~~~~~~~~~~~~~
Mon 13 Oct 2025 09:00:01 AM PDT - Started Downloading images
Mon 13 Oct 2025 09:00:02 AM PDT - Completed downloading images
~~~~~~~~~~~~~~~~~~~~~~~~~~~~~~~~~~~~~~~~~~~~~~~~~
Mon 13 Oct 2025 09:30:01 AM PDT - Started Downloading images
Mon 13 Oct 2025 09:30:01 AM PDT - Completed downloading images
~~~~~~~~~~~~~~~~~~~~~~~~~~~~~~~~~~~~~~~~~~~~~~~~~
Mon 13 Oct 2025 10:00:01 AM PDT - Started Downloading images
Mon 13 Oct 2025 10:00:02 AM PDT - Completed downloading images
~~~~~~~~~~~~~~~~~~~~~~~~~~~~~~~~~~~~~~~~~~~~~~~~~
Mon 13 Oct 2025 10:30:01 AM PDT - Started Downloading images
Mon 13 Oct 2025 10:30:01 AM PDT - Completed downloading images
~~~~~~~~~~~~~~~~~~~~~~~~~~~~~~~~~~~~~~~~~~~~~~~~~
Mon 13 Oct 2025 11:00:02 AM PDT - Started Downloading images
Mon 13 Oct 2025 11:00:02 AM PDT - Completed downloading images
~~~~~~~~~~~~~~~~~~~~~~~~~~~~~~~~~~~~~~~~~~~~~~~~~
Mon 13 Oct 2025 11:30:01 AM PDT - Started Downloading images
Mon 13 Oct 2025 11:30:02 AM PDT - Completed downloading images
~~~~~~~~~~~~~~~~~~~~~~~~~~~~~~~~~~~~~~~~~~~~~~~~~
Mon 13 Oct 2025 12:00:01 PM PDT - Started Downloading images
Mon 13 Oct 2025 12:00:01 PM PDT - Completed downloading images
~~~~~~~~~~~~~~~~~~~~~~~~~~~~~~~~~~~~~~~~~~~~~~~~~
Mon 13 Oct 2025 12:30:01 PM PDT - Started Downloading images
Mon 13 Oct 2025 12:30:02 PM PDT - Completed downloading images
~~~~~~~~~~~~~~~~~~~~~~~~~~~~~~~~~~~~~~~~~~~~~~~~~
Mon 13 Oct 2025 01:00:01 PM PDT - Started Downloading images
Mon 13 Oct 2025 01:00:01 PM PDT - Completed downloading images
~~~~~~~~~~~~~~~~~~~~~~~~~~~~~~~~~~~~~~~~~~~~~~~~~
Mon 13 Oct 2025 01:30:01 PM PDT - Started Downloading images
Mon 13 Oct 2025 01:30:02 PM PDT - Completed downloading images
~~~~~~~~~~~~~~~~~~~~~~~~~~~~~~~~~~~~~~~~~~~~~~~~~
Mon 13 Oct 2025 02:00:01 PM PDT - Started Downloading images
Mon 13 Oct 2025 02:00:01 PM PDT - Completed downloading images
~~~~~~~~~~~~~~~~~~~~~~~~~~~~~~~~~~~~~~~~~~~~~~~~~
Mon 13 Oct 2025 02:30:01 PM PDT - Started Downloading images
Mon 13 Oct 2025 02:30:02 PM PDT - Completed downloading images
~~~~~~~~~~~~~~~~~~~~~~~~~~~~~~~~~~~~~~~~~~~~~~~~~
Mon 13 Oct 2025 03:00:01 PM PDT - Started Downloading images
Mon 13 Oct 2025 03:00:01 PM PDT - Completed downloading images
~~~~~~~~~~~~~~~~~~~~~~~~~~~~~~~~~~~~~~~~~~~~~~~~~
Mon 13 Oct 2025 03:30:01 PM PDT - Started Downloading images
Mon 13 Oct 2025 03:30:02 PM PDT - Completed downloading images
~~~~~~~~~~~~~~~~~~~~~~~~~~~~~~~~~~~~~~~~~~~~~~~~~
Mon 13 Oct 2025 04:00:01 PM PDT - Started Downloading images
Mon 13 Oct 2025 04:00:01 PM PDT - Completed downloading images
~~~~~~~~~~~~~~~~~~~~~~~~~~~~~~~~~~~~~~~~~~~~~~~~~
Mon 13 Oct 2025 04:30:01 PM PDT - Started Downloading images
Mon 13 Oct 2025 04:30:02 PM PDT - Completed downloading images
~~~~~~~~~~~~~~~~~~~~~~~~~~~~~~~~~~~~~~~~~~~~~~~~~
Mon 13 Oct 2025 05:00:01 PM PDT - Started Downloading images
Mon 13 Oct 2025 05:00:01 PM PDT - Completed downloading images
~~~~~~~~~~~~~~~~~~~~~~~~~~~~~~~~~~~~~~~~~~~~~~~~~
Mon 13 Oct 2025 05:30:01 PM PDT - Started Downloading images
Mon 13 Oct 2025 05:30:02 PM PDT - Completed downloading images
~~~~~~~~~~~~~~~~~~~~~~~~~~~~~~~~~~~~~~~~~~~~~~~~~
Mon 13 Oct 2025 06:00:01 PM PDT - Started Downloading images
Mon 13 Oct 2025 06:00:01 PM PDT - Completed downloading images
~~~~~~~~~~~~~~~~~~~~~~~~~~~~~~~~~~~~~~~~~~~~~~~~~
Mon 13 Oct 2025 06:30:01 PM PDT - Started Downloading images
Mon 13 Oct 2025 06:30:02 PM PDT - Completed downloading images
~~~~~~~~~~~~~~~~~~~~~~~~~~~~~~~~~~~~~~~~~~~~~~~~~
Mon 13 Oct 2025 07:00:01 PM PDT - Started Downloading images
Mon 13 Oct 2025 07:00:01 PM PDT - Completed downloading images
~~~~~~~~~~~~~~~~~~~~~~~~~~~~~~~~~~~~~~~~~~~~~~~~~
Mon 13 Oct 2025 07:30:01 PM PDT - Started Downloading images
Mon 13 Oct 2025 07:30:02 PM PDT - Completed downloading images
~~~~~~~~~~~~~~~~~~~~~~~~~~~~~~~~~~~~~~~~~~~~~~~~~
Mon 13 Oct 2025 08:00:01 PM PDT - Started Downloading images
Mon 13 Oct 2025 08:00:01 PM PDT - Completed downloading images
~~~~~~~~~~~~~~~~~~~~~~~~~~~~~~~~~~~~~~~~~~~~~~~~~
Mon 13 Oct 2025 08:30:01 PM PDT - Started Downloading images
Mon 13 Oct 2025 08:30:01 PM PDT - Completed downloading images
~~~~~~~~~~~~~~~~~~~~~~~~~~~~~~~~~~~~~~~~~~~~~~~~~
Mon 13 Oct 2025 09:00:01 PM PDT - Started Downloading images
Mon 13 Oct 2025 09:00:01 PM PDT - Completed downloading images
~~~~~~~~~~~~~~~~~~~~~~~~~~~~~~~~~~~~~~~~~~~~~~~~~
Mon 13 Oct 2025 09:30:01 PM PDT - Started Downloading images
Mon 13 Oct 2025 09:30:01 PM PDT - Completed downloading images
~~~~~~~~~~~~~~~~~~~~~~~~~~~~~~~~~~~~~~~~~~~~~~~~~
Mon 13 Oct 2025 10:00:01 PM PDT - Started Downloading images
Mon 13 Oct 2025 10:00:01 PM PDT - Completed downloading images
~~~~~~~~~~~~~~~~~~~~~~~~~~~~~~~~~~~~~~~~~~~~~~~~~
Mon 13 Oct 2025 10:30:01 PM PDT - Started Downloading images
Mon 13 Oct 2025 10:30:01 PM PDT - Completed downloading images
~~~~~~~~~~~~~~~~~~~~~~~~~~~~~~~~~~~~~~~~~~~~~~~~~
Mon 13 Oct 2025 11:00:01 PM PDT - Started Downloading images
Mon 13 Oct 2025 11:00:02 PM PDT - Completed downloading images
~~~~~~~~~~~~~~~~~~~~~~~~~~~~~~~~~~~~~~~~~~~~~~~~~
Mon 13 Oct 2025 11:30:01 PM PDT - Started Downloading images
Mon 13 Oct 2025 11:30:01 PM PDT - Completed downloading images
~~~~~~~~~~~~~~~~~~~~~~~~~~~~~~~~~~~~~~~~~~~~~~~~~
Tue 14 Oct 2025 12:00:01 AM PDT - Started Downloading images
Tue 14 Oct 2025 12:00:02 AM PDT - Completed downloading images
~~~~~~~~~~~~~~~~~~~~~~~~~~~~~~~~~~~~~~~~~~~~~~~~~
Tue 14 Oct 2025 12:30:01 AM PDT - Started Downloading images
Tue 14 Oct 2025 12:30:01 AM PDT - Completed downloading images
~~~~~~~~~~~~~~~~~~~~~~~~~~~~~~~~~~~~~~~~~~~~~~~~~
Tue 14 Oct 2025 01:00:01 AM PDT - Started Downloading images
Tue 14 Oct 2025 01:00:02 AM PDT - Completed downloading images
~~~~~~~~~~~~~~~~~~~~~~~~~~~~~~~~~~~~~~~~~~~~~~~~~
Tue 14 Oct 2025 01:30:01 AM PDT - Started Downloading images
Tue 14 Oct 2025 01:30:01 AM PDT - Completed downloading images
~~~~~~~~~~~~~~~~~~~~~~~~~~~~~~~~~~~~~~~~~~~~~~~~~
Tue 14 Oct 2025 02:00:01 AM PDT - Started Downloading images
Tue 14 Oct 2025 02:00:02 AM PDT - Completed downloading images
~~~~~~~~~~~~~~~~~~~~~~~~~~~~~~~~~~~~~~~~~~~~~~~~~
Tue 14 Oct 2025 02:30:01 AM PDT - Started Downloading images
Tue 14 Oct 2025 02:30:01 AM PDT - Completed downloading images
~~~~~~~~~~~~~~~~~~~~~~~~~~~~~~~~~~~~~~~~~~~~~~~~~
Tue 14 Oct 2025 03:00:01 AM PDT - Started Downloading images
Tue 14 Oct 2025 03:00:02 AM PDT - Completed downloading images
~~~~~~~~~~~~~~~~~~~~~~~~~~~~~~~~~~~~~~~~~~~~~~~~~
Tue 14 Oct 2025 03:30:01 AM PDT - Started Downloading images
Tue 14 Oct 2025 03:30:02 AM PDT - Completed downloading images
~~~~~~~~~~~~~~~~~~~~~~~~~~~~~~~~~~~~~~~~~~~~~~~~~
Tue 14 Oct 2025 04:00:01 AM PDT - Started Downloading images
Tue 14 Oct 2025 04:00:01 AM PDT - Completed downloading images
~~~~~~~~~~~~~~~~~~~~~~~~~~~~~~~~~~~~~~~~~~~~~~~~~
Tue 14 Oct 2025 04:30:01 AM PDT - Started Downloading images
Tue 14 Oct 2025 04:30:02 AM PDT - Completed downloading images
~~~~~~~~~~~~~~~~~~~~~~~~~~~~~~~~~~~~~~~~~~~~~~~~~
Tue 14 Oct 2025 05:00:01 AM PDT - Started Downloading images
Tue 14 Oct 2025 05:00:01 AM PDT - Completed downloading images
~~~~~~~~~~~~~~~~~~~~~~~~~~~~~~~~~~~~~~~~~~~~~~~~~
Tue 14 Oct 2025 05:30:01 AM PDT - Started Downloading images
Tue 14 Oct 2025 05:30:02 AM PDT - Completed downloading images
~~~~~~~~~~~~~~~~~~~~~~~~~~~~~~~~~~~~~~~~~~~~~~~~~
Tue 14 Oct 2025 06:00:01 AM PDT - Started Downloading images
Tue 14 Oct 2025 06:00:01 AM PDT - Completed downloading images
~~~~~~~~~~~~~~~~~~~~~~~~~~~~~~~~~~~~~~~~~~~~~~~~~
Tue 14 Oct 2025 06:30:01 AM PDT - Started Downloading images
Tue 14 Oct 2025 06:30:01 AM PDT - Completed downloading images
~~~~~~~~~~~~~~~~~~~~~~~~~~~~~~~~~~~~~~~~~~~~~~~~~
Tue 14 Oct 2025 07:00:01 AM PDT - Started Downloading images
Tue 14 Oct 2025 07:00:02 AM PDT - Completed downloading images
~~~~~~~~~~~~~~~~~~~~~~~~~~~~~~~~~~~~~~~~~~~~~~~~~
Tue 14 Oct 2025 07:30:01 AM PDT - Started Downloading images
Tue 14 Oct 2025 07:30:01 AM PDT - Completed downloading images
~~~~~~~~~~~~~~~~~~~~~~~~~~~~~~~~~~~~~~~~~~~~~~~~~
Tue 14 Oct 2025 08:00:01 AM PDT - Started Downloading images
Tue 14 Oct 2025 08:00:02 AM PDT - Completed downloading images
~~~~~~~~~~~~~~~~~~~~~~~~~~~~~~~~~~~~~~~~~~~~~~~~~
Tue 14 Oct 2025 08:30:01 AM PDT - Started Downloading images
Tue 14 Oct 2025 08:30:01 AM PDT - Completed downloading images
~~~~~~~~~~~~~~~~~~~~~~~~~~~~~~~~~~~~~~~~~~~~~~~~~
Tue 14 Oct 2025 09:00:01 AM PDT - Started Downloading images
Tue 14 Oct 2025 09:00:02 AM PDT - Completed downloading images
~~~~~~~~~~~~~~~~~~~~~~~~~~~~~~~~~~~~~~~~~~~~~~~~~
Tue 14 Oct 2025 09:30:01 AM PDT - Started Downloading images
Tue 14 Oct 2025 09:30:01 AM PDT - Completed downloading images
~~~~~~~~~~~~~~~~~~~~~~~~~~~~~~~~~~~~~~~~~~~~~~~~~
Tue 14 Oct 2025 10:00:01 AM PDT - Started Downloading images
Tue 14 Oct 2025 10:00:02 AM PDT - Completed downloading images
~~~~~~~~~~~~~~~~~~~~~~~~~~~~~~~~~~~~~~~~~~~~~~~~~
Tue 14 Oct 2025 10:30:01 AM PDT - Started Downloading images
Tue 14 Oct 2025 10:30:01 AM PDT - Completed downloading images
~~~~~~~~~~~~~~~~~~~~~~~~~~~~~~~~~~~~~~~~~~~~~~~~~
Tue 14 Oct 2025 11:00:01 AM PDT - Started Downloading images
Tue 14 Oct 2025 11:00:02 AM PDT - Completed downloading images
~~~~~~~~~~~~~~~~~~~~~~~~~~~~~~~~~~~~~~~~~~~~~~~~~
Tue 14 Oct 2025 11:30:01 AM PDT - Started Downloading images
Tue 14 Oct 2025 11:30:01 AM PDT - Completed downloading images
~~~~~~~~~~~~~~~~~~~~~~~~~~~~~~~~~~~~~~~~~~~~~~~~~
Tue 14 Oct 2025 12:00:01 PM PDT - Started Downloading images
Tue 14 Oct 2025 12:00:02 PM PDT - Completed downloading images
~~~~~~~~~~~~~~~~~~~~~~~~~~~~~~~~~~~~~~~~~~~~~~~~~
Tue 14 Oct 2025 12:30:01 PM PDT - Started Downloading images
Tue 14 Oct 2025 12:30:01 PM PDT - Completed downloading images
~~~~~~~~~~~~~~~~~~~~~~~~~~~~~~~~~~~~~~~~~~~~~~~~~
Tue 14 Oct 2025 01:00:01 PM PDT - Started Downloading images
Tue 14 Oct 2025 01:00:02 PM PDT - Completed downloading images
~~~~~~~~~~~~~~~~~~~~~~~~~~~~~~~~~~~~~~~~~~~~~~~~~
Tue 14 Oct 2025 01:30:01 PM PDT - Started Downloading images
Tue 14 Oct 2025 01:30:01 PM PDT - Completed downloading images
~~~~~~~~~~~~~~~~~~~~~~~~~~~~~~~~~~~~~~~~~~~~~~~~~
Tue 14 Oct 2025 02:00:01 PM PDT - Started Downloading images
Tue 14 Oct 2025 02:00:01 PM PDT - Completed downloading images
~~~~~~~~~~~~~~~~~~~~~~~~~~~~~~~~~~~~~~~~~~~~~~~~~
Tue 14 Oct 2025 02:30:01 PM PDT - Started Downloading images
Tue 14 Oct 2025 02:30:02 PM PDT - Completed downloading images
~~~~~~~~~~~~~~~~~~~~~~~~~~~~~~~~~~~~~~~~~~~~~~~~~
Tue 14 Oct 2025 03:00:01 PM PDT - Started Downloading images
Tue 14 Oct 2025 03:00:01 PM PDT - Completed downloading images
~~~~~~~~~~~~~~~~~~~~~~~~~~~~~~~~~~~~~~~~~~~~~~~~~
Tue 14 Oct 2025 03:30:01 PM PDT - Started Downloading images
Tue 14 Oct 2025 03:30:02 PM PDT - Completed downloading images
~~~~~~~~~~~~~~~~~~~~~~~~~~~~~~~~~~~~~~~~~~~~~~~~~
Tue 14 Oct 2025 04:00:01 PM PDT - Started Downloading images
Tue 14 Oct 2025 04:00:01 PM PDT - Completed downloading images
~~~~~~~~~~~~~~~~~~~~~~~~~~~~~~~~~~~~~~~~~~~~~~~~~
Tue 14 Oct 2025 04:30:01 PM PDT - Started Downloading images
Tue 14 Oct 2025 04:30:02 PM PDT - Completed downloading images
~~~~~~~~~~~~~~~~~~~~~~~~~~~~~~~~~~~~~~~~~~~~~~~~~
Tue 14 Oct 2025 05:00:01 PM PDT - Started Downloading images
Tue 14 Oct 2025 05:00:01 PM PDT - Completed downloading images
~~~~~~~~~~~~~~~~~~~~~~~~~~~~~~~~~~~~~~~~~~~~~~~~~
Tue 14 Oct 2025 05:30:01 PM PDT - Started Downloading images
Tue 14 Oct 2025 05:30:02 PM PDT - Completed downloading images
~~~~~~~~~~~~~~~~~~~~~~~~~~~~~~~~~~~~~~~~~~~~~~~~~
Tue 14 Oct 2025 06:00:01 PM PDT - Started Downloading images
Tue 14 Oct 2025 06:00:01 PM PDT - Completed downloading images
~~~~~~~~~~~~~~~~~~~~~~~~~~~~~~~~~~~~~~~~~~~~~~~~~
Tue 14 Oct 2025 06:30:01 PM PDT - Started Downloading images
Tue 14 Oct 2025 06:30:02 PM PDT - Completed downloading images
~~~~~~~~~~~~~~~~~~~~~~~~~~~~~~~~~~~~~~~~~~~~~~~~~
Tue 14 Oct 2025 07:00:01 PM PDT - Started Downloading images
Tue 14 Oct 2025 07:00:01 PM PDT - Completed downloading images
~~~~~~~~~~~~~~~~~~~~~~~~~~~~~~~~~~~~~~~~~~~~~~~~~
Tue 14 Oct 2025 07:30:01 PM PDT - Started Downloading images
Tue 14 Oct 2025 07:30:02 PM PDT - Completed downloading images
~~~~~~~~~~~~~~~~~~~~~~~~~~~~~~~~~~~~~~~~~~~~~~~~~
Tue 14 Oct 2025 08:00:01 PM PDT - Started Downloading images
Tue 14 Oct 2025 08:00:01 PM PDT - Completed downloading images
~~~~~~~~~~~~~~~~~~~~~~~~~~~~~~~~~~~~~~~~~~~~~~~~~
Tue 14 Oct 2025 08:30:01 PM PDT - Started Downloading images
Tue 14 Oct 2025 08:30:01 PM PDT - Completed downloading images
~~~~~~~~~~~~~~~~~~~~~~~~~~~~~~~~~~~~~~~~~~~~~~~~~
Tue 14 Oct 2025 09:00:01 PM PDT - Started Downloading images
Tue 14 Oct 2025 09:00:02 PM PDT - Completed downloading images
~~~~~~~~~~~~~~~~~~~~~~~~~~~~~~~~~~~~~~~~~~~~~~~~~
Tue 14 Oct 2025 09:30:01 PM PDT - Started Downloading images
Tue 14 Oct 2025 09:30:01 PM PDT - Completed downloading images
~~~~~~~~~~~~~~~~~~~~~~~~~~~~~~~~~~~~~~~~~~~~~~~~~
Tue 14 Oct 2025 10:00:01 PM PDT - Started Downloading images
Tue 14 Oct 2025 10:00:02 PM PDT - Completed downloading images
~~~~~~~~~~~~~~~~~~~~~~~~~~~~~~~~~~~~~~~~~~~~~~~~~
Tue 14 Oct 2025 10:30:01 PM PDT - Started Downloading images
Tue 14 Oct 2025 10:30:01 PM PDT - Completed downloading images
~~~~~~~~~~~~~~~~~~~~~~~~~~~~~~~~~~~~~~~~~~~~~~~~~
Tue 14 Oct 2025 11:00:01 PM PDT - Started Downloading images
Tue 14 Oct 2025 11:00:02 PM PDT - Completed downloading images
~~~~~~~~~~~~~~~~~~~~~~~~~~~~~~~~~~~~~~~~~~~~~~~~~
Tue 14 Oct 2025 11:30:01 PM PDT - Started Downloading images
Tue 14 Oct 2025 11:30:01 PM PDT - Completed downloading images
~~~~~~~~~~~~~~~~~~~~~~~~~~~~~~~~~~~~~~~~~~~~~~~~~
Wed 15 Oct 2025 12:00:01 AM PDT - Started Downloading images
Wed 15 Oct 2025 12:00:02 AM PDT - Completed downloading images
~~~~~~~~~~~~~~~~~~~~~~~~~~~~~~~~~~~~~~~~~~~~~~~~~
Wed 15 Oct 2025 12:30:01 AM PDT - Started Downloading images
Wed 15 Oct 2025 12:30:01 AM PDT - Completed downloading images
~~~~~~~~~~~~~~~~~~~~~~~~~~~~~~~~~~~~~~~~~~~~~~~~~
Wed 15 Oct 2025 01:00:01 AM PDT - Started Downloading images
Wed 15 Oct 2025 01:00:02 AM PDT - Completed downloading images
~~~~~~~~~~~~~~~~~~~~~~~~~~~~~~~~~~~~~~~~~~~~~~~~~
Wed 15 Oct 2025 01:30:01 AM PDT - Started Downloading images
Wed 15 Oct 2025 01:30:01 AM PDT - Completed downloading images
~~~~~~~~~~~~~~~~~~~~~~~~~~~~~~~~~~~~~~~~~~~~~~~~~
Wed 15 Oct 2025 02:00:01 AM PDT - Started Downloading images
Wed 15 Oct 2025 02:00:02 AM PDT - Completed downloading images
~~~~~~~~~~~~~~~~~~~~~~~~~~~~~~~~~~~~~~~~~~~~~~~~~
Wed 15 Oct 2025 02:30:01 AM PDT - Started Downloading images
Wed 15 Oct 2025 02:30:01 AM PDT - Completed downloading images
~~~~~~~~~~~~~~~~~~~~~~~~~~~~~~~~~~~~~~~~~~~~~~~~~
Wed 15 Oct 2025 03:00:01 AM PDT - Started Downloading images
Wed 15 Oct 2025 03:00:02 AM PDT - Completed downloading images
~~~~~~~~~~~~~~~~~~~~~~~~~~~~~~~~~~~~~~~~~~~~~~~~~
Wed 15 Oct 2025 03:30:01 AM PDT - Started Downloading images
Wed 15 Oct 2025 03:30:02 AM PDT - Completed downloading images
~~~~~~~~~~~~~~~~~~~~~~~~~~~~~~~~~~~~~~~~~~~~~~~~~
Wed 15 Oct 2025 04:00:01 AM PDT - Started Downloading images
Wed 15 Oct 2025 04:00:01 AM PDT - Completed downloading images
~~~~~~~~~~~~~~~~~~~~~~~~~~~~~~~~~~~~~~~~~~~~~~~~~
Wed 15 Oct 2025 04:30:01 AM PDT - Started Downloading images
Wed 15 Oct 2025 04:30:02 AM PDT - Completed downloading images
~~~~~~~~~~~~~~~~~~~~~~~~~~~~~~~~~~~~~~~~~~~~~~~~~
Wed 15 Oct 2025 05:00:01 AM PDT - Started Downloading images
Wed 15 Oct 2025 05:00:01 AM PDT - Completed downloading images
~~~~~~~~~~~~~~~~~~~~~~~~~~~~~~~~~~~~~~~~~~~~~~~~~
Wed 15 Oct 2025 05:30:01 AM PDT - Started Downloading images
Wed 15 Oct 2025 05:30:02 AM PDT - Completed downloading images
~~~~~~~~~~~~~~~~~~~~~~~~~~~~~~~~~~~~~~~~~~~~~~~~~
Wed 15 Oct 2025 06:00:01 AM PDT - Started Downloading images
Wed 15 Oct 2025 06:00:01 AM PDT - Completed downloading images
~~~~~~~~~~~~~~~~~~~~~~~~~~~~~~~~~~~~~~~~~~~~~~~~~
Wed 15 Oct 2025 06:30:01 AM PDT - Started Downloading images
Wed 15 Oct 2025 06:30:01 AM PDT - Completed downloading images
~~~~~~~~~~~~~~~~~~~~~~~~~~~~~~~~~~~~~~~~~~~~~~~~~
Wed 15 Oct 2025 07:00:01 AM PDT - Started Downloading images
Wed 15 Oct 2025 07:00:02 AM PDT - Completed downloading images
~~~~~~~~~~~~~~~~~~~~~~~~~~~~~~~~~~~~~~~~~~~~~~~~~
Wed 15 Oct 2025 07:30:01 AM PDT - Started Downloading images
Wed 15 Oct 2025 07:30:01 AM PDT - Completed downloading images
~~~~~~~~~~~~~~~~~~~~~~~~~~~~~~~~~~~~~~~~~~~~~~~~~
Wed 15 Oct 2025 08:00:01 AM PDT - Started Downloading images
Wed 15 Oct 2025 08:00:02 AM PDT - Completed downloading images
~~~~~~~~~~~~~~~~~~~~~~~~~~~~~~~~~~~~~~~~~~~~~~~~~
Wed 15 Oct 2025 08:30:01 AM PDT - Started Downloading images
Wed 15 Oct 2025 08:30:01 AM PDT - Completed downloading images
~~~~~~~~~~~~~~~~~~~~~~~~~~~~~~~~~~~~~~~~~~~~~~~~~
Wed 15 Oct 2025 09:00:01 AM PDT - Started Downloading images
Wed 15 Oct 2025 09:00:01 AM PDT - Completed downloading images
~~~~~~~~~~~~~~~~~~~~~~~~~~~~~~~~~~~~~~~~~~~~~~~~~
Wed 15 Oct 2025 09:30:01 AM PDT - Started Downloading images
Wed 15 Oct 2025 09:30:02 AM PDT - Completed downloading images
~~~~~~~~~~~~~~~~~~~~~~~~~~~~~~~~~~~~~~~~~~~~~~~~~
Wed 15 Oct 2025 10:00:01 AM PDT - Started Downloading images
Wed 15 Oct 2025 10:00:01 AM PDT - Completed downloading images
~~~~~~~~~~~~~~~~~~~~~~~~~~~~~~~~~~~~~~~~~~~~~~~~~
Wed 15 Oct 2025 10:30:01 AM PDT - Started Downloading images
Wed 15 Oct 2025 10:30:02 AM PDT - Completed downloading images
~~~~~~~~~~~~~~~~~~~~~~~~~~~~~~~~~~~~~~~~~~~~~~~~~
Wed 15 Oct 2025 11:00:01 AM PDT - Started Downloading images
Wed 15 Oct 2025 11:00:01 AM PDT - Completed downloading images
~~~~~~~~~~~~~~~~~~~~~~~~~~~~~~~~~~~~~~~~~~~~~~~~~
Wed 15 Oct 2025 11:30:01 AM PDT - Started Downloading images
Wed 15 Oct 2025 11:30:02 AM PDT - Completed downloading images
~~~~~~~~~~~~~~~~~~~~~~~~~~~~~~~~~~~~~~~~~~~~~~~~~
Wed 15 Oct 2025 12:00:01 PM PDT - Started Downloading images
Wed 15 Oct 2025 12:00:01 PM PDT - Completed downloading images
~~~~~~~~~~~~~~~~~~~~~~~~~~~~~~~~~~~~~~~~~~~~~~~~~
Wed 15 Oct 2025 12:30:01 PM PDT - Started Downloading images
Wed 15 Oct 2025 12:30:02 PM PDT - Completed downloading images
~~~~~~~~~~~~~~~~~~~~~~~~~~~~~~~~~~~~~~~~~~~~~~~~~
Wed 15 Oct 2025 01:00:01 PM PDT - Started Downloading images
Wed 15 Oct 2025 01:00:01 PM PDT - Completed downloading images
~~~~~~~~~~~~~~~~~~~~~~~~~~~~~~~~~~~~~~~~~~~~~~~~~
Wed 15 Oct 2025 01:30:01 PM PDT - Started Downloading images
Wed 15 Oct 2025 01:30:02 PM PDT - Completed downloading images
~~~~~~~~~~~~~~~~~~~~~~~~~~~~~~~~~~~~~~~~~~~~~~~~~
Wed 15 Oct 2025 02:00:01 PM PDT - Started Downloading images
Wed 15 Oct 2025 02:00:01 PM PDT - Completed downloading images
~~~~~~~~~~~~~~~~~~~~~~~~~~~~~~~~~~~~~~~~~~~~~~~~~
Wed 15 Oct 2025 02:30:01 PM PDT - Started Downloading images
Wed 15 Oct 2025 02:30:02 PM PDT - Completed downloading images
~~~~~~~~~~~~~~~~~~~~~~~~~~~~~~~~~~~~~~~~~~~~~~~~~
Wed 15 Oct 2025 03:00:01 PM PDT - Started Downloading images
Wed 15 Oct 2025 03:00:01 PM PDT - Completed downloading images
~~~~~~~~~~~~~~~~~~~~~~~~~~~~~~~~~~~~~~~~~~~~~~~~~
Wed 15 Oct 2025 03:30:01 PM PDT - Started Downloading images
Wed 15 Oct 2025 03:30:02 PM PDT - Completed downloading images
~~~~~~~~~~~~~~~~~~~~~~~~~~~~~~~~~~~~~~~~~~~~~~~~~
Wed 15 Oct 2025 04:00:01 PM PDT - Started Downloading images
Wed 15 Oct 2025 04:00:01 PM PDT - Completed downloading images
~~~~~~~~~~~~~~~~~~~~~~~~~~~~~~~~~~~~~~~~~~~~~~~~~
Wed 15 Oct 2025 04:30:01 PM PDT - Started Downloading images
Wed 15 Oct 2025 04:30:01 PM PDT - Completed downloading images
~~~~~~~~~~~~~~~~~~~~~~~~~~~~~~~~~~~~~~~~~~~~~~~~~
Wed 15 Oct 2025 05:00:01 PM PDT - Started Downloading images
Wed 15 Oct 2025 05:00:02 PM PDT - Completed downloading images
~~~~~~~~~~~~~~~~~~~~~~~~~~~~~~~~~~~~~~~~~~~~~~~~~
Wed 15 Oct 2025 05:30:01 PM PDT - Started Downloading images
Wed 15 Oct 2025 05:30:01 PM PDT - Completed downloading images
~~~~~~~~~~~~~~~~~~~~~~~~~~~~~~~~~~~~~~~~~~~~~~~~~
Wed 15 Oct 2025 06:00:01 PM PDT - Started Downloading images
Wed 15 Oct 2025 06:00:02 PM PDT - Completed downloading images
~~~~~~~~~~~~~~~~~~~~~~~~~~~~~~~~~~~~~~~~~~~~~~~~~
Wed 15 Oct 2025 06:30:01 PM PDT - Started Downloading images
Wed 15 Oct 2025 06:30:01 PM PDT - Completed downloading images
~~~~~~~~~~~~~~~~~~~~~~~~~~~~~~~~~~~~~~~~~~~~~~~~~
Wed 15 Oct 2025 07:00:01 PM PDT - Started Downloading images
Wed 15 Oct 2025 07:00:02 PM PDT - Completed downloading images
~~~~~~~~~~~~~~~~~~~~~~~~~~~~~~~~~~~~~~~~~~~~~~~~~
Wed 15 Oct 2025 07:30:01 PM PDT - Started Downloading images
Wed 15 Oct 2025 07:30:01 PM PDT - Completed downloading images
~~~~~~~~~~~~~~~~~~~~~~~~~~~~~~~~~~~~~~~~~~~~~~~~~
Wed 15 Oct 2025 08:00:01 PM PDT - Started Downloading images
Wed 15 Oct 2025 08:00:02 PM PDT - Completed downloading images
~~~~~~~~~~~~~~~~~~~~~~~~~~~~~~~~~~~~~~~~~~~~~~~~~
Wed 15 Oct 2025 08:30:01 PM PDT - Started Downloading images
Wed 15 Oct 2025 08:30:02 PM PDT - Completed downloading images
~~~~~~~~~~~~~~~~~~~~~~~~~~~~~~~~~~~~~~~~~~~~~~~~~
Wed 15 Oct 2025 09:00:01 PM PDT - Started Downloading images
Wed 15 Oct 2025 09:00:01 PM PDT - Completed downloading images
~~~~~~~~~~~~~~~~~~~~~~~~~~~~~~~~~~~~~~~~~~~~~~~~~
Wed 15 Oct 2025 09:30:01 PM PDT - Started Downloading images
Wed 15 Oct 2025 09:30:02 PM PDT - Completed downloading images
~~~~~~~~~~~~~~~~~~~~~~~~~~~~~~~~~~~~~~~~~~~~~~~~~
Wed 15 Oct 2025 10:00:01 PM PDT - Started Downloading images
Wed 15 Oct 2025 10:00:01 PM PDT - Completed downloading images
~~~~~~~~~~~~~~~~~~~~~~~~~~~~~~~~~~~~~~~~~~~~~~~~~
Wed 15 Oct 2025 10:30:01 PM PDT - Started Downloading images
Wed 15 Oct 2025 10:30:02 PM PDT - Completed downloading images
~~~~~~~~~~~~~~~~~~~~~~~~~~~~~~~~~~~~~~~~~~~~~~~~~
Wed 15 Oct 2025 11:00:01 PM PDT - Started Downloading images
Wed 15 Oct 2025 11:00:01 PM PDT - Completed downloading images
~~~~~~~~~~~~~~~~~~~~~~~~~~~~~~~~~~~~~~~~~~~~~~~~~
Wed 15 Oct 2025 11:30:01 PM PDT - Started Downloading images
Wed 15 Oct 2025 11:30:02 PM PDT - Completed downloading images
~~~~~~~~~~~~~~~~~~~~~~~~~~~~~~~~~~~~~~~~~~~~~~~~~
Thu 16 Oct 2025 12:00:01 AM PDT - Started Downloading images
Thu 16 Oct 2025 12:00:01 AM PDT - Completed downloading images
~~~~~~~~~~~~~~~~~~~~~~~~~~~~~~~~~~~~~~~~~~~~~~~~~
Thu 16 Oct 2025 12:30:01 AM PDT - Started Downloading images
Thu 16 Oct 2025 12:30:02 AM PDT - Completed downloading images
~~~~~~~~~~~~~~~~~~~~~~~~~~~~~~~~~~~~~~~~~~~~~~~~~
Thu 16 Oct 2025 01:00:01 AM PDT - Started Downloading images
Thu 16 Oct 2025 01:00:01 AM PDT - Completed downloading images
~~~~~~~~~~~~~~~~~~~~~~~~~~~~~~~~~~~~~~~~~~~~~~~~~
Thu 16 Oct 2025 01:30:01 AM PDT - Started Downloading images
Thu 16 Oct 2025 01:30:02 AM PDT - Completed downloading images
~~~~~~~~~~~~~~~~~~~~~~~~~~~~~~~~~~~~~~~~~~~~~~~~~
Thu 16 Oct 2025 02:00:01 AM PDT - Started Downloading images
Thu 16 Oct 2025 02:00:01 AM PDT - Completed downloading images
~~~~~~~~~~~~~~~~~~~~~~~~~~~~~~~~~~~~~~~~~~~~~~~~~
Thu 16 Oct 2025 02:30:01 AM PDT - Started Downloading images
Thu 16 Oct 2025 02:30:02 AM PDT - Completed downloading images
~~~~~~~~~~~~~~~~~~~~~~~~~~~~~~~~~~~~~~~~~~~~~~~~~
Thu 16 Oct 2025 03:00:01 AM PDT - Started Downloading images
Thu 16 Oct 2025 03:00:02 AM PDT - Completed downloading images
~~~~~~~~~~~~~~~~~~~~~~~~~~~~~~~~~~~~~~~~~~~~~~~~~
Thu 16 Oct 2025 03:30:01 AM PDT - Started Downloading images
Thu 16 Oct 2025 03:30:02 AM PDT - Completed downloading images
~~~~~~~~~~~~~~~~~~~~~~~~~~~~~~~~~~~~~~~~~~~~~~~~~
Thu 16 Oct 2025 04:00:01 AM PDT - Started Downloading images
Thu 16 Oct 2025 04:00:01 AM PDT - Completed downloading images
~~~~~~~~~~~~~~~~~~~~~~~~~~~~~~~~~~~~~~~~~~~~~~~~~
Thu 16 Oct 2025 04:30:01 AM PDT - Started Downloading images
Thu 16 Oct 2025 04:30:02 AM PDT - Completed downloading images
~~~~~~~~~~~~~~~~~~~~~~~~~~~~~~~~~~~~~~~~~~~~~~~~~
Thu 16 Oct 2025 05:00:01 AM PDT - Started Downloading images
Thu 16 Oct 2025 05:00:01 AM PDT - Completed downloading images
~~~~~~~~~~~~~~~~~~~~~~~~~~~~~~~~~~~~~~~~~~~~~~~~~
Thu 16 Oct 2025 05:30:01 AM PDT - Started Downloading images
Thu 16 Oct 2025 05:30:02 AM PDT - Completed downloading images
~~~~~~~~~~~~~~~~~~~~~~~~~~~~~~~~~~~~~~~~~~~~~~~~~
Thu 16 Oct 2025 06:00:01 AM PDT - Started Downloading images
Thu 16 Oct 2025 06:00:01 AM PDT - Completed downloading images
~~~~~~~~~~~~~~~~~~~~~~~~~~~~~~~~~~~~~~~~~~~~~~~~~
Thu 16 Oct 2025 06:30:01 AM PDT - Started Downloading images
Thu 16 Oct 2025 06:30:01 AM PDT - Completed downloading images
~~~~~~~~~~~~~~~~~~~~~~~~~~~~~~~~~~~~~~~~~~~~~~~~~
Thu 16 Oct 2025 07:00:01 AM PDT - Started Downloading images
Thu 16 Oct 2025 07:00:02 AM PDT - Completed downloading images
~~~~~~~~~~~~~~~~~~~~~~~~~~~~~~~~~~~~~~~~~~~~~~~~~
Thu 16 Oct 2025 07:30:01 AM PDT - Started Downloading images
Thu 16 Oct 2025 07:30:01 AM PDT - Completed downloading images
~~~~~~~~~~~~~~~~~~~~~~~~~~~~~~~~~~~~~~~~~~~~~~~~~
Thu 16 Oct 2025 08:00:01 AM PDT - Started Downloading images
Thu 16 Oct 2025 08:00:02 AM PDT - Completed downloading images
~~~~~~~~~~~~~~~~~~~~~~~~~~~~~~~~~~~~~~~~~~~~~~~~~
Thu 16 Oct 2025 08:30:01 AM PDT - Started Downloading images
Thu 16 Oct 2025 08:30:01 AM PDT - Completed downloading images
~~~~~~~~~~~~~~~~~~~~~~~~~~~~~~~~~~~~~~~~~~~~~~~~~
Thu 16 Oct 2025 09:00:01 AM PDT - Started Downloading images
Thu 16 Oct 2025 09:00:02 AM PDT - Completed downloading images
~~~~~~~~~~~~~~~~~~~~~~~~~~~~~~~~~~~~~~~~~~~~~~~~~
Thu 16 Oct 2025 09:30:01 AM PDT - Started Downloading images
Thu 16 Oct 2025 09:30:01 AM PDT - Completed downloading images
~~~~~~~~~~~~~~~~~~~~~~~~~~~~~~~~~~~~~~~~~~~~~~~~~
Thu 16 Oct 2025 10:00:01 AM PDT - Started Downloading images
Thu 16 Oct 2025 10:00:02 AM PDT - Completed downloading images
~~~~~~~~~~~~~~~~~~~~~~~~~~~~~~~~~~~~~~~~~~~~~~~~~
Thu 16 Oct 2025 10:30:01 AM PDT - Started Downloading images
Thu 16 Oct 2025 10:30:01 AM PDT - Completed downloading images
~~~~~~~~~~~~~~~~~~~~~~~~~~~~~~~~~~~~~~~~~~~~~~~~~
Thu 16 Oct 2025 11:00:01 AM PDT - Started Downloading images
Thu 16 Oct 2025 11:00:02 AM PDT - Completed downloading images
~~~~~~~~~~~~~~~~~~~~~~~~~~~~~~~~~~~~~~~~~~~~~~~~~
Thu 16 Oct 2025 11:30:01 AM PDT - Started Downloading images
Thu 16 Oct 2025 11:30:01 AM PDT - Completed downloading images
~~~~~~~~~~~~~~~~~~~~~~~~~~~~~~~~~~~~~~~~~~~~~~~~~
Thu 16 Oct 2025 12:00:01 PM PDT - Started Downloading images
Thu 16 Oct 2025 12:00:02 PM PDT - Completed downloading images
~~~~~~~~~~~~~~~~~~~~~~~~~~~~~~~~~~~~~~~~~~~~~~~~~
Thu 16 Oct 2025 12:30:01 PM PDT - Started Downloading images
Thu 16 Oct 2025 12:30:01 PM PDT - Completed downloading images
~~~~~~~~~~~~~~~~~~~~~~~~~~~~~~~~~~~~~~~~~~~~~~~~~
Thu 16 Oct 2025 01:00:02 PM PDT - Started Downloading images
Thu 16 Oct 2025 01:00:02 PM PDT - Completed downloading images
~~~~~~~~~~~~~~~~~~~~~~~~~~~~~~~~~~~~~~~~~~~~~~~~~
Thu 16 Oct 2025 01:30:01 PM PDT - Started Downloading images
Thu 16 Oct 2025 01:30:02 PM PDT - Completed downloading images
~~~~~~~~~~~~~~~~~~~~~~~~~~~~~~~~~~~~~~~~~~~~~~~~~
Thu 16 Oct 2025 02:00:01 PM PDT - Started Downloading images
Thu 16 Oct 2025 02:00:01 PM PDT - Completed downloading images
~~~~~~~~~~~~~~~~~~~~~~~~~~~~~~~~~~~~~~~~~~~~~~~~~
Thu 16 Oct 2025 02:30:01 PM PDT - Started Downloading images
Thu 16 Oct 2025 02:30:02 PM PDT - Completed downloading images
~~~~~~~~~~~~~~~~~~~~~~~~~~~~~~~~~~~~~~~~~~~~~~~~~
Thu 16 Oct 2025 03:00:01 PM PDT - Started Downloading images
Thu 16 Oct 2025 03:00:01 PM PDT - Completed downloading images
~~~~~~~~~~~~~~~~~~~~~~~~~~~~~~~~~~~~~~~~~~~~~~~~~
Thu 16 Oct 2025 03:30:01 PM PDT - Started Downloading images
Thu 16 Oct 2025 03:30:02 PM PDT - Completed downloading images
~~~~~~~~~~~~~~~~~~~~~~~~~~~~~~~~~~~~~~~~~~~~~~~~~
Thu 16 Oct 2025 04:00:01 PM PDT - Started Downloading images
Thu 16 Oct 2025 04:00:01 PM PDT - Completed downloading images
~~~~~~~~~~~~~~~~~~~~~~~~~~~~~~~~~~~~~~~~~~~~~~~~~
Thu 16 Oct 2025 04:30:01 PM PDT - Started Downloading images
Thu 16 Oct 2025 04:30:02 PM PDT - Completed downloading images
~~~~~~~~~~~~~~~~~~~~~~~~~~~~~~~~~~~~~~~~~~~~~~~~~
Thu 16 Oct 2025 05:00:01 PM PDT - Started Downloading images
Thu 16 Oct 2025 05:00:01 PM PDT - Completed downloading images
~~~~~~~~~~~~~~~~~~~~~~~~~~~~~~~~~~~~~~~~~~~~~~~~~
Thu 16 Oct 2025 05:30:01 PM PDT - Started Downloading images
Thu 16 Oct 2025 05:30:02 PM PDT - Completed downloading images
~~~~~~~~~~~~~~~~~~~~~~~~~~~~~~~~~~~~~~~~~~~~~~~~~
Thu 16 Oct 2025 06:00:01 PM PDT - Started Downloading images
Thu 16 Oct 2025 06:00:01 PM PDT - Completed downloading images
~~~~~~~~~~~~~~~~~~~~~~~~~~~~~~~~~~~~~~~~~~~~~~~~~
Thu 16 Oct 2025 06:30:01 PM PDT - Started Downloading images
Thu 16 Oct 2025 06:30:02 PM PDT - Completed downloading images
~~~~~~~~~~~~~~~~~~~~~~~~~~~~~~~~~~~~~~~~~~~~~~~~~
Thu 16 Oct 2025 07:00:01 PM PDT - Started Downloading images
Thu 16 Oct 2025 07:00:01 PM PDT - Completed downloading images
~~~~~~~~~~~~~~~~~~~~~~~~~~~~~~~~~~~~~~~~~~~~~~~~~
Thu 16 Oct 2025 07:30:01 PM PDT - Started Downloading images
Thu 16 Oct 2025 07:30:02 PM PDT - Completed downloading images
~~~~~~~~~~~~~~~~~~~~~~~~~~~~~~~~~~~~~~~~~~~~~~~~~
Thu 16 Oct 2025 08:00:01 PM PDT - Started Downloading images
Thu 16 Oct 2025 08:00:01 PM PDT - Completed downloading images
~~~~~~~~~~~~~~~~~~~~~~~~~~~~~~~~~~~~~~~~~~~~~~~~~
Thu 16 Oct 2025 08:30:01 PM PDT - Started Downloading images
Thu 16 Oct 2025 08:30:02 PM PDT - Completed downloading images
~~~~~~~~~~~~~~~~~~~~~~~~~~~~~~~~~~~~~~~~~~~~~~~~~
Thu 16 Oct 2025 09:00:01 PM PDT - Started Downloading images
Thu 16 Oct 2025 09:00:01 PM PDT - Completed downloading images
~~~~~~~~~~~~~~~~~~~~~~~~~~~~~~~~~~~~~~~~~~~~~~~~~
Thu 16 Oct 2025 09:30:01 PM PDT - Started Downloading images
Thu 16 Oct 2025 09:30:02 PM PDT - Completed downloading images
~~~~~~~~~~~~~~~~~~~~~~~~~~~~~~~~~~~~~~~~~~~~~~~~~
Thu 16 Oct 2025 10:00:01 PM PDT - Started Downloading images
Thu 16 Oct 2025 10:00:01 PM PDT - Completed downloading images
~~~~~~~~~~~~~~~~~~~~~~~~~~~~~~~~~~~~~~~~~~~~~~~~~
Thu 16 Oct 2025 10:30:01 PM PDT - Started Downloading images
Thu 16 Oct 2025 10:30:02 PM PDT - Completed downloading images
~~~~~~~~~~~~~~~~~~~~~~~~~~~~~~~~~~~~~~~~~~~~~~~~~
Thu 16 Oct 2025 11:00:01 PM PDT - Started Downloading images
Thu 16 Oct 2025 11:00:01 PM PDT - Completed downloading images
~~~~~~~~~~~~~~~~~~~~~~~~~~~~~~~~~~~~~~~~~~~~~~~~~
Thu 16 Oct 2025 11:30:01 PM PDT - Started Downloading images
Thu 16 Oct 2025 11:30:02 PM PDT - Completed downloading images
~~~~~~~~~~~~~~~~~~~~~~~~~~~~~~~~~~~~~~~~~~~~~~~~~
Fri 17 Oct 2025 12:00:01 AM PDT - Started Downloading images
Fri 17 Oct 2025 12:00:01 AM PDT - Completed downloading images
~~~~~~~~~~~~~~~~~~~~~~~~~~~~~~~~~~~~~~~~~~~~~~~~~
Fri 17 Oct 2025 12:30:01 AM PDT - Started Downloading images
Fri 17 Oct 2025 12:30:02 AM PDT - Completed downloading images
~~~~~~~~~~~~~~~~~~~~~~~~~~~~~~~~~~~~~~~~~~~~~~~~~
Fri 17 Oct 2025 01:00:01 AM PDT - Started Downloading images
Fri 17 Oct 2025 01:00:01 AM PDT - Completed downloading images
~~~~~~~~~~~~~~~~~~~~~~~~~~~~~~~~~~~~~~~~~~~~~~~~~
Fri 17 Oct 2025 01:30:01 AM PDT - Started Downloading images
Fri 17 Oct 2025 01:30:01 AM PDT - Completed downloading images
~~~~~~~~~~~~~~~~~~~~~~~~~~~~~~~~~~~~~~~~~~~~~~~~~
Fri 17 Oct 2025 02:00:01 AM PDT - Started Downloading images
Fri 17 Oct 2025 02:00:02 AM PDT - Completed downloading images
~~~~~~~~~~~~~~~~~~~~~~~~~~~~~~~~~~~~~~~~~~~~~~~~~
Fri 17 Oct 2025 02:30:01 AM PDT - Started Downloading images
Fri 17 Oct 2025 02:30:01 AM PDT - Completed downloading images
~~~~~~~~~~~~~~~~~~~~~~~~~~~~~~~~~~~~~~~~~~~~~~~~~
Fri 17 Oct 2025 03:00:01 AM PDT - Started Downloading images
Fri 17 Oct 2025 03:00:02 AM PDT - Completed downloading images
~~~~~~~~~~~~~~~~~~~~~~~~~~~~~~~~~~~~~~~~~~~~~~~~~
Fri 17 Oct 2025 03:30:02 AM PDT - Started Downloading images
Fri 17 Oct 2025 03:30:02 AM PDT - Completed downloading images
~~~~~~~~~~~~~~~~~~~~~~~~~~~~~~~~~~~~~~~~~~~~~~~~~
Fri 17 Oct 2025 04:00:01 AM PDT - Started Downloading images
Fri 17 Oct 2025 04:00:02 AM PDT - Completed downloading images
~~~~~~~~~~~~~~~~~~~~~~~~~~~~~~~~~~~~~~~~~~~~~~~~~
Fri 17 Oct 2025 04:30:01 AM PDT - Started Downloading images
Fri 17 Oct 2025 04:30:01 AM PDT - Completed downloading images
~~~~~~~~~~~~~~~~~~~~~~~~~~~~~~~~~~~~~~~~~~~~~~~~~
Fri 17 Oct 2025 05:00:01 AM PDT - Started Downloading images
Fri 17 Oct 2025 05:00:02 AM PDT - Completed downloading images
~~~~~~~~~~~~~~~~~~~~~~~~~~~~~~~~~~~~~~~~~~~~~~~~~
Fri 17 Oct 2025 05:30:01 AM PDT - Started Downloading images
Fri 17 Oct 2025 05:30:01 AM PDT - Completed downloading images
~~~~~~~~~~~~~~~~~~~~~~~~~~~~~~~~~~~~~~~~~~~~~~~~~
Fri 17 Oct 2025 06:00:01 AM PDT - Started Downloading images
Fri 17 Oct 2025 06:00:02 AM PDT - Completed downloading images
~~~~~~~~~~~~~~~~~~~~~~~~~~~~~~~~~~~~~~~~~~~~~~~~~
Fri 17 Oct 2025 06:30:01 AM PDT - Started Downloading images
Fri 17 Oct 2025 06:30:02 AM PDT - Completed downloading images
~~~~~~~~~~~~~~~~~~~~~~~~~~~~~~~~~~~~~~~~~~~~~~~~~
Fri 17 Oct 2025 07:00:01 AM PDT - Started Downloading images
Fri 17 Oct 2025 07:00:01 AM PDT - Completed downloading images
~~~~~~~~~~~~~~~~~~~~~~~~~~~~~~~~~~~~~~~~~~~~~~~~~
Fri 17 Oct 2025 07:30:01 AM PDT - Started Downloading images
Fri 17 Oct 2025 07:30:02 AM PDT - Completed downloading images
~~~~~~~~~~~~~~~~~~~~~~~~~~~~~~~~~~~~~~~~~~~~~~~~~
Fri 17 Oct 2025 08:00:01 AM PDT - Started Downloading images
Fri 17 Oct 2025 08:00:01 AM PDT - Completed downloading images
~~~~~~~~~~~~~~~~~~~~~~~~~~~~~~~~~~~~~~~~~~~~~~~~~
Fri 17 Oct 2025 08:30:01 AM PDT - Started Downloading images
Fri 17 Oct 2025 08:30:02 AM PDT - Completed downloading images
~~~~~~~~~~~~~~~~~~~~~~~~~~~~~~~~~~~~~~~~~~~~~~~~~
Fri 17 Oct 2025 09:00:01 AM PDT - Started Downloading images
Fri 17 Oct 2025 09:00:01 AM PDT - Completed downloading images
~~~~~~~~~~~~~~~~~~~~~~~~~~~~~~~~~~~~~~~~~~~~~~~~~
Fri 17 Oct 2025 09:30:01 AM PDT - Started Downloading images
Fri 17 Oct 2025 09:30:02 AM PDT - Completed downloading images
~~~~~~~~~~~~~~~~~~~~~~~~~~~~~~~~~~~~~~~~~~~~~~~~~
Fri 17 Oct 2025 10:00:01 AM PDT - Started Downloading images
Fri 17 Oct 2025 10:00:02 AM PDT - Completed downloading images
~~~~~~~~~~~~~~~~~~~~~~~~~~~~~~~~~~~~~~~~~~~~~~~~~
Fri 17 Oct 2025 10:30:01 AM PDT - Started Downloading images
Fri 17 Oct 2025 10:30:01 AM PDT - Completed downloading images
~~~~~~~~~~~~~~~~~~~~~~~~~~~~~~~~~~~~~~~~~~~~~~~~~
Fri 17 Oct 2025 11:00:01 AM PDT - Started Downloading images
Fri 17 Oct 2025 11:00:02 AM PDT - Completed downloading images
~~~~~~~~~~~~~~~~~~~~~~~~~~~~~~~~~~~~~~~~~~~~~~~~~
Fri 17 Oct 2025 11:30:01 AM PDT - Started Downloading images
Fri 17 Oct 2025 11:30:01 AM PDT - Completed downloading images
~~~~~~~~~~~~~~~~~~~~~~~~~~~~~~~~~~~~~~~~~~~~~~~~~
Fri 17 Oct 2025 12:00:01 PM PDT - Started Downloading images
Fri 17 Oct 2025 12:00:02 PM PDT - Completed downloading images
~~~~~~~~~~~~~~~~~~~~~~~~~~~~~~~~~~~~~~~~~~~~~~~~~
Fri 17 Oct 2025 12:30:01 PM PDT - Started Downloading images
Fri 17 Oct 2025 12:30:01 PM PDT - Completed downloading images
~~~~~~~~~~~~~~~~~~~~~~~~~~~~~~~~~~~~~~~~~~~~~~~~~
Fri 17 Oct 2025 01:00:01 PM PDT - Started Downloading images
Fri 17 Oct 2025 01:00:02 PM PDT - Completed downloading images
~~~~~~~~~~~~~~~~~~~~~~~~~~~~~~~~~~~~~~~~~~~~~~~~~
Fri 17 Oct 2025 01:30:01 PM PDT - Started Downloading images
Fri 17 Oct 2025 01:30:02 PM PDT - Completed downloading images
~~~~~~~~~~~~~~~~~~~~~~~~~~~~~~~~~~~~~~~~~~~~~~~~~
Fri 17 Oct 2025 02:00:01 PM PDT - Started Downloading images
Fri 17 Oct 2025 02:00:01 PM PDT - Completed downloading images
~~~~~~~~~~~~~~~~~~~~~~~~~~~~~~~~~~~~~~~~~~~~~~~~~
Fri 17 Oct 2025 02:30:01 PM PDT - Started Downloading images
Fri 17 Oct 2025 02:30:02 PM PDT - Completed downloading images
~~~~~~~~~~~~~~~~~~~~~~~~~~~~~~~~~~~~~~~~~~~~~~~~~
Fri 17 Oct 2025 03:00:01 PM PDT - Started Downloading images
Fri 17 Oct 2025 03:00:01 PM PDT - Completed downloading images
~~~~~~~~~~~~~~~~~~~~~~~~~~~~~~~~~~~~~~~~~~~~~~~~~
Fri 17 Oct 2025 03:30:01 PM PDT - Started Downloading images
Fri 17 Oct 2025 03:30:02 PM PDT - Completed downloading images
~~~~~~~~~~~~~~~~~~~~~~~~~~~~~~~~~~~~~~~~~~~~~~~~~
Fri 17 Oct 2025 04:00:01 PM PDT - Started Downloading images
Fri 17 Oct 2025 04:00:01 PM PDT - Completed downloading images
~~~~~~~~~~~~~~~~~~~~~~~~~~~~~~~~~~~~~~~~~~~~~~~~~
Fri 17 Oct 2025 04:30:01 PM PDT - Started Downloading images
Fri 17 Oct 2025 04:30:02 PM PDT - Completed downloading images
~~~~~~~~~~~~~~~~~~~~~~~~~~~~~~~~~~~~~~~~~~~~~~~~~
Fri 17 Oct 2025 05:00:01 PM PDT - Started Downloading images
Fri 17 Oct 2025 05:00:01 PM PDT - Completed downloading images
~~~~~~~~~~~~~~~~~~~~~~~~~~~~~~~~~~~~~~~~~~~~~~~~~
Fri 17 Oct 2025 05:30:01 PM PDT - Started Downloading images
Fri 17 Oct 2025 05:30:02 PM PDT - Completed downloading images
~~~~~~~~~~~~~~~~~~~~~~~~~~~~~~~~~~~~~~~~~~~~~~~~~
Fri 17 Oct 2025 06:00:01 PM PDT - Started Downloading images
Fri 17 Oct 2025 06:00:01 PM PDT - Completed downloading images
~~~~~~~~~~~~~~~~~~~~~~~~~~~~~~~~~~~~~~~~~~~~~~~~~
Fri 17 Oct 2025 06:30:01 PM PDT - Started Downloading images
Fri 17 Oct 2025 06:30:02 PM PDT - Completed downloading images
~~~~~~~~~~~~~~~~~~~~~~~~~~~~~~~~~~~~~~~~~~~~~~~~~
Fri 17 Oct 2025 07:00:01 PM PDT - Started Downloading images
Fri 17 Oct 2025 07:00:01 PM PDT - Completed downloading images
~~~~~~~~~~~~~~~~~~~~~~~~~~~~~~~~~~~~~~~~~~~~~~~~~
Fri 17 Oct 2025 07:30:01 PM PDT - Started Downloading images
Fri 17 Oct 2025 07:30:02 PM PDT - Completed downloading images
~~~~~~~~~~~~~~~~~~~~~~~~~~~~~~~~~~~~~~~~~~~~~~~~~
Fri 17 Oct 2025 08:00:01 PM PDT - Started Downloading images
Fri 17 Oct 2025 08:00:01 PM PDT - Completed downloading images
~~~~~~~~~~~~~~~~~~~~~~~~~~~~~~~~~~~~~~~~~~~~~~~~~
Fri 17 Oct 2025 08:30:01 PM PDT - Started Downloading images
Fri 17 Oct 2025 08:30:01 PM PDT - Completed downloading images
~~~~~~~~~~~~~~~~~~~~~~~~~~~~~~~~~~~~~~~~~~~~~~~~~
Fri 17 Oct 2025 09:00:01 PM PDT - Started Downloading images
Fri 17 Oct 2025 09:00:01 PM PDT - Completed downloading images
~~~~~~~~~~~~~~~~~~~~~~~~~~~~~~~~~~~~~~~~~~~~~~~~~
Fri 17 Oct 2025 09:30:01 PM PDT - Started Downloading images
Fri 17 Oct 2025 09:30:01 PM PDT - Completed downloading images
~~~~~~~~~~~~~~~~~~~~~~~~~~~~~~~~~~~~~~~~~~~~~~~~~
Fri 17 Oct 2025 10:00:01 PM PDT - Started Downloading images
Fri 17 Oct 2025 10:00:02 PM PDT - Completed downloading images
~~~~~~~~~~~~~~~~~~~~~~~~~~~~~~~~~~~~~~~~~~~~~~~~~
Fri 17 Oct 2025 10:30:01 PM PDT - Started Downloading images
Fri 17 Oct 2025 10:30:01 PM PDT - Completed downloading images
~~~~~~~~~~~~~~~~~~~~~~~~~~~~~~~~~~~~~~~~~~~~~~~~~
Fri 17 Oct 2025 11:00:01 PM PDT - Started Downloading images
Fri 17 Oct 2025 11:00:02 PM PDT - Completed downloading images
~~~~~~~~~~~~~~~~~~~~~~~~~~~~~~~~~~~~~~~~~~~~~~~~~
Fri 17 Oct 2025 11:30:01 PM PDT - Started Downloading images
Fri 17 Oct 2025 11:30:01 PM PDT - Completed downloading images
~~~~~~~~~~~~~~~~~~~~~~~~~~~~~~~~~~~~~~~~~~~~~~~~~
Sat 18 Oct 2025 12:00:01 AM PDT - Started Downloading images
Sat 18 Oct 2025 12:00:02 AM PDT - Completed downloading images
~~~~~~~~~~~~~~~~~~~~~~~~~~~~~~~~~~~~~~~~~~~~~~~~~
Sat 18 Oct 2025 12:30:01 AM PDT - Started Downloading images
Sat 18 Oct 2025 12:30:01 AM PDT - Completed downloading images
~~~~~~~~~~~~~~~~~~~~~~~~~~~~~~~~~~~~~~~~~~~~~~~~~
Sat 18 Oct 2025 01:00:01 AM PDT - Started Downloading images
Sat 18 Oct 2025 01:00:02 AM PDT - Completed downloading images
~~~~~~~~~~~~~~~~~~~~~~~~~~~~~~~~~~~~~~~~~~~~~~~~~
Sat 18 Oct 2025 01:30:01 AM PDT - Started Downloading images
Sat 18 Oct 2025 01:30:01 AM PDT - Completed downloading images
~~~~~~~~~~~~~~~~~~~~~~~~~~~~~~~~~~~~~~~~~~~~~~~~~
Sat 18 Oct 2025 02:00:01 AM PDT - Started Downloading images
Sat 18 Oct 2025 02:00:02 AM PDT - Completed downloading images
~~~~~~~~~~~~~~~~~~~~~~~~~~~~~~~~~~~~~~~~~~~~~~~~~
Sat 18 Oct 2025 02:30:01 AM PDT - Started Downloading images
Sat 18 Oct 2025 02:30:01 AM PDT - Completed downloading images
~~~~~~~~~~~~~~~~~~~~~~~~~~~~~~~~~~~~~~~~~~~~~~~~~
Sat 18 Oct 2025 03:00:01 AM PDT - Started Downloading images
Sat 18 Oct 2025 03:00:02 AM PDT - Completed downloading images
~~~~~~~~~~~~~~~~~~~~~~~~~~~~~~~~~~~~~~~~~~~~~~~~~
Sat 18 Oct 2025 03:30:01 AM PDT - Started Downloading images
Sat 18 Oct 2025 03:30:02 AM PDT - Completed downloading images
~~~~~~~~~~~~~~~~~~~~~~~~~~~~~~~~~~~~~~~~~~~~~~~~~
Sat 18 Oct 2025 04:00:01 AM PDT - Started Downloading images
Sat 18 Oct 2025 04:00:01 AM PDT - Completed downloading images
~~~~~~~~~~~~~~~~~~~~~~~~~~~~~~~~~~~~~~~~~~~~~~~~~
Sat 18 Oct 2025 04:30:01 AM PDT - Started Downloading images
Sat 18 Oct 2025 04:30:02 AM PDT - Completed downloading images
~~~~~~~~~~~~~~~~~~~~~~~~~~~~~~~~~~~~~~~~~~~~~~~~~
Sat 18 Oct 2025 05:00:01 AM PDT - Started Downloading images
Sat 18 Oct 2025 05:00:01 AM PDT - Completed downloading images
~~~~~~~~~~~~~~~~~~~~~~~~~~~~~~~~~~~~~~~~~~~~~~~~~
Sat 18 Oct 2025 05:30:01 AM PDT - Started Downloading images
Sat 18 Oct 2025 05:30:02 AM PDT - Completed downloading images
~~~~~~~~~~~~~~~~~~~~~~~~~~~~~~~~~~~~~~~~~~~~~~~~~
Sat 18 Oct 2025 06:00:01 AM PDT - Started Downloading images
Sat 18 Oct 2025 06:00:01 AM PDT - Completed downloading images
~~~~~~~~~~~~~~~~~~~~~~~~~~~~~~~~~~~~~~~~~~~~~~~~~
Sat 18 Oct 2025 06:30:01 AM PDT - Started Downloading images
Sat 18 Oct 2025 06:30:01 AM PDT - Completed downloading images
~~~~~~~~~~~~~~~~~~~~~~~~~~~~~~~~~~~~~~~~~~~~~~~~~
Sat 18 Oct 2025 07:00:01 AM PDT - Started Downloading images
Sat 18 Oct 2025 07:00:02 AM PDT - Completed downloading images
~~~~~~~~~~~~~~~~~~~~~~~~~~~~~~~~~~~~~~~~~~~~~~~~~
Sat 18 Oct 2025 07:30:01 AM PDT - Started Downloading images
Sat 18 Oct 2025 07:30:01 AM PDT - Completed downloading images
~~~~~~~~~~~~~~~~~~~~~~~~~~~~~~~~~~~~~~~~~~~~~~~~~
Sat 18 Oct 2025 08:00:01 AM PDT - Started Downloading images
Sat 18 Oct 2025 08:00:02 AM PDT - Completed downloading images
~~~~~~~~~~~~~~~~~~~~~~~~~~~~~~~~~~~~~~~~~~~~~~~~~
Sat 18 Oct 2025 08:30:01 AM PDT - Started Downloading images
Sat 18 Oct 2025 08:30:01 AM PDT - Completed downloading images
~~~~~~~~~~~~~~~~~~~~~~~~~~~~~~~~~~~~~~~~~~~~~~~~~
Sat 18 Oct 2025 09:00:01 AM PDT - Started Downloading images
Sat 18 Oct 2025 09:00:02 AM PDT - Completed downloading images
~~~~~~~~~~~~~~~~~~~~~~~~~~~~~~~~~~~~~~~~~~~~~~~~~
Sat 18 Oct 2025 09:30:01 AM PDT - Started Downloading images
Sat 18 Oct 2025 09:30:01 AM PDT - Completed downloading images
~~~~~~~~~~~~~~~~~~~~~~~~~~~~~~~~~~~~~~~~~~~~~~~~~
Sat 18 Oct 2025 10:00:01 AM PDT - Started Downloading images
Sat 18 Oct 2025 10:00:02 AM PDT - Completed downloading images
~~~~~~~~~~~~~~~~~~~~~~~~~~~~~~~~~~~~~~~~~~~~~~~~~
Sat 18 Oct 2025 10:30:01 AM PDT - Started Downloading images
Sat 18 Oct 2025 10:30:01 AM PDT - Completed downloading images
~~~~~~~~~~~~~~~~~~~~~~~~~~~~~~~~~~~~~~~~~~~~~~~~~
Sat 18 Oct 2025 11:00:01 AM PDT - Started Downloading images
Sat 18 Oct 2025 11:00:02 AM PDT - Completed downloading images
~~~~~~~~~~~~~~~~~~~~~~~~~~~~~~~~~~~~~~~~~~~~~~~~~
Sat 18 Oct 2025 11:30:01 AM PDT - Started Downloading images
Sat 18 Oct 2025 11:30:01 AM PDT - Completed downloading images
~~~~~~~~~~~~~~~~~~~~~~~~~~~~~~~~~~~~~~~~~~~~~~~~~
Sat 18 Oct 2025 12:00:01 PM PDT - Started Downloading images
Sat 18 Oct 2025 12:00:02 PM PDT - Completed downloading images
~~~~~~~~~~~~~~~~~~~~~~~~~~~~~~~~~~~~~~~~~~~~~~~~~
Sat 18 Oct 2025 12:30:01 PM PDT - Started Downloading images
Sat 18 Oct 2025 12:30:01 PM PDT - Completed downloading images
~~~~~~~~~~~~~~~~~~~~~~~~~~~~~~~~~~~~~~~~~~~~~~~~~
Sat 18 Oct 2025 01:00:01 PM PDT - Started Downloading images
Sat 18 Oct 2025 01:00:02 PM PDT - Completed downloading images
~~~~~~~~~~~~~~~~~~~~~~~~~~~~~~~~~~~~~~~~~~~~~~~~~
Sat 18 Oct 2025 01:30:01 PM PDT - Started Downloading images
Sat 18 Oct 2025 01:30:01 PM PDT - Completed downloading images
~~~~~~~~~~~~~~~~~~~~~~~~~~~~~~~~~~~~~~~~~~~~~~~~~
Sat 18 Oct 2025 02:00:01 PM PDT - Started Downloading images
Sat 18 Oct 2025 02:00:02 PM PDT - Completed downloading images
~~~~~~~~~~~~~~~~~~~~~~~~~~~~~~~~~~~~~~~~~~~~~~~~~
Sat 18 Oct 2025 02:30:01 PM PDT - Started Downloading images
Sat 18 Oct 2025 02:30:01 PM PDT - Completed downloading images
~~~~~~~~~~~~~~~~~~~~~~~~~~~~~~~~~~~~~~~~~~~~~~~~~
Sat 18 Oct 2025 03:00:01 PM PDT - Started Downloading images
Sat 18 Oct 2025 03:00:02 PM PDT - Completed downloading images
~~~~~~~~~~~~~~~~~~~~~~~~~~~~~~~~~~~~~~~~~~~~~~~~~
Sat 18 Oct 2025 03:30:01 PM PDT - Started Downloading images
Sat 18 Oct 2025 03:30:01 PM PDT - Completed downloading images
~~~~~~~~~~~~~~~~~~~~~~~~~~~~~~~~~~~~~~~~~~~~~~~~~
Sat 18 Oct 2025 04:00:01 PM PDT - Started Downloading images
Sat 18 Oct 2025 04:00:02 PM PDT - Completed downloading images
~~~~~~~~~~~~~~~~~~~~~~~~~~~~~~~~~~~~~~~~~~~~~~~~~
Sat 18 Oct 2025 04:30:01 PM PDT - Started Downloading images
Sat 18 Oct 2025 04:30:01 PM PDT - Completed downloading images
~~~~~~~~~~~~~~~~~~~~~~~~~~~~~~~~~~~~~~~~~~~~~~~~~
Sat 18 Oct 2025 05:00:01 PM PDT - Started Downloading images
Sat 18 Oct 2025 05:00:02 PM PDT - Completed downloading images
~~~~~~~~~~~~~~~~~~~~~~~~~~~~~~~~~~~~~~~~~~~~~~~~~
Sat 18 Oct 2025 05:30:01 PM PDT - Started Downloading images
Sat 18 Oct 2025 05:30:01 PM PDT - Completed downloading images
~~~~~~~~~~~~~~~~~~~~~~~~~~~~~~~~~~~~~~~~~~~~~~~~~
Sat 18 Oct 2025 06:00:01 PM PDT - Started Downloading images
Sat 18 Oct 2025 06:00:01 PM PDT - Completed downloading images
~~~~~~~~~~~~~~~~~~~~~~~~~~~~~~~~~~~~~~~~~~~~~~~~~
Sat 18 Oct 2025 06:30:01 PM PDT - Started Downloading images
Sat 18 Oct 2025 06:30:02 PM PDT - Completed downloading images
~~~~~~~~~~~~~~~~~~~~~~~~~~~~~~~~~~~~~~~~~~~~~~~~~
Sat 18 Oct 2025 07:00:01 PM PDT - Started Downloading images
Sat 18 Oct 2025 07:00:01 PM PDT - Completed downloading images
~~~~~~~~~~~~~~~~~~~~~~~~~~~~~~~~~~~~~~~~~~~~~~~~~
Sat 18 Oct 2025 07:30:01 PM PDT - Started Downloading images
Sat 18 Oct 2025 07:30:02 PM PDT - Completed downloading images
~~~~~~~~~~~~~~~~~~~~~~~~~~~~~~~~~~~~~~~~~~~~~~~~~
Sat 18 Oct 2025 08:00:01 PM PDT - Started Downloading images
Sat 18 Oct 2025 08:00:01 PM PDT - Completed downloading images
~~~~~~~~~~~~~~~~~~~~~~~~~~~~~~~~~~~~~~~~~~~~~~~~~
Sat 18 Oct 2025 08:30:01 PM PDT - Started Downloading images
Sat 18 Oct 2025 08:30:01 PM PDT - Completed downloading images
~~~~~~~~~~~~~~~~~~~~~~~~~~~~~~~~~~~~~~~~~~~~~~~~~
Sat 18 Oct 2025 09:00:01 PM PDT - Started Downloading images
Sat 18 Oct 2025 09:00:02 PM PDT - Completed downloading images
~~~~~~~~~~~~~~~~~~~~~~~~~~~~~~~~~~~~~~~~~~~~~~~~~
Sat 18 Oct 2025 09:30:01 PM PDT - Started Downloading images
Sat 18 Oct 2025 09:30:01 PM PDT - Completed downloading images
~~~~~~~~~~~~~~~~~~~~~~~~~~~~~~~~~~~~~~~~~~~~~~~~~
Sat 18 Oct 2025 10:00:01 PM PDT - Started Downloading images
Sat 18 Oct 2025 10:00:02 PM PDT - Completed downloading images
~~~~~~~~~~~~~~~~~~~~~~~~~~~~~~~~~~~~~~~~~~~~~~~~~
Sat 18 Oct 2025 10:30:01 PM PDT - Started Downloading images
Sat 18 Oct 2025 10:30:01 PM PDT - Completed downloading images
~~~~~~~~~~~~~~~~~~~~~~~~~~~~~~~~~~~~~~~~~~~~~~~~~
Sat 18 Oct 2025 11:00:01 PM PDT - Started Downloading images
Sat 18 Oct 2025 11:00:02 PM PDT - Completed downloading images
~~~~~~~~~~~~~~~~~~~~~~~~~~~~~~~~~~~~~~~~~~~~~~~~~
Sat 18 Oct 2025 11:30:01 PM PDT - Started Downloading images
Sat 18 Oct 2025 11:30:01 PM PDT - Completed downloading images
~~~~~~~~~~~~~~~~~~~~~~~~~~~~~~~~~~~~~~~~~~~~~~~~~
Sun 19 Oct 2025 12:00:01 AM PDT - Started Downloading images
Sun 19 Oct 2025 12:00:02 AM PDT - Completed downloading images
~~~~~~~~~~~~~~~~~~~~~~~~~~~~~~~~~~~~~~~~~~~~~~~~~
Sun 19 Oct 2025 12:30:01 AM PDT - Started Downloading images
Sun 19 Oct 2025 12:30:01 AM PDT - Completed downloading images
~~~~~~~~~~~~~~~~~~~~~~~~~~~~~~~~~~~~~~~~~~~~~~~~~
Sun 19 Oct 2025 01:00:01 AM PDT - Started Downloading images
Sun 19 Oct 2025 01:00:02 AM PDT - Completed downloading images
~~~~~~~~~~~~~~~~~~~~~~~~~~~~~~~~~~~~~~~~~~~~~~~~~
Sun 19 Oct 2025 01:30:01 AM PDT - Started Downloading images
Sun 19 Oct 2025 01:30:01 AM PDT - Completed downloading images
~~~~~~~~~~~~~~~~~~~~~~~~~~~~~~~~~~~~~~~~~~~~~~~~~
Sun 19 Oct 2025 02:00:01 AM PDT - Started Downloading images
Sun 19 Oct 2025 02:00:02 AM PDT - Completed downloading images
~~~~~~~~~~~~~~~~~~~~~~~~~~~~~~~~~~~~~~~~~~~~~~~~~
Sun 19 Oct 2025 02:30:01 AM PDT - Started Downloading images
Sun 19 Oct 2025 02:30:01 AM PDT - Completed downloading images
~~~~~~~~~~~~~~~~~~~~~~~~~~~~~~~~~~~~~~~~~~~~~~~~~
Sun 19 Oct 2025 03:00:01 AM PDT - Started Downloading images
Sun 19 Oct 2025 03:00:02 AM PDT - Completed downloading images
~~~~~~~~~~~~~~~~~~~~~~~~~~~~~~~~~~~~~~~~~~~~~~~~~
Sun 19 Oct 2025 03:30:01 AM PDT - Started Downloading images
Sun 19 Oct 2025 03:30:01 AM PDT - Completed downloading images
~~~~~~~~~~~~~~~~~~~~~~~~~~~~~~~~~~~~~~~~~~~~~~~~~
Sun 19 Oct 2025 04:00:01 AM PDT - Started Downloading images
Sun 19 Oct 2025 04:00:02 AM PDT - Completed downloading images
~~~~~~~~~~~~~~~~~~~~~~~~~~~~~~~~~~~~~~~~~~~~~~~~~
Sun 19 Oct 2025 04:30:01 AM PDT - Started Downloading images
Sun 19 Oct 2025 04:30:01 AM PDT - Completed downloading images
~~~~~~~~~~~~~~~~~~~~~~~~~~~~~~~~~~~~~~~~~~~~~~~~~
Sun 19 Oct 2025 05:00:01 AM PDT - Started Downloading images
Sun 19 Oct 2025 05:00:02 AM PDT - Completed downloading images
~~~~~~~~~~~~~~~~~~~~~~~~~~~~~~~~~~~~~~~~~~~~~~~~~
Sun 19 Oct 2025 05:30:01 AM PDT - Started Downloading images
Sun 19 Oct 2025 05:30:01 AM PDT - Completed downloading images
~~~~~~~~~~~~~~~~~~~~~~~~~~~~~~~~~~~~~~~~~~~~~~~~~
Sun 19 Oct 2025 06:00:01 AM PDT - Started Downloading images
Sun 19 Oct 2025 06:00:02 AM PDT - Completed downloading images
~~~~~~~~~~~~~~~~~~~~~~~~~~~~~~~~~~~~~~~~~~~~~~~~~
Sun 19 Oct 2025 06:30:01 AM PDT - Started Downloading images
Sun 19 Oct 2025 06:30:02 AM PDT - Completed downloading images
~~~~~~~~~~~~~~~~~~~~~~~~~~~~~~~~~~~~~~~~~~~~~~~~~
Sun 19 Oct 2025 07:00:01 AM PDT - Started Downloading images
Sun 19 Oct 2025 07:00:01 AM PDT - Completed downloading images
~~~~~~~~~~~~~~~~~~~~~~~~~~~~~~~~~~~~~~~~~~~~~~~~~
Sun 19 Oct 2025 07:30:01 AM PDT - Started Downloading images
Sun 19 Oct 2025 07:30:02 AM PDT - Completed downloading images
~~~~~~~~~~~~~~~~~~~~~~~~~~~~~~~~~~~~~~~~~~~~~~~~~
Sun 19 Oct 2025 08:00:01 AM PDT - Started Downloading images
Sun 19 Oct 2025 08:00:01 AM PDT - Completed downloading images
~~~~~~~~~~~~~~~~~~~~~~~~~~~~~~~~~~~~~~~~~~~~~~~~~
Sun 19 Oct 2025 08:30:01 AM PDT - Started Downloading images
Sun 19 Oct 2025 08:30:02 AM PDT - Completed downloading images
~~~~~~~~~~~~~~~~~~~~~~~~~~~~~~~~~~~~~~~~~~~~~~~~~
Sun 19 Oct 2025 09:00:01 AM PDT - Started Downloading images
Sun 19 Oct 2025 09:00:01 AM PDT - Completed downloading images
~~~~~~~~~~~~~~~~~~~~~~~~~~~~~~~~~~~~~~~~~~~~~~~~~
Sun 19 Oct 2025 09:30:01 AM PDT - Started Downloading images
Sun 19 Oct 2025 09:30:02 AM PDT - Completed downloading images
~~~~~~~~~~~~~~~~~~~~~~~~~~~~~~~~~~~~~~~~~~~~~~~~~
Sun 19 Oct 2025 10:00:01 AM PDT - Started Downloading images
Sun 19 Oct 2025 10:00:01 AM PDT - Completed downloading images
~~~~~~~~~~~~~~~~~~~~~~~~~~~~~~~~~~~~~~~~~~~~~~~~~
Sun 19 Oct 2025 10:30:01 AM PDT - Started Downloading images
Sun 19 Oct 2025 10:30:02 AM PDT - Completed downloading images
~~~~~~~~~~~~~~~~~~~~~~~~~~~~~~~~~~~~~~~~~~~~~~~~~
Sun 19 Oct 2025 11:00:01 AM PDT - Started Downloading images
Sun 19 Oct 2025 11:00:01 AM PDT - Completed downloading images
~~~~~~~~~~~~~~~~~~~~~~~~~~~~~~~~~~~~~~~~~~~~~~~~~
Sun 19 Oct 2025 11:30:01 AM PDT - Started Downloading images
Sun 19 Oct 2025 11:30:02 AM PDT - Completed downloading images
~~~~~~~~~~~~~~~~~~~~~~~~~~~~~~~~~~~~~~~~~~~~~~~~~
Sun 19 Oct 2025 12:00:01 PM PDT - Started Downloading images
Sun 19 Oct 2025 12:00:01 PM PDT - Completed downloading images
~~~~~~~~~~~~~~~~~~~~~~~~~~~~~~~~~~~~~~~~~~~~~~~~~
Sun 19 Oct 2025 12:30:01 PM PDT - Started Downloading images
Sun 19 Oct 2025 12:30:02 PM PDT - Completed downloading images
~~~~~~~~~~~~~~~~~~~~~~~~~~~~~~~~~~~~~~~~~~~~~~~~~
Sun 19 Oct 2025 01:00:01 PM PDT - Started Downloading images
Sun 19 Oct 2025 01:00:01 PM PDT - Completed downloading images
~~~~~~~~~~~~~~~~~~~~~~~~~~~~~~~~~~~~~~~~~~~~~~~~~
Sun 19 Oct 2025 01:30:01 PM PDT - Started Downloading images
Sun 19 Oct 2025 01:30:02 PM PDT - Completed downloading images
~~~~~~~~~~~~~~~~~~~~~~~~~~~~~~~~~~~~~~~~~~~~~~~~~
Sun 19 Oct 2025 02:00:01 PM PDT - Started Downloading images
Sun 19 Oct 2025 02:00:02 PM PDT - Completed downloading images
~~~~~~~~~~~~~~~~~~~~~~~~~~~~~~~~~~~~~~~~~~~~~~~~~
Sun 19 Oct 2025 02:30:01 PM PDT - Started Downloading images
Sun 19 Oct 2025 02:30:01 PM PDT - Completed downloading images
~~~~~~~~~~~~~~~~~~~~~~~~~~~~~~~~~~~~~~~~~~~~~~~~~
Sun 19 Oct 2025 03:00:01 PM PDT - Started Downloading images
Sun 19 Oct 2025 03:00:02 PM PDT - Completed downloading images
~~~~~~~~~~~~~~~~~~~~~~~~~~~~~~~~~~~~~~~~~~~~~~~~~
Sun 19 Oct 2025 03:30:01 PM PDT - Started Downloading images
Sun 19 Oct 2025 03:30:01 PM PDT - Completed downloading images
~~~~~~~~~~~~~~~~~~~~~~~~~~~~~~~~~~~~~~~~~~~~~~~~~
Sun 19 Oct 2025 04:00:01 PM PDT - Started Downloading images
Sun 19 Oct 2025 04:00:02 PM PDT - Completed downloading images
~~~~~~~~~~~~~~~~~~~~~~~~~~~~~~~~~~~~~~~~~~~~~~~~~
Sun 19 Oct 2025 04:30:01 PM PDT - Started Downloading images
Sun 19 Oct 2025 04:30:01 PM PDT - Completed downloading images
~~~~~~~~~~~~~~~~~~~~~~~~~~~~~~~~~~~~~~~~~~~~~~~~~
Sun 19 Oct 2025 05:00:01 PM PDT - Started Downloading images
Sun 19 Oct 2025 05:00:02 PM PDT - Completed downloading images
~~~~~~~~~~~~~~~~~~~~~~~~~~~~~~~~~~~~~~~~~~~~~~~~~
Sun 19 Oct 2025 05:30:01 PM PDT - Started Downloading images
Sun 19 Oct 2025 05:30:01 PM PDT - Completed downloading images
~~~~~~~~~~~~~~~~~~~~~~~~~~~~~~~~~~~~~~~~~~~~~~~~~
Sun 19 Oct 2025 06:00:01 PM PDT - Started Downloading images
Sun 19 Oct 2025 06:00:02 PM PDT - Completed downloading images
~~~~~~~~~~~~~~~~~~~~~~~~~~~~~~~~~~~~~~~~~~~~~~~~~
Sun 19 Oct 2025 06:30:01 PM PDT - Started Downloading images
Sun 19 Oct 2025 06:30:01 PM PDT - Completed downloading images
~~~~~~~~~~~~~~~~~~~~~~~~~~~~~~~~~~~~~~~~~~~~~~~~~
Sun 19 Oct 2025 07:00:01 PM PDT - Started Downloading images
Sun 19 Oct 2025 07:00:02 PM PDT - Completed downloading images
~~~~~~~~~~~~~~~~~~~~~~~~~~~~~~~~~~~~~~~~~~~~~~~~~
Sun 19 Oct 2025 07:30:01 PM PDT - Started Downloading images
Sun 19 Oct 2025 07:30:01 PM PDT - Completed downloading images
~~~~~~~~~~~~~~~~~~~~~~~~~~~~~~~~~~~~~~~~~~~~~~~~~
Sun 19 Oct 2025 08:00:01 PM PDT - Started Downloading images
Sun 19 Oct 2025 08:00:02 PM PDT - Completed downloading images
~~~~~~~~~~~~~~~~~~~~~~~~~~~~~~~~~~~~~~~~~~~~~~~~~
Sun 19 Oct 2025 08:30:01 PM PDT - Started Downloading images
Sun 19 Oct 2025 08:30:02 PM PDT - Completed downloading images
~~~~~~~~~~~~~~~~~~~~~~~~~~~~~~~~~~~~~~~~~~~~~~~~~
Sun 19 Oct 2025 09:00:01 PM PDT - Started Downloading images
Sun 19 Oct 2025 09:00:01 PM PDT - Completed downloading images
~~~~~~~~~~~~~~~~~~~~~~~~~~~~~~~~~~~~~~~~~~~~~~~~~
Sun 19 Oct 2025 09:30:01 PM PDT - Started Downloading images
Sun 19 Oct 2025 09:30:02 PM PDT - Completed downloading images
~~~~~~~~~~~~~~~~~~~~~~~~~~~~~~~~~~~~~~~~~~~~~~~~~
Sun 19 Oct 2025 10:00:01 PM PDT - Started Downloading images
Sun 19 Oct 2025 10:00:01 PM PDT - Completed downloading images
~~~~~~~~~~~~~~~~~~~~~~~~~~~~~~~~~~~~~~~~~~~~~~~~~
Sun 19 Oct 2025 10:30:01 PM PDT - Started Downloading images
Sun 19 Oct 2025 10:30:02 PM PDT - Completed downloading images
~~~~~~~~~~~~~~~~~~~~~~~~~~~~~~~~~~~~~~~~~~~~~~~~~
Sun 19 Oct 2025 11:00:01 PM PDT - Started Downloading images
Sun 19 Oct 2025 11:00:01 PM PDT - Completed downloading images
~~~~~~~~~~~~~~~~~~~~~~~~~~~~~~~~~~~~~~~~~~~~~~~~~
Sun 19 Oct 2025 11:30:01 PM PDT - Started Downloading images
Sun 19 Oct 2025 11:30:02 PM PDT - Completed downloading images
~~~~~~~~~~~~~~~~~~~~~~~~~~~~~~~~~~~~~~~~~~~~~~~~~
Mon 20 Oct 2025 12:00:01 AM PDT - Started Downloading images
Mon 20 Oct 2025 12:00:01 AM PDT - Completed downloading images
~~~~~~~~~~~~~~~~~~~~~~~~~~~~~~~~~~~~~~~~~~~~~~~~~
Mon 20 Oct 2025 12:30:01 AM PDT - Started Downloading images
Mon 20 Oct 2025 12:30:02 AM PDT - Completed downloading images
~~~~~~~~~~~~~~~~~~~~~~~~~~~~~~~~~~~~~~~~~~~~~~~~~
Mon 20 Oct 2025 01:00:01 AM PDT - Started Downloading images
Mon 20 Oct 2025 01:00:01 AM PDT - Completed downloading images
~~~~~~~~~~~~~~~~~~~~~~~~~~~~~~~~~~~~~~~~~~~~~~~~~
Mon 20 Oct 2025 01:30:01 AM PDT - Started Downloading images
Mon 20 Oct 2025 01:30:02 AM PDT - Completed downloading images
~~~~~~~~~~~~~~~~~~~~~~~~~~~~~~~~~~~~~~~~~~~~~~~~~
Mon 20 Oct 2025 02:00:01 AM PDT - Started Downloading images
Mon 20 Oct 2025 02:00:01 AM PDT - Completed downloading images
~~~~~~~~~~~~~~~~~~~~~~~~~~~~~~~~~~~~~~~~~~~~~~~~~
Mon 20 Oct 2025 02:30:01 AM PDT - Started Downloading images
Mon 20 Oct 2025 02:30:02 AM PDT - Completed downloading images
~~~~~~~~~~~~~~~~~~~~~~~~~~~~~~~~~~~~~~~~~~~~~~~~~
Mon 20 Oct 2025 03:00:01 AM PDT - Started Downloading images
Mon 20 Oct 2025 03:00:02 AM PDT - Completed downloading images
~~~~~~~~~~~~~~~~~~~~~~~~~~~~~~~~~~~~~~~~~~~~~~~~~
Mon 20 Oct 2025 03:30:01 AM PDT - Started Downloading images
Mon 20 Oct 2025 03:30:02 AM PDT - Completed downloading images
~~~~~~~~~~~~~~~~~~~~~~~~~~~~~~~~~~~~~~~~~~~~~~~~~
Mon 20 Oct 2025 04:00:01 AM PDT - Started Downloading images
Mon 20 Oct 2025 04:00:01 AM PDT - Completed downloading images
~~~~~~~~~~~~~~~~~~~~~~~~~~~~~~~~~~~~~~~~~~~~~~~~~
Mon 20 Oct 2025 04:30:01 AM PDT - Started Downloading images
Mon 20 Oct 2025 04:30:02 AM PDT - Completed downloading images
~~~~~~~~~~~~~~~~~~~~~~~~~~~~~~~~~~~~~~~~~~~~~~~~~
Mon 20 Oct 2025 05:00:01 AM PDT - Started Downloading images
Mon 20 Oct 2025 05:00:01 AM PDT - Completed downloading images
~~~~~~~~~~~~~~~~~~~~~~~~~~~~~~~~~~~~~~~~~~~~~~~~~
Mon 20 Oct 2025 05:30:01 AM PDT - Started Downloading images
Mon 20 Oct 2025 05:30:02 AM PDT - Completed downloading images
~~~~~~~~~~~~~~~~~~~~~~~~~~~~~~~~~~~~~~~~~~~~~~~~~
Mon 20 Oct 2025 06:00:01 AM PDT - Started Downloading images
Mon 20 Oct 2025 06:00:01 AM PDT - Completed downloading images
~~~~~~~~~~~~~~~~~~~~~~~~~~~~~~~~~~~~~~~~~~~~~~~~~
Mon 20 Oct 2025 06:30:01 AM PDT - Started Downloading images
Mon 20 Oct 2025 06:30:01 AM PDT - Completed downloading images
~~~~~~~~~~~~~~~~~~~~~~~~~~~~~~~~~~~~~~~~~~~~~~~~~
Mon 20 Oct 2025 07:00:01 AM PDT - Started Downloading images
Mon 20 Oct 2025 07:00:02 AM PDT - Completed downloading images
~~~~~~~~~~~~~~~~~~~~~~~~~~~~~~~~~~~~~~~~~~~~~~~~~
Mon 20 Oct 2025 07:30:01 AM PDT - Started Downloading images
Mon 20 Oct 2025 07:30:01 AM PDT - Completed downloading images
~~~~~~~~~~~~~~~~~~~~~~~~~~~~~~~~~~~~~~~~~~~~~~~~~
Mon 20 Oct 2025 08:00:01 AM PDT - Started Downloading images
Mon 20 Oct 2025 08:00:02 AM PDT - Completed downloading images
~~~~~~~~~~~~~~~~~~~~~~~~~~~~~~~~~~~~~~~~~~~~~~~~~
Mon 20 Oct 2025 08:30:01 AM PDT - Started Downloading images
Mon 20 Oct 2025 08:30:01 AM PDT - Completed downloading images
~~~~~~~~~~~~~~~~~~~~~~~~~~~~~~~~~~~~~~~~~~~~~~~~~
Mon 20 Oct 2025 09:00:01 AM PDT - Started Downloading images
Mon 20 Oct 2025 09:00:02 AM PDT - Completed downloading images
~~~~~~~~~~~~~~~~~~~~~~~~~~~~~~~~~~~~~~~~~~~~~~~~~
Mon 20 Oct 2025 09:30:01 AM PDT - Started Downloading images
Mon 20 Oct 2025 09:30:01 AM PDT - Completed downloading images
~~~~~~~~~~~~~~~~~~~~~~~~~~~~~~~~~~~~~~~~~~~~~~~~~
Mon 20 Oct 2025 10:00:01 AM PDT - Started Downloading images
Mon 20 Oct 2025 10:00:02 AM PDT - Completed downloading images
~~~~~~~~~~~~~~~~~~~~~~~~~~~~~~~~~~~~~~~~~~~~~~~~~
Mon 20 Oct 2025 10:30:01 AM PDT - Started Downloading images
Mon 20 Oct 2025 10:30:01 AM PDT - Completed downloading images
~~~~~~~~~~~~~~~~~~~~~~~~~~~~~~~~~~~~~~~~~~~~~~~~~
Mon 20 Oct 2025 11:00:01 AM PDT - Started Downloading images
Mon 20 Oct 2025 11:00:01 AM PDT - Completed downloading images
~~~~~~~~~~~~~~~~~~~~~~~~~~~~~~~~~~~~~~~~~~~~~~~~~
Mon 20 Oct 2025 11:30:01 AM PDT - Started Downloading images
Mon 20 Oct 2025 11:30:02 AM PDT - Completed downloading images
~~~~~~~~~~~~~~~~~~~~~~~~~~~~~~~~~~~~~~~~~~~~~~~~~
Mon 20 Oct 2025 12:00:01 PM PDT - Started Downloading images
Mon 20 Oct 2025 12:00:01 PM PDT - Completed downloading images
~~~~~~~~~~~~~~~~~~~~~~~~~~~~~~~~~~~~~~~~~~~~~~~~~
Mon 20 Oct 2025 12:30:01 PM PDT - Started Downloading images
Mon 20 Oct 2025 12:30:02 PM PDT - Completed downloading images
~~~~~~~~~~~~~~~~~~~~~~~~~~~~~~~~~~~~~~~~~~~~~~~~~
Mon 20 Oct 2025 01:00:01 PM PDT - Started Downloading images
Mon 20 Oct 2025 01:00:01 PM PDT - Completed downloading images
~~~~~~~~~~~~~~~~~~~~~~~~~~~~~~~~~~~~~~~~~~~~~~~~~
Mon 20 Oct 2025 01:30:01 PM PDT - Started Downloading images
Mon 20 Oct 2025 01:30:02 PM PDT - Completed downloading images
~~~~~~~~~~~~~~~~~~~~~~~~~~~~~~~~~~~~~~~~~~~~~~~~~
Mon 20 Oct 2025 02:00:01 PM PDT - Started Downloading images
Mon 20 Oct 2025 02:00:01 PM PDT - Completed downloading images
~~~~~~~~~~~~~~~~~~~~~~~~~~~~~~~~~~~~~~~~~~~~~~~~~
Mon 20 Oct 2025 02:30:01 PM PDT - Started Downloading images
Mon 20 Oct 2025 02:30:02 PM PDT - Completed downloading images
~~~~~~~~~~~~~~~~~~~~~~~~~~~~~~~~~~~~~~~~~~~~~~~~~
Mon 20 Oct 2025 03:00:01 PM PDT - Started Downloading images
Mon 20 Oct 2025 03:00:01 PM PDT - Completed downloading images
~~~~~~~~~~~~~~~~~~~~~~~~~~~~~~~~~~~~~~~~~~~~~~~~~
Mon 20 Oct 2025 03:30:01 PM PDT - Started Downloading images
Mon 20 Oct 2025 03:30:02 PM PDT - Completed downloading images
~~~~~~~~~~~~~~~~~~~~~~~~~~~~~~~~~~~~~~~~~~~~~~~~~
Mon 20 Oct 2025 04:00:01 PM PDT - Started Downloading images
Mon 20 Oct 2025 04:00:01 PM PDT - Completed downloading images
~~~~~~~~~~~~~~~~~~~~~~~~~~~~~~~~~~~~~~~~~~~~~~~~~
Mon 20 Oct 2025 04:30:01 PM PDT - Started Downloading images
Mon 20 Oct 2025 04:30:02 PM PDT - Completed downloading images
~~~~~~~~~~~~~~~~~~~~~~~~~~~~~~~~~~~~~~~~~~~~~~~~~
Mon 20 Oct 2025 05:00:01 PM PDT - Started Downloading images
Mon 20 Oct 2025 05:00:01 PM PDT - Completed downloading images
~~~~~~~~~~~~~~~~~~~~~~~~~~~~~~~~~~~~~~~~~~~~~~~~~
Mon 20 Oct 2025 05:30:01 PM PDT - Started Downloading images
Mon 20 Oct 2025 05:30:02 PM PDT - Completed downloading images
~~~~~~~~~~~~~~~~~~~~~~~~~~~~~~~~~~~~~~~~~~~~~~~~~
Mon 20 Oct 2025 06:00:01 PM PDT - Started Downloading images
Mon 20 Oct 2025 06:00:01 PM PDT - Completed downloading images
~~~~~~~~~~~~~~~~~~~~~~~~~~~~~~~~~~~~~~~~~~~~~~~~~
Mon 20 Oct 2025 06:30:01 PM PDT - Started Downloading images
Mon 20 Oct 2025 06:30:02 PM PDT - Completed downloading images
~~~~~~~~~~~~~~~~~~~~~~~~~~~~~~~~~~~~~~~~~~~~~~~~~
Mon 20 Oct 2025 07:00:01 PM PDT - Started Downloading images
Mon 20 Oct 2025 07:00:01 PM PDT - Completed downloading images
~~~~~~~~~~~~~~~~~~~~~~~~~~~~~~~~~~~~~~~~~~~~~~~~~
Mon 20 Oct 2025 07:30:01 PM PDT - Started Downloading images
Mon 20 Oct 2025 07:30:02 PM PDT - Completed downloading images
~~~~~~~~~~~~~~~~~~~~~~~~~~~~~~~~~~~~~~~~~~~~~~~~~
Mon 20 Oct 2025 08:00:01 PM PDT - Started Downloading images
Mon 20 Oct 2025 08:00:01 PM PDT - Completed downloading images
~~~~~~~~~~~~~~~~~~~~~~~~~~~~~~~~~~~~~~~~~~~~~~~~~
Mon 20 Oct 2025 08:30:01 PM PDT - Started Downloading images
Mon 20 Oct 2025 08:30:01 PM PDT - Completed downloading images
~~~~~~~~~~~~~~~~~~~~~~~~~~~~~~~~~~~~~~~~~~~~~~~~~
Mon 20 Oct 2025 09:00:01 PM PDT - Started Downloading images
Mon 20 Oct 2025 09:00:02 PM PDT - Completed downloading images
~~~~~~~~~~~~~~~~~~~~~~~~~~~~~~~~~~~~~~~~~~~~~~~~~
Mon 20 Oct 2025 09:30:01 PM PDT - Started Downloading images
Mon 20 Oct 2025 09:30:01 PM PDT - Completed downloading images
~~~~~~~~~~~~~~~~~~~~~~~~~~~~~~~~~~~~~~~~~~~~~~~~~
Mon 20 Oct 2025 10:00:01 PM PDT - Started Downloading images
Mon 20 Oct 2025 10:00:02 PM PDT - Completed downloading images
~~~~~~~~~~~~~~~~~~~~~~~~~~~~~~~~~~~~~~~~~~~~~~~~~
Mon 20 Oct 2025 10:30:01 PM PDT - Started Downloading images
Mon 20 Oct 2025 10:30:01 PM PDT - Completed downloading images
~~~~~~~~~~~~~~~~~~~~~~~~~~~~~~~~~~~~~~~~~~~~~~~~~
Mon 20 Oct 2025 11:00:01 PM PDT - Started Downloading images
Mon 20 Oct 2025 11:00:02 PM PDT - Completed downloading images
~~~~~~~~~~~~~~~~~~~~~~~~~~~~~~~~~~~~~~~~~~~~~~~~~
Mon 20 Oct 2025 11:30:01 PM PDT - Started Downloading images
Mon 20 Oct 2025 11:30:01 PM PDT - Completed downloading images
~~~~~~~~~~~~~~~~~~~~~~~~~~~~~~~~~~~~~~~~~~~~~~~~~
Tue 21 Oct 2025 12:00:01 AM PDT - Started Downloading images
Tue 21 Oct 2025 12:00:02 AM PDT - Completed downloading images
~~~~~~~~~~~~~~~~~~~~~~~~~~~~~~~~~~~~~~~~~~~~~~~~~
Tue 21 Oct 2025 12:30:01 AM PDT - Started Downloading images
Tue 21 Oct 2025 12:30:01 AM PDT - Completed downloading images
~~~~~~~~~~~~~~~~~~~~~~~~~~~~~~~~~~~~~~~~~~~~~~~~~
Tue 21 Oct 2025 01:00:01 AM PDT - Started Downloading images
Tue 21 Oct 2025 01:00:02 AM PDT - Completed downloading images
~~~~~~~~~~~~~~~~~~~~~~~~~~~~~~~~~~~~~~~~~~~~~~~~~
Tue 21 Oct 2025 01:30:01 AM PDT - Started Downloading images
Tue 21 Oct 2025 01:30:02 AM PDT - Completed downloading images
~~~~~~~~~~~~~~~~~~~~~~~~~~~~~~~~~~~~~~~~~~~~~~~~~
Tue 21 Oct 2025 02:00:01 AM PDT - Started Downloading images
Tue 21 Oct 2025 02:00:01 AM PDT - Completed downloading images
~~~~~~~~~~~~~~~~~~~~~~~~~~~~~~~~~~~~~~~~~~~~~~~~~
Tue 21 Oct 2025 02:30:01 AM PDT - Started Downloading images
Tue 21 Oct 2025 02:30:02 AM PDT - Completed downloading images
~~~~~~~~~~~~~~~~~~~~~~~~~~~~~~~~~~~~~~~~~~~~~~~~~
Tue 21 Oct 2025 03:00:01 AM PDT - Started Downloading images
Tue 21 Oct 2025 03:00:01 AM PDT - Completed downloading images
~~~~~~~~~~~~~~~~~~~~~~~~~~~~~~~~~~~~~~~~~~~~~~~~~
Tue 21 Oct 2025 03:30:01 AM PDT - Started Downloading images
Tue 21 Oct 2025 03:30:02 AM PDT - Completed downloading images
~~~~~~~~~~~~~~~~~~~~~~~~~~~~~~~~~~~~~~~~~~~~~~~~~
Tue 21 Oct 2025 04:00:01 AM PDT - Started Downloading images
Tue 21 Oct 2025 04:00:02 AM PDT - Completed downloading images
~~~~~~~~~~~~~~~~~~~~~~~~~~~~~~~~~~~~~~~~~~~~~~~~~
Tue 21 Oct 2025 04:30:01 AM PDT - Started Downloading images
Tue 21 Oct 2025 04:30:01 AM PDT - Completed downloading images
~~~~~~~~~~~~~~~~~~~~~~~~~~~~~~~~~~~~~~~~~~~~~~~~~
Tue 21 Oct 2025 05:00:01 AM PDT - Started Downloading images
Tue 21 Oct 2025 05:00:02 AM PDT - Completed downloading images
~~~~~~~~~~~~~~~~~~~~~~~~~~~~~~~~~~~~~~~~~~~~~~~~~
Tue 21 Oct 2025 05:30:01 AM PDT - Started Downloading images
Tue 21 Oct 2025 05:30:01 AM PDT - Completed downloading images
~~~~~~~~~~~~~~~~~~~~~~~~~~~~~~~~~~~~~~~~~~~~~~~~~
Tue 21 Oct 2025 06:00:01 AM PDT - Started Downloading images
Tue 21 Oct 2025 06:00:02 AM PDT - Completed downloading images
~~~~~~~~~~~~~~~~~~~~~~~~~~~~~~~~~~~~~~~~~~~~~~~~~
Tue 21 Oct 2025 06:30:01 AM PDT - Started Downloading images
Tue 21 Oct 2025 06:30:02 AM PDT - Completed downloading images
~~~~~~~~~~~~~~~~~~~~~~~~~~~~~~~~~~~~~~~~~~~~~~~~~
Tue 21 Oct 2025 07:00:01 AM PDT - Started Downloading images
Tue 21 Oct 2025 07:00:01 AM PDT - Completed downloading images
~~~~~~~~~~~~~~~~~~~~~~~~~~~~~~~~~~~~~~~~~~~~~~~~~
Tue 21 Oct 2025 07:30:01 AM PDT - Started Downloading images
Tue 21 Oct 2025 07:30:02 AM PDT - Completed downloading images
~~~~~~~~~~~~~~~~~~~~~~~~~~~~~~~~~~~~~~~~~~~~~~~~~
Tue 21 Oct 2025 08:00:01 AM PDT - Started Downloading images
Tue 21 Oct 2025 08:00:01 AM PDT - Completed downloading images
~~~~~~~~~~~~~~~~~~~~~~~~~~~~~~~~~~~~~~~~~~~~~~~~~
Tue 21 Oct 2025 08:30:01 AM PDT - Started Downloading images
Tue 21 Oct 2025 08:30:02 AM PDT - Completed downloading images
~~~~~~~~~~~~~~~~~~~~~~~~~~~~~~~~~~~~~~~~~~~~~~~~~
Tue 21 Oct 2025 09:00:01 AM PDT - Started Downloading images
Tue 21 Oct 2025 09:00:01 AM PDT - Completed downloading images
~~~~~~~~~~~~~~~~~~~~~~~~~~~~~~~~~~~~~~~~~~~~~~~~~
Tue 21 Oct 2025 09:30:01 AM PDT - Started Downloading images
Tue 21 Oct 2025 09:30:02 AM PDT - Completed downloading images
~~~~~~~~~~~~~~~~~~~~~~~~~~~~~~~~~~~~~~~~~~~~~~~~~
Tue 21 Oct 2025 10:00:01 AM PDT - Started Downloading images
Tue 21 Oct 2025 10:00:01 AM PDT - Completed downloading images
~~~~~~~~~~~~~~~~~~~~~~~~~~~~~~~~~~~~~~~~~~~~~~~~~
Tue 21 Oct 2025 10:30:01 AM PDT - Started Downloading images
Tue 21 Oct 2025 10:30:02 AM PDT - Completed downloading images
~~~~~~~~~~~~~~~~~~~~~~~~~~~~~~~~~~~~~~~~~~~~~~~~~
Tue 21 Oct 2025 11:00:01 AM PDT - Started Downloading images
Tue 21 Oct 2025 11:00:01 AM PDT - Completed downloading images
~~~~~~~~~~~~~~~~~~~~~~~~~~~~~~~~~~~~~~~~~~~~~~~~~
Tue 21 Oct 2025 11:30:01 AM PDT - Started Downloading images
Tue 21 Oct 2025 11:30:02 AM PDT - Completed downloading images
~~~~~~~~~~~~~~~~~~~~~~~~~~~~~~~~~~~~~~~~~~~~~~~~~
Tue 21 Oct 2025 12:00:01 PM PDT - Started Downloading images
Tue 21 Oct 2025 12:00:02 PM PDT - Completed downloading images
~~~~~~~~~~~~~~~~~~~~~~~~~~~~~~~~~~~~~~~~~~~~~~~~~
Tue 21 Oct 2025 12:30:01 PM PDT - Started Downloading images
Tue 21 Oct 2025 12:30:02 PM PDT - Completed downloading images
~~~~~~~~~~~~~~~~~~~~~~~~~~~~~~~~~~~~~~~~~~~~~~~~~
Tue 21 Oct 2025 01:00:01 PM PDT - Started Downloading images
Tue 21 Oct 2025 01:00:01 PM PDT - Completed downloading images
~~~~~~~~~~~~~~~~~~~~~~~~~~~~~~~~~~~~~~~~~~~~~~~~~
Tue 21 Oct 2025 01:30:01 PM PDT - Started Downloading images
Tue 21 Oct 2025 01:30:02 PM PDT - Completed downloading images
~~~~~~~~~~~~~~~~~~~~~~~~~~~~~~~~~~~~~~~~~~~~~~~~~
Tue 21 Oct 2025 02:00:01 PM PDT - Started Downloading images
Tue 21 Oct 2025 02:00:01 PM PDT - Completed downloading images
~~~~~~~~~~~~~~~~~~~~~~~~~~~~~~~~~~~~~~~~~~~~~~~~~
Tue 21 Oct 2025 02:30:01 PM PDT - Started Downloading images
Tue 21 Oct 2025 02:30:02 PM PDT - Completed downloading images
~~~~~~~~~~~~~~~~~~~~~~~~~~~~~~~~~~~~~~~~~~~~~~~~~
Tue 21 Oct 2025 03:00:01 PM PDT - Started Downloading images
Tue 21 Oct 2025 03:00:01 PM PDT - Completed downloading images
~~~~~~~~~~~~~~~~~~~~~~~~~~~~~~~~~~~~~~~~~~~~~~~~~
